issue_date,target_time,lead_hours,turbine,p_hat,p_curve,v_eq,actual,baseline
2026-01-01,2026-01-01T01:00:00Z,1,STATION,0.6095364689826965,0.7124999761581421,8.814826965332031,0.9816666841506958,0.018333332613110542
2026-01-01,2026-01-01T02:00:00Z,2,STATION,0.5626940131187439,0.6846095323562622,8.191035270690918,0.9116666913032532,0.1483333259820938
2026-01-01,2026-01-01T03:00:00Z,3,STATION,0.44118016958236694,0.4485009014606476,6.8540496826171875,0.6891666650772095,0.2608333230018616
2026-01-01,2026-01-01T04:00:00Z,4,STATION,0.3797922730445862,0.2501785457134247,5.48571252822876,0.47749999165534973,0.23083333671092987
2026-01-01,2026-01-01T05:00:00Z,5,STATION,0.19513481855392456,0.1138036847114563,4.195552349090576,0.39666667580604553,0.1483333259820938
2026-01-01,2026-01-01T06:00:00Z,6,STATION,0.11761864274740219,0.09990521520376205,3.833934783935547,0.22166666388511658,0.09083333611488342
2026-01-01,2026-01-01T07:00:00Z,7,STATION,0.0777335837483406,0.06133788451552391,3.252929449081421,0.0716666653752327,0.06750000268220901
2026-01-01,2026-01-01T08:00:00Z,8,STATION,0.1059400886297226,0.027969371527433395,2.203676700592041,0.04916666820645332,0.36666667461395264
2026-01-01,2026-01-01T09:00:00Z,9,STATION,0.08388277143239975,0.0,1.2859076261520386,0.05000000074505806,0.18250000476837158
2026-01-01,2026-01-01T10:00:00Z,10,STATION,0.032748445868492126,0.024035468697547913,1.8553204536437988,0.009999999776482582,0.03583333268761635
2026-01-01,2026-01-01T11:00:00Z,11,STATION,0.05094527080655098,0.024166665971279144,1.946547269821167,0.009166666306555271,0.008333333767950535
2026-01-01,2026-01-01T12:00:00Z,12,STATION,0.10054752975702286,0.07466911524534225,3.4984354972839355,0.009999999776482582,0.018333332613110542
2026-01-01,2026-01-01T13:00:00Z,13,STATION,0.1425655037164688,0.03821573778986931,2.610888719558716,0.014999999664723873,0.05999999865889549
2026-01-01,2026-01-01T14:00:00Z,14,STATION,0.09528185427188873,0.02492515742778778,2.140692949295044,0.023333333432674408,0.03583333268761635
2026-01-01,2026-01-01T15:00:00Z,15,STATION,0.09658721089363098,0.0,1.3405048847198486,0.04333333298563957,0.018333332613110542
2026-01-01,2026-01-01T16:00:00Z,16,STATION,0.10940362513065338,0.0,0.5999317765235901,0.09666666388511658,0.030833333730697632
2026-01-01,2026-01-01T17:00:00Z,17,STATION,0.0954025536775589,0.0,1.1898859739303589,0.05249999836087227,0.014999999664723873
2026-01-01,2026-01-01T18:00:00Z,18,STATION,0.09420188516378403,0.0,0.7595549821853638,0.010833333246409893,0.009166666306555271
2026-01-01,2026-01-01T19:00:00Z,19,STATION,0.0632270872592926,0.0,0.6296311020851135,0.009999999776482582,0.013333333656191826
2026-01-01,2026-01-01T20:00:00Z,20,STATION,0.03936764597892761,0.0,0.48961901664733887,0.008333333767950535,0.10166666656732559
2026-01-01,2026-01-01T21:00:00Z,21,STATION,0.034794241189956665,0.0,0.5395801067352295,0.009999999776482582,0.21916666626930237
2026-01-01,2026-01-01T22:00:00Z,22,STATION,0.04810759425163269,0.0,0.4996286630630493,0.008333333767950535,0.9708333611488342
2026-01-01,2026-01-01T23:00:00Z,23,STATION,0.01231763232499361,0.0,0.6894634962081909,0.010833333246409893,0.9850000143051147
2026-01-01,2026-01-02T00:00:00Z,24,STATION,0.02102656289935112,0.0,1.2492467164993286,0.008333333767950535,0.9833333492279053
2026-01-01,2026-01-02T01:00:00Z,25,STATION,0.01008249819278717,0.0,0.5895827412605286,0.009999999776482582,0.018333332613110542
2026-01-01,2026-01-02T02:00:00Z,26,STATION,0.0,0.0,0.8996466398239136,0.009999999776482582,0.1483333259820938
2026-01-01,2026-01-02T03:00:00Z,27,STATION,0.0005092670326121151,0.0,1.2000956535339355,0.009999999776482582,0.2608333230018616
2026-01-01,2026-01-02T04:00:00Z,28,STATION,0.005289039108902216,0.024166665971279144,2.0272881984710693,0.02666666731238365,0.23083333671092987
2026-01-01,2026-01-02T05:00:00Z,29,STATION,0.03624521568417549,0.06430848687887192,3.351949691772461,0.18333333730697632,0.1483333259820938
2026-01-01,2026-01-02T06:00:00Z,30,STATION,0.10261078923940659,0.19495496153831482,5.014459609985352,0.3166666626930237,0.09083333611488342
2026-01-01,2026-01-02T07:00:00Z,31,STATION,0.21255700290203094,0.22208555042743683,5.2264275550842285,0.528333306312561,0.06750000268220901
2026-01-01,2026-01-02T08:00:00Z,32,STATION,0.36939674615859985,0.15759824216365814,4.64453649520874,0.7599999904632568,0.36666667461395264
2026-01-01,2026-01-02T09:00:00Z,33,STATION,0.3605937659740448,0.11441199481487274,4.286798477172852,0.8399999737739563,0.18250000476837158
2026-01-01,2026-01-02T10:00:00Z,34,STATION,0.38355523347854614,0.11156024038791656,4.0824456214904785,0.64083331823349,0.03583333268761635
2026-01-01,2026-01-02T11:00:00Z,35,STATION,0.19849911332130432,0.1333511769771576,4.4885125160217285,0.5299999713897705,0.008333333767950535
2026-01-01,2026-01-02T12:00:00Z,36,STATION,0.37149757146835327,0.11400698125362396,4.226046562194824,0.3608333468437195,0.018333332613110542
2026-01-01,2026-01-02T13:00:00Z,37,STATION,0.2364707589149475,0.11863779276609421,4.3975019454956055,0.40583333373069763,0.05999999865889549
2026-01-01,2026-01-02T14:00:00Z,38,STATION,0.25239163637161255,0.1778513789176941,4.8259077072143555,0.4466666579246521,0.03583333268761635
2026-01-01,2026-01-02T15:00:00Z,39,STATION,0.2663225829601288,0.25181660056114197,5.583996295928955,0.5258333086967468,0.018333332613110542
2026-01-01,2026-01-02T16:00:00Z,40,STATION,0.37045514583587646,0.3469231426715851,6.231883525848389,0.7566666603088379,0.030833333730697632
2026-01-01,2026-01-02T17:00:00Z,41,STATION,0.41946274042129517,0.4144875705242157,6.462713718414307,0.8633333444595337,0.014999999664723873
2026-01-01,2026-01-02T18:00:00Z,42,STATION,0.4113839566707611,0.4167846739292145,6.479521751403809,0.39750000834465027,0.009166666306555271
2026-01-01,2026-01-02T19:00:00Z,43,STATION,0.3634902536869049,0.43225011229515076,6.592683792114258,0.25999999046325684,0.013333333656191826
2026-01-01,2026-01-02T20:00:00Z,44,STATION,0.4309293031692505,0.29332050681114197,5.9479827880859375,0.1966666728258133,0.10166666656732559
2026-01-01,2026-01-02T21:00:00Z,45,STATION,0.35147929191589355,0.24257402122020721,5.342400074005127,0.2824999988079071,0.21916666626930237
2026-01-01,2026-01-02T22:00:00Z,46,STATION,0.32164931297302246,0.19493965804576874,5.014276027679443,0.2691666781902313,0.9708333611488342
2026-01-01,2026-01-02T23:00:00Z,47,STATION,0.29543307423591614,0.19010229408740997,4.9562273025512695,0.1941666603088379,0.9850000143051147
2026-01-01,2026-01-03T00:00:00Z,48,STATION,0.2452249526977539,0.24991407990455627,5.469844341278076,0.22333332896232605,0.9833333492279053
2026-01-01,2026-01-01T01:00:00Z,1,T1,0.643488347530365,0.7133333086967468,8.814826965332031,0.9866666793823242,0.02666666731238365
2026-01-01,2026-01-01T02:00:00Z,2,T1,0.5408362150192261,0.6846069097518921,8.191035270690918,0.9116666913032532,0.2866666615009308
2026-01-01,2026-01-01T03:00:00Z,3,T1,0.42422062158584595,0.4579794704914093,6.8540496826171875,0.6883333325386047,0.5116666555404663
2026-01-01,2026-01-01T04:00:00Z,4,T1,0.3882881999015808,0.25647616386413574,5.48571252822876,0.46833333373069763,0.4516666531562805
2026-01-01,2026-01-01T05:00:00Z,5,T1,0.2247537076473236,0.11880367994308472,4.195552349090576,0.38999998569488525,0.1599999964237213
2026-01-01,2026-01-01T06:00:00Z,6,T1,0.12274721264839172,0.10476231575012207,3.833934783935547,0.22333332896232605,0.09000000357627869
2026-01-01,2026-01-01T07:00:00Z,7,T1,0.07994311302900314,0.06511718034744263,3.252929449081421,0.07000000029802322,0.05999999865889549
2026-01-01,2026-01-01T08:00:00Z,8,T1,0.12323343008756638,0.029196087270975113,2.203676700592041,0.04500000178813934,0.35333332419395447
2026-01-01,2026-01-01T09:00:00Z,9,T1,0.0690699964761734,0.0,1.2859076261520386,0.04833333194255829,0.1666666716337204
2026-01-01,2026-01-01T10:00:00Z,10,T1,0.06321609020233154,0.024737605825066566,1.8553204536437988,0.009999999776482582,0.036666665226221085
2026-01-01,2026-01-01T11:00:00Z,11,T1,0.07156646251678467,0.02500000037252903,1.946547269821167,0.009999999776482582,0.009999999776482582
2026-01-01,2026-01-01T12:00:00Z,12,T1,0.11380255222320557,0.08028629422187805,3.4984354972839355,0.009999999776482582,0.019999999552965164
2026-01-01,2026-01-01T13:00:00Z,13,T1,0.12869952619075775,0.03990592435002327,2.610888719558716,0.014999999664723873,0.05833333358168602
2026-01-01,2026-01-01T14:00:00Z,14,T1,0.0875243991613388,0.02583695389330387,2.140692949295044,0.02500000037252903,0.029999999329447746
2026-01-01,2026-01-01T15:00:00Z,15,T1,0.09866178780794144,0.0,1.3405048847198486,0.04500000178813934,0.021666666492819786
2026-01-01,2026-01-01T16:00:00Z,16,T1,0.09324180334806442,0.0,0.5999317765235901,0.09833333641290665,0.03500000014901161
2026-01-01,2026-01-01T17:00:00Z,17,T1,0.09422025084495544,0.0,1.1898859739303589,0.0533333346247673,0.019999999552965164
2026-01-01,2026-01-01T18:00:00Z,18,T1,0.0908915102481842,0.0,0.7595549821853638,0.011666666716337204,0.009999999776482582
2026-01-01,2026-01-01T19:00:00Z,19,T1,0.07774459570646286,0.0,0.6296311020851135,0.011666666716337204,0.011666666716337204
2026-01-01,2026-01-01T20:00:00Z,20,T1,0.025529395788908005,0.0,0.48961901664733887,0.009999999776482582,0.1066666692495346
2026-01-01,2026-01-01T21:00:00Z,21,T1,0.029405882582068443,0.0,0.5395801067352295,0.009999999776482582,0.2133333384990692
2026-01-01,2026-01-01T22:00:00Z,22,T1,0.05617622286081314,0.0,0.4996286630630493,0.009999999776482582,0.9783333539962769
2026-01-01,2026-01-01T23:00:00Z,23,T1,0.0,0.0,0.6894634962081909,0.011666666716337204,0.9900000095367432
2026-01-01,2026-01-02T00:00:00Z,24,T1,0.023590417578816414,0.0,1.2492467164993286,0.009999999776482582,0.9900000095367432
2026-01-01,2026-01-02T01:00:00Z,25,T1,0.0004711671790573746,0.0,0.5895827412605286,0.009999999776482582,0.02666666731238365
2026-01-01,2026-01-02T02:00:00Z,26,T1,0.0,0.0,0.8996466398239136,0.009999999776482582,0.2866666615009308
2026-01-01,2026-01-02T03:00:00Z,27,T1,0.0010185340652242303,0.0,1.2000956535339355,0.009999999776482582,0.5116666555404663
2026-01-01,2026-01-02T04:00:00Z,28,T1,0.010578078217804432,0.02500000037252903,2.0272881984710693,0.02666666731238365,0.4516666531562805
2026-01-01,2026-01-02T05:00:00Z,29,T1,0.05957295745611191,0.0690779834985733,3.351949691772461,0.18833333253860474,0.1599999964237213
2026-01-01,2026-01-02T06:00:00Z,30,T1,0.1107073575258255,0.2004198282957077,5.014459609985352,0.3283333480358124,0.09000000357627869
2026-01-01,2026-01-02T07:00:00Z,31,T1,0.23307383060455322,0.2282569855451584,5.2264275550842285,0.5266666412353516,0.05999999865889549
2026-01-01,2026-01-02T08:00:00Z,32,T1,0.39415308833122253,0.1606777161359787,4.64453649520874,0.7383333444595337,0.35333332419395447
2026-01-01,2026-01-02T09:00:00Z,33,T1,0.397882342338562,0.11941199004650116,4.286798477172852,0.8050000071525574,0.1666666716337204
2026-01-01,2026-01-02T10:00:00Z,34,T1,0.4112681448459625,0.11648932099342346,4.0824456214904785,0.6499999761581421,0.036666665226221085
2026-01-01,2026-01-02T11:00:00Z,35,T1,0.22490623593330383,0.13740524649620056,4.4885125160217285,0.5199999809265137,0.009999999776482582
2026-01-01,2026-01-02T12:00:00Z,36,T1,0.32383930683135986,0.11900697648525238,4.226046562194824,0.36000001430511475,0.019999999552965164
2026-01-01,2026-01-02T13:00:00Z,37,T1,0.2566095292568207,0.12345027923583984,4.3975019454956055,0.38499999046325684,0.05833333358168602
2026-01-01,2026-01-02T14:00:00Z,38,T1,0.25517547130584717,0.18244227766990662,4.8259077072143555,0.44333332777023315,0.029999999329447746
2026-01-01,2026-01-02T15:00:00Z,39,T1,0.2825565040111542,0.2577866315841675,5.583996295928955,0.4983333349227905,0.021666666492819786
2026-01-01,2026-01-02T16:00:00Z,40,T1,0.39137110114097595,0.3539430499076843,6.231883525848389,0.75,0.03500000014901161
2026-01-01,2026-01-02T17:00:00Z,41,T1,0.47001883387565613,0.4233618676662445,6.462713718414307,0.8349999785423279,0.019999999552965164
2026-01-01,2026-01-02T18:00:00Z,42,T1,0.37901145219802856,0.4256029427051544,6.479521751403809,0.3933333456516266,0.009999999776482582
2026-01-01,2026-01-02T19:00:00Z,43,T1,0.35304558277130127,0.44069117307662964,6.592683792114258,0.28333333134651184,0.011666666716337204
2026-01-01,2026-01-02T20:00:00Z,44,T1,0.4335680603981018,0.3008023500442505,5.9479827880859375,0.21666666865348816,0.1066666692495346
2026-01-01,2026-01-02T21:00:00Z,45,T1,0.3702060282230377,0.24913202226161957,5.342400074005127,0.2966666519641876,0.2133333384990692
2026-01-01,2026-01-02T22:00:00Z,46,T1,0.33966630697250366,0.20040391385555267,5.014276027679443,0.28999999165534973,0.9783333539962769
2026-01-01,2026-01-02T23:00:00Z,47,T1,0.31624796986579895,0.1953730583190918,4.9562273025512695,0.20999999344348907,0.9900000095367432
2026-01-01,2026-01-03T00:00:00Z,48,T1,0.28207701444625854,0.2562645971775055,5.469844341278076,0.2199999988079071,0.9900000095367432
2026-01-01,2026-01-01T01:00:00Z,1,T2,0.5755845308303833,0.7116666436195374,8.814826965332031,0.9766666889190674,0.009999999776482582
2026-01-01,2026-01-01T02:00:00Z,2,T2,0.5845518708229065,0.6846121549606323,8.191035270690918,0.9116666913032532,0.009999999776482582
2026-01-01,2026-01-01T03:00:00Z,3,T2,0.45813968777656555,0.4390223026275635,6.8540496826171875,0.6899999976158142,0.009999999776482582
2026-01-01,2026-01-01T04:00:00Z,4,T2,0.37129637598991394,0.24388092756271362,5.48571252822876,0.4866666793823242,0.009999999776482582
2026-01-01,2026-01-01T05:00:00Z,5,T2,0.1655159443616867,0.10880368202924728,4.195552349090576,0.4033333361148834,0.1366666704416275
2026-01-01,2026-01-01T06:00:00Z,6,T2,0.11249008029699326,0.09504811465740204,3.833934783935547,0.2199999988079071,0.09166666865348816
2026-01-01,2026-01-01T07:00:00Z,7,T2,0.07552405446767807,0.057558588683605194,3.252929449081421,0.07333333045244217,0.07500000298023224
2026-01-01,2026-01-01T08:00:00Z,8,T2,0.08864675462245941,0.02674265392124653,2.203676700592041,0.0533333346247673,0.3799999952316284
2026-01-01,2026-01-01T09:00:00Z,9,T2,0.0986955538392067,0.0,1.2859076261520386,0.05166666582226753,0.19833333790302277
2026-01-01,2026-01-01T10:00:00Z,10,T2,0.0022808045614510775,0.023333333432674408,1.8553204536437988,0.009999999776482582,0.03500000014901161
2026-01-01,2026-01-01T11:00:00Z,11,T2,0.030324077233672142,0.023333333432674408,1.946547269821167,0.008333333767950535,0.006666666828095913
2026-01-01,2026-01-01T12:00:00Z,12,T2,0.08729250729084015,0.06905193626880646,3.4984354972839355,0.009999999776482582,0.01666666753590107
2026-01-01,2026-01-01T13:00:00Z,13,T2,0.15643148124217987,0.036525554955005646,2.610888719558716,0.014999999664723873,0.061666667461395264
2026-01-01,2026-01-01T14:00:00Z,14,T2,0.10303930938243866,0.02401335909962654,2.140692949295044,0.021666666492819786,0.0416666679084301
2026-01-01,2026-01-01T15:00:00Z,15,T2,0.09451262652873993,0.0,1.3405048847198486,0.0416666679084301,0.014999999664723873
2026-01-01,2026-01-01T16:00:00Z,16,T2,0.12556543946266174,0.0,0.5999317765235901,0.0949999988079071,0.02666666731238365
2026-01-01,2026-01-01T17:00:00Z,17,T2,0.09658485651016235,0.0,1.1898859739303589,0.05166666582226753,0.009999999776482582
2026-01-01,2026-01-01T18:00:00Z,18,T2,0.09751226007938385,0.0,0.7595549821853638,0.009999999776482582,0.008333333767950535
2026-01-01,2026-01-01T19:00:00Z,19,T2,0.048709578812122345,0.0,0.6296311020851135,0.008333333767950535,0.014999999664723873
2026-01-01,2026-01-01T20:00:00Z,20,T2,0.05320589616894722,0.0,0.48961901664733887,0.006666666828095913,0.09666666388511658
2026-01-01,2026-01-01T21:00:00Z,21,T2,0.040182601660490036,0.0,0.5395801067352295,0.009999999776482582,0.22499999403953552
2026-01-01,2026-01-01T22:00:00Z,22,T2,0.04003896936774254,0.0,0.4996286630630493,0.006666666828095913,0.9633333086967468
2026-01-01,2026-01-01T23:00:00Z,23,T2,0.02463526464998722,0.0,0.6894634962081909,0.009999999776482582,0.9800000190734863
2026-01-01,2026-01-02T00:00:00Z,24,T2,0.018462708219885826,0.0,1.2492467164993286,0.006666666828095913,0.9766666889190674
2026-01-01,2026-01-02T01:00:00Z,25,T2,0.019693829119205475,0.0,0.5895827412605286,0.009999999776482582,0.009999999776482582
2026-01-01,2026-01-02T02:00:00Z,26,T2,0.0,0.0,0.8996466398239136,0.009999999776482582,0.009999999776482582
2026-01-01,2026-01-02T03:00:00Z,27,T2,0.0,0.0,1.2000956535339355,0.009999999776482582,0.009999999776482582
2026-01-01,2026-01-02T04:00:00Z,28,T2,0.0,0.023333333432674408,2.0272881984710693,0.02666666731238365,0.009999999776482582
2026-01-01,2026-01-02T05:00:00Z,29,T2,0.012917476706206799,0.05953899398446083,3.351949691772461,0.1783333271741867,0.1366666704416275
2026-01-01,2026-01-02T06:00:00Z,30,T2,0.09451422095298767,0.18949009478092194,5.014459609985352,0.3050000071525574,0.09166666865348816
2026-01-01,2026-01-02T07:00:00Z,31,T2,0.19204016029834747,0.21591413021087646,5.2264275550842285,0.5299999713897705,0.07500000298023224
2026-01-01,2026-01-02T08:00:00Z,32,T2,0.3446404039859772,0.15451876819133759,4.64453649520874,0.7816666960716248,0.3799999952316284
2026-01-01,2026-01-02T09:00:00Z,33,T2,0.3233051896095276,0.10941199213266373,4.286798477172852,0.875,0.19833333790302277
2026-01-01,2026-01-02T10:00:00Z,34,T2,0.35584235191345215,0.10663116723299026,4.0824456214904785,0.6316666603088379,0.03500000014901161
2026-01-01,2026-01-02T11:00:00Z,35,T2,0.1720919907093048,0.12929710745811462,4.4885125160217285,0.5400000214576721,0.006666666828095913
2026-01-01,2026-01-02T12:00:00Z,36,T2,0.4191558361053467,0.10900697857141495,4.226046562194824,0.3616666793823242,0.01666666753590107
2026-01-01,2026-01-02T13:00:00Z,37,T2,0.21633197367191315,0.11382531374692917,4.3975019454956055,0.4266666769981384,0.061666667461395264
2026-01-01,2026-01-02T14:00:00Z,38,T2,0.24960778653621674,0.17326048016548157,4.8259077072143555,0.44999998807907104,0.0416666679084301
2026-01-01,2026-01-02T15:00:00Z,39,T2,0.2500886619091034,0.24584659934043884,5.583996295928955,0.5533333420753479,0.014999999664723873
2026-01-01,2026-01-02T16:00:00Z,40,T2,0.349539190530777,0.33990320563316345,6.231883525848389,0.7633333206176758,0.02666666731238365
2026-01-01,2026-01-02T17:00:00Z,41,T2,0.3689066469669342,0.4056132733821869,6.462713718414307,0.8916666507720947,0.009999999776482582
2026-01-01,2026-01-02T18:00:00Z,42,T2,0.44375643134117126,0.40796640515327454,6.479521751403809,0.40166667103767395,0.008333333767950535
2026-01-01,2026-01-02T19:00:00Z,43,T2,0.37393489480018616,0.4238090515136719,6.592683792114258,0.23666666448116302,0.014999999664723873
2026-01-01,2026-01-02T20:00:00Z,44,T2,0.4282905161380768,0.28583863377571106,5.9479827880859375,0.17666666209697723,0.09666666388511658
2026-01-01,2026-01-02T21:00:00Z,45,T2,0.3327525854110718,0.23601602017879486,5.342400074005127,0.2683333456516266,0.22499999403953552
2026-01-01,2026-01-02T22:00:00Z,46,T2,0.30363234877586365,0.189475417137146,5.014276027679443,0.24833333492279053,0.9633333086967468
2026-01-01,2026-01-02T23:00:00Z,47,T2,0.27461814880371094,0.18483152985572815,4.9562273025512695,0.1783333271741867,0.9800000190734863
2026-01-01,2026-01-03T00:00:00Z,48,T2,0.20837287604808807,0.24356356263160706,5.469844341278076,0.2266666740179062,0.9766666889190674
2026-01-02,2026-01-02T01:00:00Z,1,STATION,0.002930029993876815,0.0,1.1099523305892944,0.009999999776482582,0.9816666841506958
2026-01-02,2026-01-02T02:00:00Z,2,STATION,0.01149248518049717,0.0,0.6802088022232056,0.009999999776482582,0.9116666913032532
2026-01-02,2026-01-02T03:00:00Z,3,STATION,0.000699666328728199,0.0,0.7400580644607544,0.009999999776482582,0.6891666650772095
2026-01-02,2026-01-02T04:00:00Z,4,STATION,2.662822043930646e-05,0.0,1.4092224836349487,0.02666666731238365,0.47749999165534973
2026-01-02,2026-01-02T05:00:00Z,5,STATION,0.02094700001180172,0.05435778573155403,2.8653666973114014,0.18333333730697632,0.39666667580604553
2026-01-02,2026-01-02T06:00:00Z,6,STATION,0.1414526253938675,0.16436055302619934,4.705094337463379,0.3166666626930237,0.22166666388511658
2026-01-02,2026-01-02T07:00:00Z,7,STATION,0.2204962968826294,0.249844029545784,5.465641975402832,0.528333306312561,0.0716666653752327
2026-01-02,2026-01-02T08:00:00Z,8,STATION,0.4663236737251282,0.17522946000099182,4.802428245544434,0.7599999904632568,0.04916666820645332
2026-01-02,2026-01-02T09:00:00Z,9,STATION,0.4466571509838104,0.11393819004297256,4.215728759765625,0.8399999737739563,0.05000000074505806
2026-01-02,2026-01-02T10:00:00Z,10,STATION,0.40756064653396606,0.11351146548986435,4.15172004699707,0.64083331823349,0.009999999776482582
2026-01-02,2026-01-02T11:00:00Z,11,STATION,0.20008155703544617,0.17258785665035248,4.778771877288818,0.5299999713897705,0.009166666306555271
2026-01-02,2026-01-02T12:00:00Z,12,STATION,0.3978513479232788,0.16151995956897736,4.679656505584717,0.3608333468437195,0.009999999776482582
2026-01-02,2026-01-02T13:00:00Z,13,STATION,0.38062459230422974,0.13380610942840576,4.491326332092285,0.40583333373069763,0.014999999664723873
2026-01-02,2026-01-02T14:00:00Z,14,STATION,0.26608848571777344,0.1881570667028427,4.932884693145752,0.4466666579246521,0.023333333432674408
2026-01-02,2026-01-02T15:00:00Z,15,STATION,0.3330203592777252,0.24845550954341888,5.382330894470215,0.5258333086967468,0.04333333298563957
2026-01-02,2026-01-02T16:00:00Z,16,STATION,0.41407904028892517,0.3106042742729187,6.1383585929870605,0.7566666603088379,0.09666666388511658
2026-01-02,2026-01-02T17:00:00Z,17,STATION,0.4384215474128723,0.44044432044029236,6.698115825653076,0.8633333444595337,0.05249999836087227
2026-01-02,2026-01-02T18:00:00Z,18,STATION,0.41498374938964844,0.44628334045410156,6.811129093170166,0.39750000834465027,0.010833333246409893
2026-01-02,2026-01-02T19:00:00Z,19,STATION,0.4424307942390442,0.44070419669151306,6.703145503997803,0.25999999046325684,0.009999999776482582
2026-01-02,2026-01-02T20:00:00Z,20,STATION,0.38485828042030334,0.25219038128852844,5.606423854827881,0.1966666728258133,0.008333333767950535
2026-01-02,2026-01-02T21:00:00Z,21,STATION,0.30343806743621826,0.14810986816883087,4.579803466796875,0.2824999988079071,0.009999999776482582
2026-01-02,2026-01-02T22:00:00Z,22,STATION,0.2118035852909088,0.16978973150253296,4.753714084625244,0.2691666781902313,0.008333333767950535
2026-01-02,2026-01-02T23:00:00Z,23,STATION,0.2196875363588333,0.21284598112106323,5.17412805557251,0.1941666603088379,0.010833333246409893
2026-01-02,2026-01-03T00:00:00Z,24,STATION,0.24368762969970703,0.2940768301486969,5.959051132202148,0.22333332896232605,0.008333333767950535
2026-01-02,2026-01-03T01:00:00Z,25,STATION,0.36567559838294983,0.28501707315444946,5.851863384246826,0.19583334028720856,0.9816666841506958
2026-01-02,2026-01-03T02:00:00Z,26,STATION,0.28760623931884766,0.2943345308303833,5.962822437286377,0.17166666686534882,0.9116666913032532
2026-01-02,2026-01-03T03:00:00Z,27,STATION,0.27536261081695557,0.3015895187854767,6.068993091583252,0.27916666865348816,0.6891666650772095
2026-01-02,2026-01-03T04:00:00Z,28,STATION,0.2495274692773819,0.28219830989837646,5.832197666168213,0.18583333492279053,0.47749999165534973
2026-01-02,2026-01-03T05:00:00Z,29,STATION,0.3885449767112732,0.17848700284957886,4.831600189208984,0.15583333373069763,0.39666667580604553
2026-01-02,2026-01-03T06:00:00Z,30,STATION,0.2560437321662903,0.258022278547287,5.663527488708496,0.09166666865348816,0.22166666388511658
2026-01-02,2026-01-03T07:00:00Z,31,STATION,0.4107920527458191,0.2826915681362152,5.835638523101807,0.06833333522081375,0.0716666653752327
2026-01-02,2026-01-03T08:00:00Z,32,STATION,0.5742645859718323,0.25080782175064087,5.523468971252441,0.2083333283662796,0.04916666820645332
2026-01-02,2026-01-03T09:00:00Z,33,STATION,0.48749449849128723,0.2536102831363678,5.63274621963501,0.14416666328907013,0.05000000074505806
2026-01-02,2026-01-03T10:00:00Z,34,STATION,0.5534579157829285,0.28441914916038513,5.847691535949707,0.1850000023841858,0.009999999776482582
2026-01-02,2026-01-03T11:00:00Z,35,STATION,0.5195920467376709,0.3419642746448517,6.219113826751709,0.18666666746139526,0.009166666306555271
2026-01-02,2026-01-03T12:00:00Z,36,STATION,0.594984233379364,0.28116679191589355,5.825000762939453,0.25,0.009999999776482582
2026-01-02,2026-01-03T13:00:00Z,37,STATION,0.4049067795276642,0.40394309163093567,6.38555908203125,0.43666666746139526,0.014999999664723873
2026-01-02,2026-01-03T14:00:00Z,38,STATION,0.4389195144176483,0.3101089894771576,6.137083053588867,0.3558333218097687,0.023333333432674408
2026-01-02,2026-01-03T15:00:00Z,39,STATION,0.4175625741481781,0.28867363929748535,5.879980087280273,0.3566666543483734,0.04333333298563957
2026-01-02,2026-01-03T16:00:00Z,40,STATION,0.405786395072937,0.2594229280948639,5.673299312591553,0.4583333432674408,0.09666666388511658
2026-01-02,2026-01-03T17:00:00Z,41,STATION,0.29470667243003845,0.29105091094970703,5.914769172668457,0.22583332657814026,0.05249999836087227
2026-01-02,2026-01-03T18:00:00Z,42,STATION,0.38234272599220276,0.42314305901527405,6.5260467529296875,0.19333332777023315,0.010833333246409893
2026-01-02,2026-01-03T19:00:00Z,43,STATION,0.48217105865478516,0.4065088629722595,6.404333114624023,0.2708333432674408,0.009999999776482582
2026-01-02,2026-01-03T20:00:00Z,44,STATION,0.4321179986000061,0.30074605345726013,6.056649208068848,0.18000000715255737,0.008333333767950535
2026-01-02,2026-01-03T21:00:00Z,45,STATION,0.3996186852455139,0.2560594975948334,5.649833679199219,0.3241666555404663,0.009999999776482582
2026-01-02,2026-01-03T22:00:00Z,46,STATION,0.332525372505188,0.3343007564544678,6.1993794441223145,0.17749999463558197,0.008333333767950535
2026-01-02,2026-01-03T23:00:00Z,47,STATION,0.38610267639160156,0.4301285147666931,6.577159881591797,0.21250000596046448,0.010833333246409893
2026-01-02,2026-01-04T00:00:00Z,48,STATION,0.5185337662696838,0.4118802845478058,6.443636417388916,0.24416667222976685,0.008333333767950535
2026-01-02,2026-01-02T01:00:00Z,1,T1,0.0033296053297817707,0.0,1.1099523305892944,0.009999999776482582,0.9866666793823242
2026-01-02,2026-01-02T02:00:00Z,2,T1,0.009932366199791431,0.0,0.6802088022232056,0.009999999776482582,0.9116666913032532
2026-01-02,2026-01-02T03:00:00Z,3,T1,0.001399332657456398,0.0,0.7400580644607544,0.009999999776482582,0.6883333325386047
2026-01-02,2026-01-02T04:00:00Z,4,T1,5.325644087861292e-05,0.0,1.4092224836349487,0.02666666731238365,0.46833333373069763
2026-01-02,2026-01-02T05:00:00Z,5,T1,0.04189400002360344,0.05762689933180809,2.8653666973114014,0.18833333253860474,0.38999998569488525
2026-01-02,2026-01-02T06:00:00Z,6,T1,0.16259287297725677,0.16794468462467194,4.705094337463379,0.3283333480358124,0.22333332896232605
2026-01-02,2026-01-02T07:00:00Z,7,T1,0.24311380088329315,0.2562085688114166,5.465641975402832,0.5266666412353516,0.07000000029802322
2026-01-02,2026-01-02T08:00:00Z,8,T1,0.5094473361968994,0.17962469160556793,4.802428245544434,0.7383333444595337,0.04500000178813934
2026-01-02,2026-01-02T09:00:00Z,9,T1,0.5159502625465393,0.11893819272518158,4.215728759765625,0.8050000071525574,0.04833333194255829
2026-01-02,2026-01-02T10:00:00Z,10,T1,0.44629913568496704,0.11851146817207336,4.15172004699707,0.6499999761581421,0.009999999776482582
2026-01-02,2026-01-02T11:00:00Z,11,T1,0.21565932035446167,0.17678596079349518,4.778771877288818,0.5199999809265137,0.009999999776482582
2026-01-02,2026-01-02T12:00:00Z,12,T1,0.3909868896007538,0.16489210724830627,4.679656505584717,0.36000001430511475,0.009999999776482582
2026-01-02,2026-01-02T13:00:00Z,13,T1,0.36032891273498535,0.13783672451972961,4.491326332092285,0.38499999046325684,0.014999999664723873
2026-01-02,2026-01-02T14:00:00Z,14,T1,0.2767002284526825,0.19335001707077026,4.932884693145752,0.44333332777023315,0.02500000037252903
2026-01-02,2026-01-02T15:00:00Z,15,T1,0.3653894364833832,0.25509774684906006,5.382330894470215,0.4983333349227905,0.04500000178813934
2026-01-02,2026-01-02T16:00:00Z,16,T1,0.4171602427959442,0.31622132658958435,6.1383585929870605,0.75,0.09833333641290665
2026-01-02,2026-01-02T17:00:00Z,17,T1,0.44466105103492737,0.4491432309150696,6.698115825653076,0.8349999785423279,0.0533333346247673
2026-01-02,2026-01-02T18:00:00Z,18,T1,0.40053772926330566,0.4555473327636719,6.811129093170166,0.3933333456516266,0.011666666716337204
2026-01-02,2026-01-02T19:00:00Z,19,T1,0.4346098005771637,0.4494282603263855,6.703145503997803,0.28333333134651184,0.011666666716337204
2026-01-02,2026-01-02T20:00:00Z,20,T1,0.39799410104751587,0.2580856382846832,5.606423854827881,0.21666666865348816,0.009999999776482582
2026-01-02,2026-01-02T21:00:00Z,21,T1,0.31560325622558594,0.15140317380428314,4.579803466796875,0.2966666519641876,0.009999999776482582
2026-01-02,2026-01-02T22:00:00Z,22,T1,0.24491152167320251,0.17377902567386627,4.753714084625244,0.28999999165534973,0.009999999776482582
2026-01-02,2026-01-02T23:00:00Z,23,T1,0.24135370552539825,0.21884307265281677,5.17412805557251,0.20999999344348907,0.011666666716337204
2026-01-02,2026-01-03T00:00:00Z,24,T1,0.2363487035036087,0.3014295697212219,5.959051132202148,0.2199999988079071,0.009999999776482582
2026-01-02,2026-01-03T01:00:00Z,25,T1,0.38377106189727783,0.29311904311180115,5.851863384246826,0.19833333790302277,0.9866666793823242
2026-01-02,2026-01-03T02:00:00Z,26,T1,0.3221080005168915,0.3016432523727417,5.962822437286377,0.1783333271741867,0.9116666913032532
2026-01-02,2026-01-03T03:00:00Z,27,T1,0.28889772295951843,0.3076595962047577,6.068993091583252,0.2750000059604645,0.6883333325386047
2026-01-02,2026-01-03T04:00:00Z,28,T1,0.23749303817749023,0.29010361433029175,5.832197666168213,0.20666666328907013,0.46833333373069763
2026-01-02,2026-01-03T05:00:00Z,29,T1,0.4139074981212616,0.1831253468990326,4.831600189208984,0.17666666209697723,0.38999998569488525
2026-01-02,2026-01-03T06:00:00Z,30,T1,0.28345754742622375,0.26424089074134827,5.663527488708496,0.09000000357627869,0.22333332896232605
2026-01-02,2026-01-03T07:00:00Z,31,T1,0.44397062063217163,0.2906312644481659,5.835638523101807,0.07000000029802322,0.07000000029802322
2026-01-02,2026-01-03T08:00:00Z,32,T1,0.5885590314865112,0.2569795846939087,5.523468971252441,0.20999999344348907,0.04500000178813934
2026-01-02,2026-01-03T09:00:00Z,33,T1,0.4982571601867676,0.25952109694480896,5.63274621963501,0.1483333259820938,0.04833333194255829
2026-01-02,2026-01-03T10:00:00Z,34,T1,0.591141402721405,0.29247939586639404,5.847691535949707,0.1899999976158142,0.009999999776482582
2026-01-02,2026-01-03T11:00:00Z,35,T1,0.5172919034957886,0.3487926423549652,6.219113826751709,0.1899999976158142,0.009999999776482582
2026-01-02,2026-01-03T12:00:00Z,36,T1,0.5788645148277283,0.28900015354156494,5.825000762939453,0.273333340883255,0.009999999776482582
2026-01-02,2026-01-03T13:00:00Z,37,T1,0.46710672974586487,0.4130745530128479,6.38555908203125,0.4166666567325592,0.014999999664723873
2026-01-02,2026-01-03T14:00:00Z,38,T1,0.48584944009780884,0.31570690870285034,6.137083053588867,0.3566666543483734,0.02500000037252903
2026-01-02,2026-01-03T15:00:00Z,39,T1,0.4427020847797394,0.2969488799571991,5.879980087280273,0.3499999940395355,0.04500000178813934
2026-01-02,2026-01-03T16:00:00Z,40,T1,0.4317992329597473,0.2657392621040344,5.673299312591553,0.49166667461395264,0.09833333641290665
2026-01-02,2026-01-03T17:00:00Z,41,T1,0.32012295722961426,0.29892027378082275,5.914769172668457,0.24500000476837158,0.0533333346247673
2026-01-02,2026-01-03T18:00:00Z,42,T1,0.4538264274597168,0.4318062365055084,6.5260467529296875,0.20666666328907013,0.011666666716337204
2026-01-02,2026-01-03T19:00:00Z,43,T1,0.5292602777481079,0.41557776927948,6.404333114624023,0.2983333468437195,0.011666666716337204
2026-01-02,2026-01-03T20:00:00Z,44,T1,0.46648716926574707,0.3069601356983185,6.056649208068848,0.20000000298023224,0.009999999776482582
2026-01-02,2026-01-03T21:00:00Z,45,T1,0.4177533984184265,0.2621411681175232,5.649833679199219,0.34833332896232605,0.009999999776482582
2026-01-02,2026-01-03T22:00:00Z,46,T1,0.3498333692550659,0.3408331274986267,6.1993794441223145,0.20666666328907013,0.009999999776482582
2026-01-02,2026-01-03T23:00:00Z,47,T1,0.44324755668640137,0.43862131237983704,6.577159881591797,0.22833333909511566,0.011666666716337204
2026-01-02,2026-01-04T00:00:00Z,48,T1,0.5571278929710388,0.42081817984580994,6.443636417388916,0.2616666555404663,0.009999999776482582
2026-01-02,2026-01-02T01:00:00Z,1,T2,0.0025304544251412153,0.0,1.1099523305892944,0.009999999776482582,0.9766666889190674
2026-01-02,2026-01-02T02:00:00Z,2,T2,0.013052603229880333,0.0,0.6802088022232056,0.009999999776482582,0.9116666913032532
2026-01-02,2026-01-02T03:00:00Z,3,T2,0.0,0.0,0.7400580644607544,0.009999999776482582,0.6899999976158142
2026-01-02,2026-01-02T04:00:00Z,4,T2,0.0,0.0,1.4092224836349487,0.02666666731238365,0.4866666793823242
2026-01-02,2026-01-02T05:00:00Z,5,T2,0.0,0.05108867585659027,2.8653666973114014,0.1783333271741867,0.4033333361148834
2026-01-02,2026-01-02T06:00:00Z,6,T2,0.12031238526105881,0.16077643632888794,4.705094337463379,0.3050000071525574,0.2199999988079071
2026-01-02,2026-01-02T07:00:00Z,7,T2,0.19787879288196564,0.24347950518131256,5.465641975402832,0.5299999713897705,0.07333333045244217
2026-01-02,2026-01-02T08:00:00Z,8,T2,0.4232000410556793,0.1708342283964157,4.802428245544434,0.7816666960716248,0.0533333346247673
2026-01-02,2026-01-02T09:00:00Z,9,T2,0.37736406922340393,0.10893819481134415,4.215728759765625,0.875,0.05166666582226753
2026-01-02,2026-01-02T10:00:00Z,10,T2,0.3688221871852875,0.10851147025823593,4.15172004699707,0.6316666603088379,0.009999999776482582
2026-01-02,2026-01-02T11:00:00Z,11,T2,0.18450379371643066,0.16838975250720978,4.778771877288818,0.5400000214576721,0.008333333767950535
2026-01-02,2026-01-02T12:00:00Z,12,T2,0.40471580624580383,0.15814782679080963,4.679656505584717,0.3616666793823242,0.009999999776482582
2026-01-02,2026-01-02T13:00:00Z,13,T2,0.4009202718734741,0.1297754943370819,4.491326332092285,0.4266666769981384,0.014999999664723873
2026-01-02,2026-01-02T14:00:00Z,14,T2,0.25547677278518677,0.18296411633491516,4.932884693145752,0.44999998807907104,0.021666666492819786
2026-01-02,2026-01-02T15:00:00Z,15,T2,0.30065128207206726,0.2418132871389389,5.382330894470215,0.5533333420753479,0.0416666679084301
2026-01-02,2026-01-02T16:00:00Z,16,T2,0.41099783778190613,0.30498722195625305,6.1383585929870605,0.7633333206176758,0.0949999988079071
2026-01-02,2026-01-02T17:00:00Z,17,T2,0.4321820139884949,0.43174540996551514,6.698115825653076,0.8916666507720947,0.05166666582226753
2026-01-02,2026-01-02T18:00:00Z,18,T2,0.4294297695159912,0.43701934814453125,6.811129093170166,0.40166667103767395,0.009999999776482582
2026-01-02,2026-01-02T19:00:00Z,19,T2,0.4502517580986023,0.4319801330566406,6.703145503997803,0.23666666448116302,0.008333333767950535
2026-01-02,2026-01-02T20:00:00Z,20,T2,0.3717224597930908,0.24629513919353485,5.606423854827881,0.17666666209697723,0.006666666828095913
2026-01-02,2026-01-02T21:00:00Z,21,T2,0.2912728786468506,0.1448165625333786,4.579803466796875,0.2683333456516266,0.009999999776482582
2026-01-02,2026-01-02T22:00:00Z,22,T2,0.1786956489086151,0.16580045223236084,4.753714084625244,0.24833333492279053,0.006666666828095913
2026-01-02,2026-01-02T23:00:00Z,23,T2,0.19802136719226837,0.2068488895893097,5.17412805557251,0.1783333271741867,0.009999999776482582
2026-01-02,2026-01-03T00:00:00Z,24,T2,0.25102654099464417,0.2867240905761719,5.959051132202148,0.2266666740179062,0.006666666828095913
2026-01-02,2026-01-03T01:00:00Z,25,T2,0.34758010506629944,0.2769151031970978,5.851863384246826,0.19333332777023315,0.9766666889190674
2026-01-02,2026-01-03T02:00:00Z,26,T2,0.25310447812080383,0.2870257794857025,5.962822437286377,0.16500000655651093,0.9116666913032532
2026-01-02,2026-01-03T03:00:00Z,27,T2,0.2618275284767151,0.2955194413661957,6.068993091583252,0.28333333134651184,0.6899999976158142
2026-01-02,2026-01-03T04:00:00Z,28,T2,0.26156190037727356,0.2742930054664612,5.832197666168213,0.16500000655651093,0.4866666793823242
2026-01-02,2026-01-03T05:00:00Z,29,T2,0.3631824254989624,0.17384867370128632,4.831600189208984,0.13500000536441803,0.4033333361148834
2026-01-02,2026-01-03T06:00:00Z,30,T2,0.22862988710403442,0.2518036663532257,5.663527488708496,0.09333333373069763,0.2199999988079071
2026-01-02,2026-01-03T07:00:00Z,31,T2,0.37761348485946655,0.27475184202194214,5.835638523101807,0.06666667014360428,0.07333333045244217
2026-01-02,2026-01-03T08:00:00Z,32,T2,0.5599701404571533,0.24463604390621185,5.523468971252441,0.20666666328907013,0.0533333346247673
2026-01-02,2026-01-03T09:00:00Z,33,T2,0.4767318665981293,0.24769949913024902,5.63274621963501,0.14000000059604645,0.05166666582226753
2026-01-02,2026-01-03T10:00:00Z,34,T2,0.5157744884490967,0.2763589024543762,5.847691535949707,0.18000000715255737,0.009999999776482582
2026-01-02,2026-01-03T11:00:00Z,35,T2,0.5218921899795532,0.33513590693473816,6.219113826751709,0.18333333730697632,0.008333333767950535
2026-01-02,2026-01-03T12:00:00Z,36,T2,0.6111039519309998,0.27333346009254456,5.825000762939453,0.2266666740179062,0.009999999776482582
2026-01-02,2026-01-03T13:00:00Z,37,T2,0.3427068591117859,0.39481163024902344,6.38555908203125,0.4566666781902313,0.014999999664723873
2026-01-02,2026-01-03T14:00:00Z,38,T2,0.3919896185398102,0.30451107025146484,6.137083053588867,0.35499998927116394,0.021666666492819786
2026-01-02,2026-01-03T15:00:00Z,39,T2,0.3924230635166168,0.280398428440094,5.879980087280273,0.3633333444595337,0.0416666679084301
2026-01-02,2026-01-03T16:00:00Z,40,T2,0.3797735571861267,0.25310659408569336,5.673299312591553,0.42500001192092896,0.0949999988079071
2026-01-02,2026-01-03T17:00:00Z,41,T2,0.26929038763046265,0.2831815481185913,5.914769172668457,0.20666666328907013,0.05166666582226753
2026-01-02,2026-01-03T18:00:00Z,42,T2,0.31085899472236633,0.4144798815250397,6.5260467529296875,0.18000000715255737,0.009999999776482582
2026-01-02,2026-01-03T19:00:00Z,43,T2,0.4350818395614624,0.39743998646736145,6.404333114624023,0.2433333396911621,0.008333333767950535
2026-01-02,2026-01-03T20:00:00Z,44,T2,0.3977488577365875,0.2945319414138794,6.056649208068848,0.1599999964237213,0.006666666828095913
2026-01-02,2026-01-03T21:00:00Z,45,T2,0.3814840018749237,0.24997782707214355,5.649833679199219,0.30000001192092896,0.009999999776482582
2026-01-02,2026-01-03T22:00:00Z,46,T2,0.31521737575531006,0.32776838541030884,6.1993794441223145,0.1483333259820938,0.006666666828095913
2026-01-02,2026-01-03T23:00:00Z,47,T2,0.32895776629447937,0.4216357171535492,6.577159881591797,0.1966666728258133,0.009999999776482582
2026-01-02,2026-01-04T00:00:00Z,48,T2,0.479939728975296,0.402942419052124,6.443636417388916,0.2266666740179062,0.006666666828095913
2026-01-03,2026-01-03T01:00:00Z,1,STATION,0.29576995968818665,0.298910528421402,6.029788494110107,0.19583334028720856,0.009999999776482582
2026-01-03,2026-01-03T02:00:00Z,2,STATION,0.29537391662597656,0.2921442687511444,5.930769920349121,0.17166666686534882,0.009999999776482582
2026-01-03,2026-01-03T03:00:00Z,3,STATION,0.3307599723339081,0.2843216359615326,5.847011566162109,0.27916666865348816,0.009999999776482582
2026-01-03,2026-01-03T04:00:00Z,4,STATION,0.28941652178764343,0.28533878922462463,5.854107856750488,0.18583333492279053,0.02666666731238365
2026-01-03,2026-01-03T05:00:00Z,5,STATION,0.4050936996936798,0.24911342561244965,5.4218058586120605,0.15583333373069763,0.18333333730697632
2026-01-03,2026-01-03T06:00:00Z,6,STATION,0.39109063148498535,0.24913892149925232,5.423335552215576,0.09166666865348816,0.3166666626930237
2026-01-03,2026-01-03T07:00:00Z,7,STATION,0.4544622600078583,0.24349144101142883,5.347593307495117,0.06833333522081375,0.528333306312561
2026-01-03,2026-01-03T08:00:00Z,8,STATION,0.43878546357154846,0.2493067979812622,5.433408260345459,0.2083333283662796,0.7599999904632568
2026-01-03,2026-01-03T09:00:00Z,9,STATION,0.5310071706771851,0.2445656806230545,5.353673458099365,0.14416666328907013,0.8399999737739563
2026-01-03,2026-01-03T10:00:00Z,10,STATION,0.5806084275245667,0.25997745990753174,5.677168369293213,0.1850000023841858,0.64083331823349
2026-01-03,2026-01-03T11:00:00Z,11,STATION,0.5494625568389893,0.29819875955581665,6.01937198638916,0.18666666746139526,0.5299999713897705
2026-01-03,2026-01-03T12:00:00Z,12,STATION,0.5674592852592468,0.34014442563056946,6.214427471160889,0.25,0.3608333468437195
2026-01-03,2026-01-03T13:00:00Z,13,STATION,0.5898666381835938,0.3290666341781616,6.185901165008545,0.43666666746139526,0.40583333373069763
2026-01-03,2026-01-03T14:00:00Z,14,STATION,0.6003605127334595,0.2788715660572052,5.808987617492676,0.3558333218097687,0.4466666579246521
2026-01-03,2026-01-03T15:00:00Z,15,STATION,0.46300551295280457,0.28192177414894104,5.830268383026123,0.3566666543483734,0.5258333086967468
2026-01-03,2026-01-03T16:00:00Z,16,STATION,0.47881725430488586,0.2441711574792862,5.3514404296875,0.4583333432674408,0.7566666603088379
2026-01-03,2026-01-03T17:00:00Z,17,STATION,0.3104543685913086,0.2475338876247406,5.370474815368652,0.22583332657814026,0.8633333444595337
2026-01-03,2026-01-03T18:00:00Z,18,STATION,0.3862549662590027,0.18972791731357574,4.951735019683838,0.19333332777023315,0.39750000834465027
2026-01-03,2026-01-03T19:00:00Z,19,STATION,0.26001644134521484,0.21753782033920288,5.200685977935791,0.2708333432674408,0.25999999046325684
2026-01-03,2026-01-03T20:00:00Z,20,STATION,0.2812551259994507,0.24977266788482666,5.461359977722168,0.18000000715255737,0.1966666728258133
2026-01-03,2026-01-03T21:00:00Z,21,STATION,0.3160362243652344,0.2509711682796478,5.533270835876465,0.3241666555404663,0.2824999988079071
2026-01-03,2026-01-03T22:00:00Z,22,STATION,0.3565896451473236,0.2784256637096405,5.805876731872559,0.17749999463558197,0.2691666781902313
2026-01-03,2026-01-03T23:00:00Z,23,STATION,0.40039339661598206,0.2939662039279938,5.957432270050049,0.21250000596046448,0.1941666603088379
2026-01-03,2026-01-04T00:00:00Z,24,STATION,0.4223322570323944,0.46636807918548584,6.940395355224609,0.24416667222976685,0.22333332896232605
2026-01-03,2026-01-04T01:00:00Z,25,STATION,0.457152396440506,0.4433155953884125,6.753688812255859,0.3100000023841858,0.009999999776482582
2026-01-03,2026-01-04T02:00:00Z,26,STATION,0.4262005686759949,0.4450010359287262,6.786310195922852,0.3616666793823242,0.009999999776482582
2026-01-03,2026-01-04T03:00:00Z,27,STATION,0.3317045271396637,0.46726691722869873,6.943897247314453,0.3683333396911621,0.009999999776482582
2026-01-03,2026-01-04T04:00:00Z,28,STATION,0.3749367594718933,0.4028684198856354,6.377695560455322,0.29083332419395447,0.02666666731238365
2026-01-03,2026-01-04T05:00:00Z,29,STATION,0.2746759057044983,0.061463624238967896,3.2571208477020264,0.028333334252238274,0.18333333730697632
2026-01-03,2026-01-04T06:00:00Z,30,STATION,0.1058238074183464,0.024166665971279144,1.9040223360061646,0.09166666865348816,0.3166666626930237
2026-01-03,2026-01-04T07:00:00Z,31,STATION,0.051075611263513565,0.03810003772377968,2.5970046520233154,0.03500000014901161,0.528333306312561
2026-01-03,2026-01-04T08:00:00Z,32,STATION,0.13753923773765564,0.08022098243236542,3.569310426712036,0.009999999776482582,0.7599999904632568
2026-01-03,2026-01-04T09:00:00Z,33,STATION,0.18450145423412323,0.1295197457075119,4.464812755584717,0.009999999776482582,0.8399999737739563
2026-01-03,2026-01-04T10:00:00Z,34,STATION,0.26242297887802124,0.20974944531917572,5.156600475311279,0.01666666753590107,0.64083331823349
2026-01-03,2026-01-04T11:00:00Z,35,STATION,0.2769150137901306,0.20522557199001312,5.130993843078613,0.07333333045244217,0.5299999713897705
2026-01-03,2026-01-04T12:00:00Z,36,STATION,0.26256123185157776,0.5129044651985168,7.121705532073975,0.4975000023841858,0.3608333468437195
2026-01-03,2026-01-04T13:00:00Z,37,STATION,0.29703763127326965,0.5708680748939514,7.516757965087891,0.6299999952316284,0.40583333373069763
2026-01-03,2026-01-04T14:00:00Z,38,STATION,0.27510738372802734,0.6844407916069031,8.140424728393555,0.6266666650772095,0.4466666579246521
2026-01-03,2026-01-04T15:00:00Z,39,STATION,0.3577781021595001,0.6849467158317566,8.292201042175293,0.60916668176651,0.5258333086967468
2026-01-03,2026-01-04T16:00:00Z,40,STATION,0.4487576186656952,0.6781957149505615,7.900245189666748,0.35083332657814026,0.7566666603088379
2026-01-03,2026-01-04T17:00:00Z,41,STATION,0.4591705799102783,0.6674679517745972,7.849494934082031,0.3499999940395355,0.8633333444595337
2026-01-03,2026-01-04T18:00:00Z,42,STATION,0.43145450949668884,0.47368696331977844,6.968910217285156,0.7016666531562805,0.39750000834465027
2026-01-03,2026-01-04T19:00:00Z,43,STATION,0.4130012094974518,0.5019564628601074,7.0790510177612305,0.5,0.25999999046325684
2026-01-03,2026-01-04T20:00:00Z,44,STATION,0.4148106276988983,0.562563419342041,7.408435821533203,0.35333332419395447,0.1966666728258133
2026-01-03,2026-01-04T21:00:00Z,45,STATION,0.41182249784469604,0.5740354061126709,7.558070659637451,0.29499998688697815,0.2824999988079071
2026-01-03,2026-01-04T22:00:00Z,46,STATION,0.3518715798854828,0.5962031483650208,7.668313026428223,0.3866666555404663,0.2691666781902313
2026-01-03,2026-01-04T23:00:00Z,47,STATION,0.42616868019104004,0.5481309294700623,7.310842990875244,0.1525000035762787,0.1941666603088379
2026-01-03,2026-01-05T00:00:00Z,48,STATION,0.40784040093421936,0.4356726408004761,6.617726802825928,0.1733333319425583,0.22333332896232605
2026-01-03,2026-01-03T01:00:00Z,1,T1,0.31679433584213257,0.30543801188468933,6.029788494110107,0.19833333790302277,0.009999999776482582
2026-01-03,2026-01-03T02:00:00Z,2,T1,0.33039775490760803,0.2998269498348236,5.930769920349121,0.1783333271741867,0.009999999776482582
2026-01-03,2026-01-03T03:00:00Z,3,T1,0.3483384847640991,0.2923750877380371,5.847011566162109,0.2750000059604645,0.009999999776482582
2026-01-03,2026-01-03T04:00:00Z,4,T1,0.2528766989707947,0.29346320033073425,5.854107856750488,0.20666666328907013,0.02666666731238365
2026-01-03,2026-01-03T05:00:00Z,5,T1,0.43622687458992004,0.25562408566474915,5.4218058586120605,0.17666666209697723,0.18833333253860474
2026-01-03,2026-01-03T06:00:00Z,6,T1,0.44217926263809204,0.25564447045326233,5.423335552215576,0.09000000357627869,0.3283333480358124
2026-01-03,2026-01-03T07:00:00Z,7,T1,0.4870899021625519,0.25006675720214844,5.347593307495117,0.07000000029802322,0.5266666412353516
2026-01-03,2026-01-03T08:00:00Z,8,T1,0.4716149866580963,0.2557787597179413,5.433408260345459,0.20999999344348907,0.7383333444595337
2026-01-03,2026-01-03T09:00:00Z,9,T1,0.5666736960411072,0.25116124749183655,5.353673458099365,0.1483333259820938,0.8050000071525574
2026-01-03,2026-01-03T10:00:00Z,10,T1,0.6261755228042603,0.2663324773311615,5.677168369293213,0.1899999976158142,0.6499999761581421
2026-01-03,2026-01-03T11:00:00Z,11,T1,0.5613358616828918,0.30484774708747864,6.01937198638916,0.1899999976158142,0.5199999809265137
2026-01-03,2026-01-03T12:00:00Z,12,T1,0.5935155749320984,0.3469024896621704,6.214427471160889,0.273333340883255,0.36000001430511475
2026-01-03,2026-01-03T13:00:00Z,13,T1,0.5714282393455505,0.33539682626724243,6.185901165008545,0.4166666567325592,0.38499999046325684
2026-01-03,2026-01-03T14:00:00Z,14,T1,0.6124579310417175,0.2865447700023651,5.808987617492676,0.3566666543483734,0.44333332777023315
2026-01-03,2026-01-03T15:00:00Z,15,T1,0.4869266450405121,0.2898077964782715,5.830268383026123,0.3499999940395355,0.4983333349227905
2026-01-03,2026-01-03T16:00:00Z,16,T1,0.5359328389167786,0.2507593035697937,5.3514404296875,0.49166667461395264,0.75
2026-01-03,2026-01-03T17:00:00Z,17,T1,0.39912351965904236,0.2541854679584503,5.370474815368652,0.24500000476837158,0.8349999785423279
2026-01-03,2026-01-03T18:00:00Z,18,T1,0.4318821132183075,0.19498370587825775,4.951735019683838,0.20666666328907013,0.3933333456516266
2026-01-03,2026-01-03T19:00:00Z,19,T1,0.31505143642425537,0.22362343966960907,5.200685977935791,0.2983333468437195,0.28333333134651184
2026-01-03,2026-01-03T20:00:00Z,20,T1,0.3291041851043701,0.2561514675617218,5.461359977722168,0.20000000298023224,0.21666666865348816
2026-01-03,2026-01-03T21:00:00Z,21,T1,0.3556895852088928,0.25711026787757874,5.533270835876465,0.34833332896232605,0.2966666519641876
2026-01-03,2026-01-03T22:00:00Z,22,T1,0.40150225162506104,0.28606775403022766,5.805876731872559,0.20666666328907013,0.28999999165534973
2026-01-03,2026-01-03T23:00:00Z,23,T1,0.44338294863700867,0.3013378381729126,5.957432270050049,0.22833333909511566,0.20999999344348907
2026-01-03,2026-01-04T00:00:00Z,24,T1,0.46493497490882874,0.4750794768333435,6.940395355224609,0.2616666555404663,0.2199999988079071
2026-01-03,2026-01-04T01:00:00Z,25,T1,0.5086424350738525,0.4522923529148102,6.753688812255859,0.3166666626930237,0.009999999776482582
2026-01-03,2026-01-04T02:00:00Z,26,T1,0.4549514651298523,0.45414093136787415,6.786310195922852,0.3866666555404663,0.009999999776482582
2026-01-03,2026-01-04T03:00:00Z,27,T1,0.41667094826698303,0.4759316146373749,6.943897247314453,0.3866666555404663,0.009999999776482582
2026-01-03,2026-01-04T04:00:00Z,28,T1,0.3925707936286926,0.4120261073112488,6.377695560455322,0.3266666531562805,0.02666666731238365
2026-01-03,2026-01-04T05:00:00Z,29,T1,0.2805757522583008,0.0652848333120346,3.2571208477020264,0.02666666731238365,0.18833333253860474
2026-01-03,2026-01-04T06:00:00Z,30,T1,0.12089105695486069,0.02500000037252903,1.9040223360061646,0.09000000357627869,0.3283333480358124
2026-01-03,2026-01-04T07:00:00Z,31,T1,0.03902779147028923,0.039813365787267685,2.5970046520233154,0.038333334028720856,0.5266666412353516
2026-01-03,2026-01-04T08:00:00Z,32,T1,0.11282743513584137,0.0861925408244133,3.569310426712036,0.009999999776482582,0.7383333444595337
2026-01-03,2026-01-04T09:00:00Z,33,T1,0.1596120148897171,0.13377130031585693,4.464812755584717,0.009999999776482582,0.8050000071525574
2026-01-03,2026-01-04T10:00:00Z,34,T1,0.29839256405830383,0.21568810939788818,5.156600475311279,0.018333332613110542,0.6499999761581421
2026-01-03,2026-01-04T11:00:00Z,35,T1,0.25037550926208496,0.21107888221740723,5.130993843078613,0.07500000298023224,0.5199999809265137
2026-01-03,2026-01-04T12:00:00Z,36,T1,0.21623863279819489,0.5191984176635742,7.121705532073975,0.503333330154419,0.36000001430511475
2026-01-03,2026-01-04T13:00:00Z,37,T1,0.3173811137676239,0.5777325630187988,7.516757965087891,0.6083333492279053,0.38499999046325684
2026-01-03,2026-01-04T14:00:00Z,38,T1,0.25831007957458496,0.6842694878578186,8.140424728393555,0.6466666460037231,0.44333332777023315
2026-01-03,2026-01-04T15:00:00Z,39,T1,0.38217002153396606,0.6852813363075256,8.292201042175293,0.5933333039283752,0.4983333349227905
2026-01-03,2026-01-04T16:00:00Z,40,T1,0.45367249846458435,0.6766748428344727,7.900245189666748,0.3400000035762787,0.75
2026-01-03,2026-01-04T17:00:00Z,41,T1,0.44700101017951965,0.667076587677002,7.849494934082031,0.34166666865348816,0.8349999785423279
2026-01-03,2026-01-04T18:00:00Z,42,T1,0.4229414761066437,0.4820181727409363,6.968910217285156,0.6850000023841858,0.3933333456516266
2026-01-03,2026-01-04T19:00:00Z,43,T1,0.43849459290504456,0.5088191032409668,7.0790510177612305,0.4883333444595337,0.28333333134651184
2026-01-03,2026-01-04T20:00:00Z,44,T1,0.41597098112106323,0.5654560327529907,7.408435821533203,0.34833332896232605,0.21666666865348816
2026-01-03,2026-01-04T21:00:00Z,45,T1,0.43543824553489685,0.5824146866798401,7.558070659637451,0.2966666519641876,0.2966666519641876
2026-01-03,2026-01-04T22:00:00Z,46,T1,0.38460034132003784,0.6048707962036133,7.668313026428223,0.37833333015441895,0.28999999165534973
2026-01-03,2026-01-04T23:00:00Z,47,T1,0.4494289755821228,0.5509738326072693,7.310842990875244,0.16333332657814026,0.20999999344348907
2026-01-03,2026-01-05T00:00:00Z,48,T1,0.3673120141029358,0.444030225276947,6.617726802825928,0.17166666686534882,0.2199999988079071
2026-01-03,2026-01-03T01:00:00Z,1,T2,0.27474555373191833,0.292383074760437,6.029788494110107,0.19333332777023315,0.009999999776482582
2026-01-03,2026-01-03T02:00:00Z,2,T2,0.2603500485420227,0.2844615876674652,5.930769920349121,0.16500000655651093,0.009999999776482582
2026-01-03,2026-01-03T03:00:00Z,3,T2,0.31318148970603943,0.27626821398735046,5.847011566162109,0.28333333134651184,0.009999999776482582
2026-01-03,2026-01-03T04:00:00Z,4,T2,0.3259563148021698,0.277214378118515,5.854107856750488,0.16500000655651093,0.02666666731238365
2026-01-03,2026-01-03T05:00:00Z,5,T2,0.3739605247974396,0.24260278046131134,5.4218058586120605,0.13500000536441803,0.1783333271741867
2026-01-03,2026-01-03T06:00:00Z,6,T2,0.3400019705295563,0.2426333725452423,5.423335552215576,0.09333333373069763,0.3050000071525574
2026-01-03,2026-01-03T07:00:00Z,7,T2,0.4218346178531647,0.23691612482070923,5.347593307495117,0.06666667014360428,0.5299999713897705
2026-01-03,2026-01-03T08:00:00Z,8,T2,0.4059559404850006,0.24283482134342194,5.433408260345459,0.20666666328907013,0.7816666960716248
2026-01-03,2026-01-03T09:00:00Z,9,T2,0.49534061551094055,0.23797009885311127,5.353673458099365,0.14000000059604645,0.875
2026-01-03,2026-01-03T10:00:00Z,10,T2,0.535041332244873,0.253622442483902,5.677168369293213,0.18000000715255737,0.6316666603088379
2026-01-03,2026-01-03T11:00:00Z,11,T2,0.5375892519950867,0.29154977202415466,6.01937198638916,0.18333333730697632,0.5400000214576721
2026-01-03,2026-01-03T12:00:00Z,12,T2,0.54140305519104,0.3333863317966461,6.214427471160889,0.2266666740179062,0.3616666793823242
2026-01-03,2026-01-03T13:00:00Z,13,T2,0.6083049774169922,0.3227364420890808,6.185901165008545,0.4566666781902313,0.4266666769981384
2026-01-03,2026-01-03T14:00:00Z,14,T2,0.5882630944252014,0.2711983621120453,5.808987617492676,0.35499998927116394,0.44999998807907104
2026-01-03,2026-01-03T15:00:00Z,15,T2,0.43908438086509705,0.2740357518196106,5.830268383026123,0.3633333444595337,0.5533333420753479
2026-01-03,2026-01-03T16:00:00Z,16,T2,0.42170169949531555,0.23758302628993988,5.3514404296875,0.42500001192092896,0.7633333206176758
2026-01-03,2026-01-03T17:00:00Z,17,T2,0.22178518772125244,0.2408822923898697,5.370474815368652,0.20666666328907013,0.8916666507720947
2026-01-03,2026-01-03T18:00:00Z,18,T2,0.3406277894973755,0.18447214365005493,4.951735019683838,0.18000000715255737,0.40166667103767395
2026-01-03,2026-01-03T19:00:00Z,19,T2,0.2049814611673355,0.2114522010087967,5.200685977935791,0.2433333396911621,0.23666666448116302
2026-01-03,2026-01-03T20:00:00Z,20,T2,0.23340608179569244,0.24339386820793152,5.461359977722168,0.1599999964237213,0.17666666209697723
2026-01-03,2026-01-03T21:00:00Z,21,T2,0.2763828933238983,0.2448320835828781,5.533270835876465,0.30000001192092896,0.2683333456516266
2026-01-03,2026-01-03T22:00:00Z,22,T2,0.3116770386695862,0.27078354358673096,5.805876731872559,0.1483333259820938,0.24833333492279053
2026-01-03,2026-01-03T23:00:00Z,23,T2,0.35740384459495544,0.28659456968307495,5.957432270050049,0.1966666728258133,0.1783333271741867
2026-01-03,2026-01-04T00:00:00Z,24,T2,0.37972956895828247,0.4576566815376282,6.940395355224609,0.2266666740179062,0.2266666740179062
2026-01-03,2026-01-04T01:00:00Z,25,T2,0.40566232800483704,0.4343388080596924,6.753688812255859,0.3033333420753479,0.009999999776482582
2026-01-03,2026-01-04T02:00:00Z,26,T2,0.39744964241981506,0.43586114048957825,6.786310195922852,0.33666667342185974,0.009999999776482582
2026-01-03,2026-01-04T03:00:00Z,27,T2,0.24673809111118317,0.4586021900177002,6.943897247314453,0.3499999940395355,0.009999999776482582
2026-01-03,2026-01-04T04:00:00Z,28,T2,0.3573026955127716,0.393710732460022,6.377695560455322,0.2549999952316284,0.02666666731238365
2026-01-03,2026-01-04T05:00:00Z,29,T2,0.2687760591506958,0.057642415165901184,3.2571208477020264,0.029999999329447746,0.1783333271741867
2026-01-03,2026-01-04T06:00:00Z,30,T2,0.09075655043125153,0.023333333432674408,1.9040223360061646,0.09333333373069763,0.3050000071525574
2026-01-03,2026-01-04T07:00:00Z,31,T2,0.0631234347820282,0.03638671338558197,2.5970046520233154,0.03166666626930237,0.5299999713897705
2026-01-03,2026-01-04T08:00:00Z,32,T2,0.1622510552406311,0.07424943149089813,3.569310426712036,0.009999999776482582,0.7816666960716248
2026-01-03,2026-01-04T09:00:00Z,33,T2,0.20939090847969055,0.12526817619800568,4.464812755584717,0.009999999776482582,0.875
2026-01-03,2026-01-04T10:00:00Z,34,T2,0.22645342350006104,0.20381078124046326,5.156600475311279,0.014999999664723873,0.6316666603088379
2026-01-03,2026-01-04T11:00:00Z,35,T2,0.30345451831817627,0.19937226176261902,5.130993843078613,0.0716666653752327,0.5400000214576721
2026-01-03,2026-01-04T12:00:00Z,36,T2,0.3088838458061218,0.5066105127334595,7.121705532073975,0.49166667461395264,0.3616666793823242
2026-01-03,2026-01-04T13:00:00Z,37,T2,0.2766941487789154,0.5640036463737488,7.516757965087891,0.6516666412353516,0.4266666769981384
2026-01-03,2026-01-04T14:00:00Z,38,T2,0.29190465807914734,0.6846121549606323,8.140424728393555,0.6066666841506958,0.44999998807907104
2026-01-03,2026-01-04T15:00:00Z,39,T2,0.3333861827850342,0.6846121549606323,8.292201042175293,0.625,0.5533333420753479
2026-01-03,2026-01-04T16:00:00Z,40,T2,0.4438427686691284,0.6797165870666504,7.900245189666748,0.3616666793823242,0.7633333206176758
2026-01-03,2026-01-04T17:00:00Z,41,T2,0.4713401794433594,0.6678593754768372,7.849494934082031,0.3583333194255829,0.8916666507720947
2026-01-03,2026-01-04T18:00:00Z,42,T2,0.439967542886734,0.465355783700943,6.968910217285156,0.7183333039283752,0.40166667103767395
2026-01-03,2026-01-04T19:00:00Z,43,T2,0.387507826089859,0.49509379267692566,7.0790510177612305,0.5116666555404663,0.23666666448116302
2026-01-03,2026-01-04T20:00:00Z,44,T2,0.413650244474411,0.5596707463264465,7.408435821533203,0.3583333194255829,0.17666666209697723
2026-01-03,2026-01-04T21:00:00Z,45,T2,0.3882067799568176,0.5656561851501465,7.558070659637451,0.2933333218097687,0.2683333456516266
2026-01-03,2026-01-04T22:00:00Z,46,T2,0.31914278864860535,0.5875354409217834,7.668313026428223,0.39500001072883606,0.24833333492279053
2026-01-03,2026-01-04T23:00:00Z,47,T2,0.4029083847999573,0.5452880859375,7.310842990875244,0.14166666567325592,0.1783333271741867
2026-01-03,2026-01-05T00:00:00Z,48,T2,0.44836878776550293,0.4273150563240051,6.617726802825928,0.17499999701976776,0.2266666740179062
2026-01-04,2026-01-04T01:00:00Z,1,STATION,0.4343210756778717,0.45130595564842224,6.881711483001709,0.3100000023841858,0.19583334028720856
2026-01-04,2026-01-04T02:00:00Z,2,STATION,0.4374918043613434,0.46482521295547485,6.934383869171143,0.3616666793823242,0.17166666686534882
2026-01-04,2026-01-04T03:00:00Z,3,STATION,0.476070761680603,0.43102163076400757,6.583694934844971,0.3683333396911621,0.27916666865348816
2026-01-04,2026-01-04T04:00:00Z,4,STATION,0.217531219124794,0.11466340720653534,4.32451057434082,0.29083332419395447,0.18583333492279053
2026-01-04,2026-01-04T05:00:00Z,5,STATION,0.04871690273284912,0.06886540353298187,3.4243457317352295,0.028333334252238274,0.15583333373069763
2026-01-04,2026-01-04T06:00:00Z,6,STATION,0.08255869150161743,0.028798941522836685,2.2208402156829834,0.09166666865348816,0.09166666865348816
2026-01-04,2026-01-04T07:00:00Z,7,STATION,0.04952952265739441,0.06103452667593956,3.2428176403045654,0.03500000014901161,0.06833333522081375
2026-01-04,2026-01-04T08:00:00Z,8,STATION,0.13476787507534027,0.10925274342298508,4.027065753936768,0.009999999776482582,0.2083333283662796
2026-01-04,2026-01-04T09:00:00Z,9,STATION,0.21139609813690186,0.14069674909114838,4.53394889831543,0.009999999776482582,0.14416666328907013
2026-01-04,2026-01-04T10:00:00Z,10,STATION,0.2134735882282257,0.12854184210300446,4.45876407623291,0.01666666753590107,0.1850000023841858
2026-01-04,2026-01-04T11:00:00Z,11,STATION,0.15609224140644073,0.17756840586662292,4.823373794555664,0.07333333045244217,0.18666666746139526
2026-01-04,2026-01-04T12:00:00Z,12,STATION,0.17498503625392914,0.18904991447925568,4.943598747253418,0.4975000023841858,0.25
2026-01-04,2026-01-04T13:00:00Z,13,STATION,0.34401383996009827,0.35175248980522156,6.244319915771484,0.6299999952316284,0.43666666746139526
2026-01-04,2026-01-04T14:00:00Z,14,STATION,0.2908399999141693,0.48055770993232727,6.9956793785095215,0.6266666650772095,0.3558333218097687
2026-01-04,2026-01-04T15:00:00Z,15,STATION,0.3785962164402008,0.38044533133506775,6.318206787109375,0.60916668176651,0.3566666543483734
2026-01-04,2026-01-04T16:00:00Z,16,STATION,0.3168897032737732,0.4100501537322998,6.4302449226379395,0.35083332657814026,0.4583333432674408
2026-01-04,2026-01-04T17:00:00Z,17,STATION,0.3350450396537781,0.4900825619697571,7.03278923034668,0.3499999940395355,0.22583332657814026
2026-01-04,2026-01-04T18:00:00Z,18,STATION,0.42287471890449524,0.3779621124267578,6.311812400817871,0.7016666531562805,0.19333332777023315
2026-01-04,2026-01-04T19:00:00Z,19,STATION,0.27577996253967285,0.25046321749687195,5.502792835235596,0.5,0.2708333432674408
2026-01-04,2026-01-04T20:00:00Z,20,STATION,0.1935267448425293,0.16759489476680756,4.734058856964111,0.35333332419395447,0.18000000715255737
2026-01-04,2026-01-04T21:00:00Z,21,STATION,0.20859432220458984,0.11371753364801407,4.1826300621032715,0.29499998688697815,0.3241666555404663
2026-01-04,2026-01-04T22:00:00Z,22,STATION,0.22326010465621948,0.11398199945688248,4.222300052642822,0.3866666555404663,0.17749999463558197
2026-01-04,2026-01-04T23:00:00Z,23,STATION,0.16203758120536804,0.12785634398460388,4.454524040222168,0.1525000035762787,0.21250000596046448
2026-01-04,2026-01-05T00:00:00Z,24,STATION,0.2098732441663742,0.1261327862739563,4.443862438201904,0.1733333319425583,0.24416667222976685
2026-01-04,2026-01-05T01:00:00Z,25,STATION,0.37201789021492004,0.4086613655090332,6.420083045959473,0.08916666358709335,0.19583334028720856
2026-01-04,2026-01-05T02:00:00Z,26,STATION,0.2956624925136566,0.30046921968460083,6.052597999572754,0.011666666716337204,0.17166666686534882
2026-01-04,2026-01-05T03:00:00Z,27,STATION,0.2160753309726715,0.21165494620800018,5.167386531829834,0.009999999776482582,0.27916666865348816
2026-01-04,2026-01-05T04:00:00Z,28,STATION,0.11594395339488983,0.09921810775995255,3.8245651721954346,0.009999999776482582,0.18583333492279053
2026-01-04,2026-01-05T05:00:00Z,29,STATION,0.030075618997216225,0.05827946215867996,3.150982141494751,0.009166666306555271,0.15583333373069763
2026-01-04,2026-01-05T06:00:00Z,30,STATION,0.04013964906334877,0.05200031399726868,2.8300046920776367,0.008333333767950535,0.09166666865348816
2026-01-04,2026-01-05T07:00:00Z,31,STATION,0.02798759564757347,0.03637126460671425,2.3895516395568848,0.009999999776482582,0.06833333522081375
2026-01-04,2026-01-05T08:00:00Z,32,STATION,0.03641986474394798,0.024166665971279144,1.9493991136550903,0.023333333432674408,0.2083333283662796
2026-01-04,2026-01-05T09:00:00Z,33,STATION,0.039015114307403564,0.022728968411684036,1.6593453884124756,0.025833332911133766,0.14416666328907013
2026-01-04,2026-01-05T10:00:00Z,34,STATION,0.03291187807917595,0.0,1.4899760484695435,0.006666666828095913,0.1850000023841858
2026-01-04,2026-01-05T11:00:00Z,35,STATION,0.046110980212688446,0.03709303215146065,2.476163864135742,0.009999999776482582,0.18666666746139526
2026-01-04,2026-01-05T12:00:00Z,36,STATION,0.129065603017807,0.024166665971279144,2.1093504428863525,0.02916666679084301,0.25
2026-01-04,2026-01-05T13:00:00Z,37,STATION,0.19832471013069153,0.08403873443603516,3.6180477142333984,0.05999999865889549,0.43666666746139526
2026-01-04,2026-01-05T14:00:00Z,38,STATION,0.3250220715999603,0.246647447347641,5.365457057952881,0.07333333045244217,0.3558333218097687
2026-01-04,2026-01-05T15:00:00Z,39,STATION,0.3752667009830475,0.30795711278915405,6.131541728973389,0.10083333402872086,0.3566666543483734
2026-01-04,2026-01-05T16:00:00Z,40,STATION,0.4265071153640747,0.2506394386291504,5.513365745544434,0.13333334028720856,0.4583333432674408
2026-01-04,2026-01-05T17:00:00Z,41,STATION,0.443846732378006,0.20342223346233368,5.116066932678223,0.2574999928474426,0.22583332657814026
2026-01-04,2026-01-05T18:00:00Z,42,STATION,0.40997305512428284,0.22972293198108673,5.269658088684082,0.4449999928474426,0.19333332777023315
2026-01-04,2026-01-05T19:00:00Z,43,STATION,0.5056975483894348,0.19271977245807648,4.987637042999268,0.25999999046325684,0.2708333432674408
2026-01-04,2026-01-05T20:00:00Z,44,STATION,0.34676650166511536,0.25189903378486633,5.58894157409668,0.44749999046325684,0.18000000715255737
2026-01-04,2026-01-05T21:00:00Z,45,STATION,0.5832931399345398,0.249347984790802,5.435879230499268,0.5233333110809326,0.3241666555404663
2026-01-04,2026-01-05T22:00:00Z,46,STATION,0.4434012472629547,0.3021034002304077,6.076512813568115,0.8491666913032532,0.17749999463558197
2026-01-04,2026-01-05T23:00:00Z,47,STATION,0.5271082520484924,0.4445672035217285,6.777913570404053,0.971666693687439,0.21250000596046448
2026-01-04,2026-01-06T00:00:00Z,48,STATION,0.6416116952896118,0.5045270323753357,7.089066505432129,0.8349999785423279,0.24416667222976685
2026-01-04,2026-01-04T01:00:00Z,1,T1,0.49082979559898376,0.46079978346824646,6.881711483001709,0.3166666626930237,0.19833333790302277
2026-01-04,2026-01-04T02:00:00Z,2,T1,0.49722304940223694,0.4736167788505554,6.934383869171143,0.3866666555404663,0.1783333271741867
2026-01-04,2026-01-04T03:00:00Z,3,T1,0.4878500699996948,0.4394926428794861,6.583694934844971,0.3866666555404663,0.2750000059604645
2026-01-04,2026-01-04T04:00:00Z,4,T1,0.22388491034507751,0.11966340243816376,4.32451057434082,0.3266666531562805,0.20666666328907013
2026-01-04,2026-01-04T05:00:00Z,5,T1,0.05521157756447792,0.07411213219165802,3.4243457317352295,0.02666666731238365,0.17666666209697723
2026-01-04,2026-01-04T06:00:00Z,6,T1,0.09916725754737854,0.03011147677898407,2.2208402156829834,0.09000000357627869,0.09000000357627869
2026-01-04,2026-01-04T07:00:00Z,7,T1,0.054340727627277374,0.06471270322799683,3.2428176403045654,0.038333334028720856,0.07000000029802322
2026-01-04,2026-01-04T08:00:00Z,8,T1,0.12036124616861343,0.11408951878547668,4.027065753936768,0.009999999776482582,0.20999999344348907
2026-01-04,2026-01-04T09:00:00Z,9,T1,0.21784822642803192,0.14437216520309448,4.53394889831543,0.009999999776482582,0.1483333259820938
2026-01-04,2026-01-04T10:00:00Z,10,T1,0.23814836144447327,0.13284382224082947,4.45876407623291,0.018333332613110542,0.1899999976158142
2026-01-04,2026-01-04T11:00:00Z,11,T1,0.16006547212600708,0.18213818967342377,4.823373794555664,0.07500000298023224,0.1899999976158142
2026-01-04,2026-01-04T12:00:00Z,12,T1,0.17332611978054047,0.1942785680294037,4.943598747253418,0.503333330154419,0.273333340883255
2026-01-04,2026-01-04T13:00:00Z,13,T1,0.34284234046936035,0.3589589595794678,6.244319915771484,0.6083333492279053,0.4166666567325592
2026-01-04,2026-01-04T14:00:00Z,14,T1,0.317111074924469,0.4885319769382477,6.9956793785095215,0.6466666460037231,0.3566666543483734
2026-01-04,2026-01-04T15:00:00Z,15,T1,0.35068684816360474,0.38876011967658997,6.318206787109375,0.5933333039283752,0.3499999940395355
2026-01-04,2026-01-04T16:00:00Z,16,T1,0.32911503314971924,0.41903266310691833,6.4302449226379395,0.3400000035762787,0.49166667461395264
2026-01-04,2026-01-04T17:00:00Z,17,T1,0.34209969639778137,0.497562050819397,7.03278923034668,0.34166666865348816,0.24500000476837158
2026-01-04,2026-01-04T18:00:00Z,18,T1,0.4368371367454529,0.38618096709251404,6.311812400817871,0.6850000023841858,0.20666666328907013
2026-01-04,2026-01-04T19:00:00Z,19,T1,0.26986223459243774,0.2567039132118225,5.502792835235596,0.4883333444595337,0.2983333468437195
2026-01-04,2026-01-04T20:00:00Z,20,T1,0.2032601237297058,0.1714203804731369,4.734058856964111,0.34833332896232605,0.20000000298023224
2026-01-04,2026-01-04T21:00:00Z,21,T1,0.24108408391475677,0.11871753633022308,4.1826300621032715,0.2966666519641876,0.34833332896232605
2026-01-04,2026-01-04T22:00:00Z,22,T1,0.23904113471508026,0.11898200213909149,4.222300052642822,0.37833333015441895,0.20666666328907013
2026-01-04,2026-01-04T23:00:00Z,23,T1,0.16905348002910614,0.1321936547756195,4.454524040222168,0.16333332657814026,0.22833333909511566
2026-01-04,2026-01-05T00:00:00Z,24,T1,0.2251150757074356,0.13055893778800964,4.443862438201904,0.17166666686534882,0.2616666555404663
2026-01-04,2026-01-05T01:00:00Z,25,T1,0.33200985193252563,0.41767776012420654,6.420083045959473,0.08833333104848862,0.19833333790302277
2026-01-04,2026-01-05T02:00:00Z,26,T1,0.278080016374588,0.30673056840896606,6.052597999572754,0.009999999776482582,0.1783333271741867
2026-01-04,2026-01-05T03:00:00Z,27,T1,0.21571551263332367,0.2176295667886734,5.167386531829834,0.009999999776482582,0.2750000059604645
2026-01-04,2026-01-05T04:00:00Z,28,T1,0.15932251513004303,0.10413767397403717,3.8245651721954346,0.009999999776482582,0.20666666328907013
2026-01-04,2026-01-05T05:00:00Z,29,T1,0.03064453974366188,0.0610392801463604,3.150982141494751,0.009999999776482582,0.17666666209697723
2026-01-04,2026-01-05T06:00:00Z,30,T1,0.04134015738964081,0.05503368005156517,2.8300046920776367,0.009999999776482582,0.09000000357627869
2026-01-04,2026-01-05T07:00:00Z,31,T1,0.006578482687473297,0.0384303443133831,2.3895516395568848,0.009999999776482582,0.07000000029802322
2026-01-04,2026-01-05T08:00:00Z,32,T1,0.03205011785030365,0.02500000037252903,1.9493991136550903,0.02500000037252903,0.20999999344348907
2026-01-04,2026-01-05T09:00:00Z,33,T1,0.032532982528209686,0.022124605253338814,1.6593453884124756,0.02666666731238365,0.1483333259820938
2026-01-04,2026-01-05T10:00:00Z,34,T1,0.023227686062455177,0.0,1.4899760484695435,0.008333333767950535,0.1899999976158142
2026-01-04,2026-01-05T11:00:00Z,35,T1,0.07177361100912094,0.0390077568590641,2.476163864135742,0.009999999776482582,0.1899999976158142
2026-01-04,2026-01-05T12:00:00Z,36,T1,0.12361755967140198,0.02500000037252903,2.1093504428863525,0.03166666626930237,0.273333340883255
2026-01-04,2026-01-05T13:00:00Z,37,T1,0.24838921427726746,0.09025397896766663,3.6180477142333984,0.05833333358168602,0.4166666567325592
2026-01-04,2026-01-05T14:00:00Z,38,T1,0.38819411396980286,0.2532823085784912,5.365457057952881,0.07500000298023224,0.3566666543483734
2026-01-04,2026-01-05T15:00:00Z,39,T1,0.36561471223831177,0.3134719133377075,6.131541728973389,0.1066666692495346,0.3499999940395355
2026-01-04,2026-01-05T16:00:00Z,40,T1,0.4712056517601013,0.2568448781967163,5.513365745544434,0.14166666567325592,0.49166667461395264
2026-01-04,2026-01-05T17:00:00Z,41,T1,0.47251784801483154,0.20922578871250153,5.116066932678223,0.2800000011920929,0.24500000476837158
2026-01-04,2026-01-05T18:00:00Z,42,T1,0.41451168060302734,0.2360384613275528,5.269658088684082,0.46000000834465027,0.20666666328907013
2026-01-04,2026-01-05T19:00:00Z,43,T1,0.5251884460449219,0.19809521734714508,4.987637042999268,0.273333340883255,0.2983333468437195
2026-01-04,2026-01-05T20:00:00Z,44,T1,0.3213130831718445,0.25785255432128906,5.58894157409668,0.47333332896232605,0.20000000298023224
2026-01-04,2026-01-05T21:00:00Z,45,T1,0.5416558384895325,0.2558117210865021,5.435879230499268,0.5416666865348816,0.34833332896232605
2026-01-04,2026-01-05T22:00:00Z,46,T1,0.42973923683166504,0.30808573961257935,6.076512813568115,0.8816666603088379,0.20666666328907013
2026-01-04,2026-01-05T23:00:00Z,47,T1,0.5070938467979431,0.4536650776863098,6.777913570404053,0.9816666841506958,0.22833333909511566
2026-01-04,2026-01-06T00:00:00Z,48,T1,0.6070514917373657,0.5112561583518982,7.089066505432129,0.8533333539962769,0.2616666555404663
2026-01-04,2026-01-04T01:00:00Z,1,T2,0.37781235575675964,0.44181209802627563,6.881711483001709,0.3033333420753479,0.19333332777023315
2026-01-04,2026-01-04T02:00:00Z,2,T2,0.3777605891227722,0.4560336768627167,6.934383869171143,0.33666667342185974,0.16500000655651093
2026-01-04,2026-01-04T03:00:00Z,3,T2,0.46429142355918884,0.42255061864852905,6.583694934844971,0.3499999940395355,0.28333333134651184
2026-01-04,2026-01-04T04:00:00Z,4,T2,0.2111775279045105,0.10966340452432632,4.32451057434082,0.2549999952316284,0.16500000655651093
2026-01-04,2026-01-04T05:00:00Z,5,T2,0.04222222790122032,0.06361868232488632,3.4243457317352295,0.029999999329447746,0.13500000536441803
2026-01-04,2026-01-04T06:00:00Z,6,T2,0.06595012545585632,0.02748640812933445,2.2208402156829834,0.09333333373069763,0.09333333373069763
2026-01-04,2026-01-04T07:00:00Z,7,T2,0.044718317687511444,0.057356350123882294,3.2428176403045654,0.03166666626930237,0.06666667014360428
2026-01-04,2026-01-04T08:00:00Z,8,T2,0.1491745114326477,0.10441596806049347,4.027065753936768,0.009999999776482582,0.20666666328907013
2026-01-04,2026-01-04T09:00:00Z,9,T2,0.2049439698457718,0.13702131807804108,4.53394889831543,0.009999999776482582,0.14000000059604645
2026-01-04,2026-01-04T10:00:00Z,10,T2,0.18879880011081696,0.12423988431692123,4.45876407623291,0.014999999664723873,0.18000000715255737
2026-01-04,2026-01-04T11:00:00Z,11,T2,0.15211902558803558,0.17299862205982208,4.823373794555664,0.0716666653752327,0.18333333730697632
2026-01-04,2026-01-04T12:00:00Z,12,T2,0.1766439527273178,0.18382124602794647,4.943598747253418,0.49166667461395264,0.2266666740179062
2026-01-04,2026-01-04T13:00:00Z,13,T2,0.3451853394508362,0.34454602003097534,6.244319915771484,0.6516666412353516,0.4566666781902313
2026-01-04,2026-01-04T14:00:00Z,14,T2,0.26456892490386963,0.47258344292640686,6.9956793785095215,0.6066666841506958,0.35499998927116394
2026-01-04,2026-01-04T15:00:00Z,15,T2,0.40650561451911926,0.3721305727958679,6.318206787109375,0.625,0.3633333444595337
2026-01-04,2026-01-04T16:00:00Z,16,T2,0.30466434359550476,0.4010676145553589,6.4302449226379395,0.3616666793823242,0.42500001192092896
2026-01-04,2026-01-04T17:00:00Z,17,T2,0.3279903829097748,0.4826031029224396,7.03278923034668,0.3583333194255829,0.20666666328907013
2026-01-04,2026-01-04T18:00:00Z,18,T2,0.4089123010635376,0.3697432577610016,6.311812400817871,0.7183333039283752,0.18000000715255737
2026-01-04,2026-01-04T19:00:00Z,19,T2,0.28169772028923035,0.2442225217819214,5.502792835235596,0.5116666555404663,0.2433333396911621
2026-01-04,2026-01-04T20:00:00Z,20,T2,0.18379336595535278,0.1637694090604782,4.734058856964111,0.3583333194255829,0.1599999964237213
2026-01-04,2026-01-04T21:00:00Z,21,T2,0.1761045604944229,0.10871753841638565,4.1826300621032715,0.2933333218097687,0.30000001192092896
2026-01-04,2026-01-04T22:00:00Z,22,T2,0.2074790894985199,0.10898200422525406,4.222300052642822,0.39500001072883606,0.1483333259820938
2026-01-04,2026-01-04T23:00:00Z,23,T2,0.15502166748046875,0.12351904809474945,4.454524040222168,0.14166666567325592,0.1966666728258133
2026-01-04,2026-01-05T00:00:00Z,24,T2,0.194631427526474,0.12170664966106415,4.443862438201904,0.17499999701976776,0.2266666740179062
2026-01-04,2026-01-05T01:00:00Z,25,T2,0.41202592849731445,0.39964497089385986,6.420083045959473,0.09000000357627869,0.19333332777023315
2026-01-04,2026-01-05T02:00:00Z,26,T2,0.3132449686527252,0.2942078411579132,6.052597999572754,0.013333333656191826,0.16500000655651093
2026-01-04,2026-01-05T03:00:00Z,27,T2,0.21643514931201935,0.20568031072616577,5.167386531829834,0.009999999776482582,0.28333333134651184
2026-01-04,2026-01-05T04:00:00Z,28,T2,0.07256539165973663,0.09429854154586792,3.8245651721954346,0.009999999776482582,0.16500000655651093
2026-01-04,2026-01-05T05:00:00Z,29,T2,0.02950669638812542,0.05551964044570923,3.150982141494751,0.008333333767950535,0.13500000536441803
2026-01-04,2026-01-05T06:00:00Z,30,T2,0.03893914073705673,0.04896695166826248,2.8300046920776367,0.006666666828095913,0.09333333373069763
2026-01-04,2026-01-05T07:00:00Z,31,T2,0.049396708607673645,0.034312184900045395,2.3895516395568848,0.009999999776482582,0.06666667014360428
2026-01-04,2026-01-05T08:00:00Z,32,T2,0.040789615362882614,0.023333333432674408,1.9493991136550903,0.021666666492819786,0.20666666328907013
2026-01-04,2026-01-05T09:00:00Z,33,T2,0.045497242361307144,0.023333333432674408,1.6593453884124756,0.02500000037252903,0.14000000059604645
2026-01-04,2026-01-05T10:00:00Z,34,T2,0.04259606823325157,0.0,1.4899760484695435,0.004999999888241291,0.18000000715255737
2026-01-04,2026-01-05T11:00:00Z,35,T2,0.020448345690965652,0.035178303718566895,2.476163864135742,0.009999999776482582,0.18333333730697632
2026-01-04,2026-01-05T12:00:00Z,36,T2,0.13451363146305084,0.023333333432674408,2.1093504428863525,0.02666666731238365,0.2266666740179062
2026-01-04,2026-01-05T13:00:00Z,37,T2,0.1482601910829544,0.07782349735498428,3.6180477142333984,0.061666667461395264,0.4566666781902313
2026-01-04,2026-01-05T14:00:00Z,38,T2,0.2618500590324402,0.24001258611679077,5.365457057952881,0.0716666653752327,0.35499998927116394
2026-01-04,2026-01-05T15:00:00Z,39,T2,0.3849187195301056,0.3024423122406006,6.131541728973389,0.0949999988079071,0.3633333444595337
2026-01-04,2026-01-05T16:00:00Z,40,T2,0.3818086087703705,0.24443398416042328,5.513365745544434,0.125,0.42500001192092896
2026-01-04,2026-01-05T17:00:00Z,41,T2,0.4151756167411804,0.19761867821216583,5.116066932678223,0.23499999940395355,0.20666666328907013
2026-01-04,2026-01-05T18:00:00Z,42,T2,0.4054344594478607,0.22340740263462067,5.269658088684082,0.4300000071525574,0.18000000715255737
2026-01-04,2026-01-05T19:00:00Z,43,T2,0.48620662093162537,0.18734431266784668,4.987637042999268,0.24666666984558105,0.2433333396911621
2026-01-04,2026-01-05T20:00:00Z,44,T2,0.3722199499607086,0.2459454983472824,5.58894157409668,0.4216666519641876,0.1599999964237213
2026-01-04,2026-01-05T21:00:00Z,45,T2,0.6249303817749023,0.24288424849510193,5.435879230499268,0.5049999952316284,0.30000001192092896
2026-01-04,2026-01-05T22:00:00Z,46,T2,0.4570632576942444,0.2961210310459137,6.076512813568115,0.8166666626930237,0.1483333259820938
2026-01-04,2026-01-05T23:00:00Z,47,T2,0.5471226572990417,0.43546929955482483,6.777913570404053,0.9616666436195374,0.1966666728258133
2026-01-04,2026-01-06T00:00:00Z,48,T2,0.6761719584465027,0.4977979063987732,7.089066505432129,0.8166666626930237,0.2266666740179062
2026-01-05,2026-01-05T01:00:00Z,1,STATION,0.15039122104644775,0.10197561979293823,3.8621675968170166,0.08916666358709335,0.3100000023841858
2026-01-05,2026-01-05T02:00:00Z,2,STATION,0.15127532184123993,0.05704527720808983,3.0795276165008545,0.011666666716337204,0.3616666793823242
2026-01-05,2026-01-05T03:00:00Z,3,STATION,0.13657504320144653,0.024166665971279144,2.055743932723999,0.009999999776482582,0.3683333396911621
2026-01-05,2026-01-05T04:00:00Z,4,STATION,0.0215617585927248,0.0,1.2836024761199951,0.009999999776482582,0.29083332419395447
2026-01-05,2026-01-05T05:00:00Z,5,STATION,0.0,0.0,0.6012685894966125,0.009166666306555271,0.028333334252238274
2026-01-05,2026-01-05T06:00:00Z,6,STATION,0.0,0.0,0.7406406998634338,0.008333333767950535,0.09166666865348816
2026-01-05,2026-01-05T07:00:00Z,7,STATION,0.0040423450991511345,0.0,1.0201259851455688,0.009999999776482582,0.03500000014901161
2026-01-05,2026-01-05T08:00:00Z,8,STATION,0.025897275656461716,0.0,1.3589732646942139,0.023333333432674408,0.009999999776482582
2026-01-05,2026-01-05T09:00:00Z,9,STATION,0.0,0.0,1.4086928367614746,0.025833332911133766,0.009999999776482582
2026-01-05,2026-01-05T10:00:00Z,10,STATION,0.03028750978410244,0.0,1.0991688966751099,0.006666666828095913,0.01666666753590107
2026-01-05,2026-01-05T11:00:00Z,11,STATION,0.028428450226783752,0.0,1.0718718767166138,0.009999999776482582,0.07333333045244217
2026-01-05,2026-01-05T12:00:00Z,12,STATION,0.07095227390527725,0.021434426307678223,1.5450819730758667,0.02916666679084301,0.4975000023841858
2026-01-05,2026-01-05T13:00:00Z,13,STATION,0.0981474220752716,0.0571872740983963,3.0937275886535645,0.05999999865889549,0.6299999952316284
2026-01-05,2026-01-05T14:00:00Z,14,STATION,0.24955619871616364,0.17840293049812317,4.830847263336182,0.07333333045244217,0.6266666650772095
2026-01-05,2026-01-05T15:00:00Z,15,STATION,0.3386494517326355,0.31808602809906006,6.1576247215271,0.10083333402872086,0.60916668176651
2026-01-05,2026-01-05T16:00:00Z,16,STATION,0.5154942870140076,0.2509024143218994,5.529144287109375,0.13333334028720856,0.35083332657814026
2026-01-05,2026-01-05T17:00:00Z,17,STATION,0.4344281852245331,0.24846622347831726,5.382973670959473,0.2574999928474426,0.3499999940395355
2026-01-05,2026-01-05T18:00:00Z,18,STATION,0.36718857288360596,0.20299655199050903,5.110958576202393,0.4449999928474426,0.7016666531562805
2026-01-05,2026-01-05T19:00:00Z,19,STATION,0.3232470750808716,0.29120922088623047,5.917086124420166,0.25999999046325684,0.5
2026-01-05,2026-01-05T20:00:00Z,20,STATION,0.45960474014282227,0.2906290590763092,5.908596038818359,0.44749999046325684,0.35333332419395447
2026-01-05,2026-01-05T21:00:00Z,21,STATION,0.46374958753585815,0.2926205098628998,5.93773889541626,0.5233333110809326,0.29499998688697815
2026-01-05,2026-01-05T22:00:00Z,22,STATION,0.4908348023891449,0.2991143763065338,6.032771110534668,0.8491666913032532,0.3866666555404663
2026-01-05,2026-01-05T23:00:00Z,23,STATION,0.5083516836166382,0.5035619735717773,7.085306167602539,0.971666693687439,0.1525000035762787
2026-01-05,2026-01-06T00:00:00Z,24,STATION,0.68904709815979,0.5379943251609802,7.256050109863281,0.8349999785423279,0.1733333319425583
2026-01-05,2026-01-06T01:00:00Z,25,STATION,0.7210384011268616,0.6123618483543396,7.709394454956055,0.9275000095367432,0.3100000023841858
2026-01-05,2026-01-06T02:00:00Z,26,STATION,0.7411260008811951,0.6846520900726318,8.203805923461914,0.9141666889190674,0.3616666793823242
2026-01-05,2026-01-06T03:00:00Z,27,STATION,0.8159021735191345,0.6849532723426819,8.294167518615723,0.9791666865348816,0.3683333396911621
2026-01-05,2026-01-06T04:00:00Z,28,STATION,0.813613772392273,0.68449866771698,8.15778636932373,0.9666666388511658,0.29083332419395447
2026-01-05,2026-01-06T05:00:00Z,29,STATION,0.7922139167785645,0.6936348676681519,8.45209789276123,0.9441666603088379,0.028333334252238274
2026-01-05,2026-01-06T06:00:00Z,30,STATION,0.8086755871772766,0.90327388048172,10.758530616760254,0.9800000190734863,0.09166666865348816
2026-01-05,2026-01-06T07:00:00Z,31,STATION,0.9890481233596802,0.9475257396697998,11.55504035949707,0.9758333563804626,0.03500000014901161
2026-01-05,2026-01-06T08:00:00Z,32,STATION,1.0,0.9136432409286499,11.183581352233887,0.9733333587646484,0.009999999776482582
2026-01-05,2026-01-06T09:00:00Z,33,STATION,0.9963898062705994,0.90327388048172,10.329108238220215,0.9700000286102295,0.009999999776482582
2026-01-05,2026-01-06T10:00:00Z,34,STATION,0.9356802701950073,0.890770435333252,10.001727104187012,0.9800000190734863,0.01666666753590107
2026-01-05,2026-01-06T11:00:00Z,35,STATION,0.8912190198898315,0.8363649249076843,9.337170600891113,0.9758333563804626,0.07333333045244217
2026-01-05,2026-01-06T12:00:00Z,36,STATION,0.9102160930633545,0.6899508833885193,8.418334007263184,0.9800000190734863,0.4975000023841858
2026-01-05,2026-01-06T13:00:00Z,37,STATION,0.9162665009498596,0.6275292038917542,7.747955322265625,0.9800000190734863,0.6299999952316284
2026-01-05,2026-01-06T14:00:00Z,38,STATION,0.8784680962562561,0.562006413936615,7.40117073059082,0.9683333039283752,0.6266666650772095
2026-01-05,2026-01-06T15:00:00Z,39,STATION,0.7726901769638062,0.4241127669811249,6.53314208984375,0.753333330154419,0.60916668176651
2026-01-05,2026-01-06T16:00:00Z,40,STATION,0.5539777278900146,0.15933610498905182,4.660099506378174,0.5983333587646484,0.35083332657814026
2026-01-05,2026-01-06T17:00:00Z,41,STATION,0.2681896984577179,0.03951923921704292,2.6427886486053467,0.2916666567325592,0.3499999940395355
2026-01-05,2026-01-06T18:00:00Z,42,STATION,0.09133853018283844,0.024166665971279144,2.0612831115722656,0.10499999672174454,0.7016666531562805
2026-01-05,2026-01-06T19:00:00Z,43,STATION,0.05242673680186272,0.024166665971279144,2.060589551925659,0.009166666306555271,0.5
2026-01-05,2026-01-06T20:00:00Z,44,STATION,0.059472762048244476,0.0,1.1760205030441284,0.01666666753590107,0.35333332419395447
2026-01-05,2026-01-06T21:00:00Z,45,STATION,0.03482544422149658,0.022132953628897667,1.5974715948104858,0.017500000074505806,0.29499998688697815
2026-01-05,2026-01-06T22:00:00Z,46,STATION,0.08722468465566635,0.0586538165807724,3.1634604930877686,0.027499999850988388,0.3866666555404663
2026-01-05,2026-01-06T23:00:00Z,47,STATION,0.15274187922477722,0.08379945904016495,3.614993095397949,0.009999999776482582,0.1525000035762787
2026-01-05,2026-01-07T00:00:00Z,48,STATION,0.12150628119707108,0.08923621475696564,3.688448429107666,0.009999999776482582,0.1733333319425583
2026-01-05,2026-01-05T01:00:00Z,1,T1,0.16994549334049225,0.10664450377225876,3.8621675968170166,0.08833333104848862,0.3166666626930237
2026-01-05,2026-01-05T02:00:00Z,2,T1,0.17731374502182007,0.059696849435567856,3.0795276165008545,0.009999999776482582,0.3866666555404663
2026-01-05,2026-01-05T03:00:00Z,3,T1,0.12846580147743225,0.02500000037252903,2.055743932723999,0.009999999776482582,0.3866666555404663
2026-01-05,2026-01-05T04:00:00Z,4,T1,0.009399570524692535,0.0,1.2836024761199951,0.009999999776482582,0.3266666531562805
2026-01-05,2026-01-05T05:00:00Z,5,T1,0.0,0.0,0.6012685894966125,0.009999999776482582,0.02666666731238365
2026-01-05,2026-01-05T06:00:00Z,6,T1,0.0,0.0,0.7406406998634338,0.009999999776482582,0.09000000357627869
2026-01-05,2026-01-05T07:00:00Z,7,T1,0.008084690198302269,0.0,1.0201259851455688,0.009999999776482582,0.038333334028720856
2026-01-05,2026-01-05T08:00:00Z,8,T1,0.011935100890696049,0.0,1.3589732646942139,0.02500000037252903,0.009999999776482582
2026-01-05,2026-01-05T09:00:00Z,9,T1,0.0,0.0,1.4086928367614746,0.02666666731238365,0.009999999776482582
2026-01-05,2026-01-05T10:00:00Z,10,T1,0.019451677799224854,0.0,1.0991688966751099,0.008333333767950535,0.018333332613110542
2026-01-05,2026-01-05T11:00:00Z,11,T1,0.023246699944138527,0.0,1.0718718767166138,0.009999999776482582,0.07500000298023224
2026-01-05,2026-01-05T12:00:00Z,12,T1,0.10036495327949524,0.02113387919962406,1.5450819730758667,0.03166666626930237,0.503333330154419
2026-01-05,2026-01-05T13:00:00Z,13,T1,0.11666598916053772,0.05979151651263237,3.0937275886535645,0.05833333358168602,0.6083333492279053
2026-01-05,2026-01-05T14:00:00Z,14,T1,0.2877563536167145,0.1830350011587143,4.830847263336182,0.07500000298023224,0.6466666460037231
2026-01-05,2026-01-05T15:00:00Z,15,T1,0.3636466860771179,0.3239920437335968,6.1576247215271,0.1066666692495346,0.5933333039283752
2026-01-05,2026-01-05T16:00:00Z,16,T1,0.5099042057991028,0.25705525279045105,5.529144287109375,0.14166666567325592,0.3400000035762787
2026-01-05,2026-01-05T17:00:00Z,17,T1,0.48760557174682617,0.2551063299179077,5.382973670959473,0.2800000011920929,0.34166666865348816
2026-01-05,2026-01-05T18:00:00Z,18,T1,0.3887151777744293,0.2087830901145935,5.110958576202393,0.46000000834465027,0.6850000023841858
2026-01-05,2026-01-05T19:00:00Z,19,T1,0.3538639545440674,0.29905155301094055,5.917086124420166,0.273333340883255,0.4883333444595337
2026-01-05,2026-01-05T20:00:00Z,20,T1,0.4735731780529022,0.298570454120636,5.908596038818359,0.47333332896232605,0.34833332896232605
2026-01-05,2026-01-05T21:00:00Z,21,T1,0.44977423548698425,0.30022189021110535,5.93773889541626,0.5416666865348816,0.2966666519641876
2026-01-05,2026-01-05T22:00:00Z,22,T1,0.455630362033844,0.30560705065727234,6.032771110534668,0.8816666603088379,0.37833333015441895
2026-01-05,2026-01-05T23:00:00Z,23,T1,0.5410208106040955,0.510341227054596,7.085306167602539,0.9816666841506958,0.16333332657814026
2026-01-05,2026-01-06T00:00:00Z,24,T1,0.6850466728210449,0.5418416857719421,7.256050109863281,0.8533333539962769,0.17166666686534882
2026-01-05,2026-01-06T01:00:00Z,25,T1,0.6771607398986816,0.6189754605293274,7.709394454956055,0.9266666769981384,0.3166666626930237
2026-01-05,2026-01-06T02:00:00Z,26,T1,0.6842054128646851,0.6846920251846313,8.203805923461914,0.9116666913032532,0.3866666555404663
2026-01-05,2026-01-06T03:00:00Z,27,T1,0.7713345885276794,0.6852944493293762,8.294167518615723,0.9816666841506958,0.3866666555404663
2026-01-05,2026-01-06T04:00:00Z,28,T1,0.8029957413673401,0.6843852400779724,8.15778636932373,0.9766666889190674,0.3266666531562805
2026-01-05,2026-01-06T05:00:00Z,29,T1,0.7558656930923462,0.6943141222000122,8.45209789276123,0.9733333587646484,0.02666666731238365
2026-01-05,2026-01-06T06:00:00Z,30,T1,0.7916181087493896,0.903481662273407,10.758530616760254,0.9850000143051147,0.09000000357627869
2026-01-05,2026-01-06T07:00:00Z,31,T1,1.0,0.9563066959381104,11.55504035949707,0.9800000190734863,0.038333334028720856
2026-01-05,2026-01-06T08:00:00Z,32,T1,1.0,0.9158598780632019,11.183581352233887,0.9766666889190674,0.009999999776482582
2026-01-05,2026-01-06T09:00:00Z,33,T1,1.0,0.903481662273407,10.329108238220215,0.971666693687439,0.009999999776482582
2026-01-05,2026-01-06T10:00:00Z,34,T1,0.9428682327270508,0.8960121273994446,10.001727104187012,0.9900000095367432,0.018333332613110542
2026-01-05,2026-01-06T11:00:00Z,35,T1,0.9172945022583008,0.8426149487495422,9.337170600891113,0.9883333444595337,0.07500000298023224
2026-01-05,2026-01-06T12:00:00Z,36,T1,0.874549925327301,0.6906000971794128,8.418334007263184,0.9883333444595337,0.503333330154419
2026-01-05,2026-01-06T13:00:00Z,37,T1,0.873885452747345,0.6322147250175476,7.747955322265625,0.9900000095367432,0.6083333492279053
2026-01-05,2026-01-06T14:00:00Z,38,T1,0.8434209227561951,0.5646326541900635,7.40117073059082,0.9750000238418579,0.6466666460037231
2026-01-05,2026-01-06T15:00:00Z,39,T1,0.7274348139762878,0.4327523112297058,6.53314208984375,0.7566666603088379,0.5933333039283752
2026-01-05,2026-01-06T16:00:00Z,40,T1,0.5098931193351746,0.16254527866840363,4.660099506378174,0.5899999737739563,0.3400000035762787
2026-01-05,2026-01-06T17:00:00Z,41,T1,0.25493770837783813,0.04130449518561363,2.6427886486053467,0.3199999928474426,0.34166666865348816
2026-01-05,2026-01-06T18:00:00Z,42,T1,0.0987706109881401,0.02500000037252903,2.0612831115722656,0.1133333370089531,0.6850000023841858
2026-01-05,2026-01-06T19:00:00Z,43,T1,0.05473724752664566,0.02500000037252903,2.060589551925659,0.009999999776482582,0.4883333444595337
2026-01-05,2026-01-06T20:00:00Z,44,T1,0.0572785958647728,0.0,1.1760205030441284,0.01666666753590107,0.34833332896232605
2026-01-05,2026-01-06T21:00:00Z,45,T1,0.0372186116874218,0.02148314379155636,1.5974715948104858,0.021666666492819786,0.2966666519641876
2026-01-05,2026-01-06T22:00:00Z,46,T1,0.09386264532804489,0.06153842434287071,3.1634604930877686,0.028333334252238274,0.37833333015441895
2026-01-05,2026-01-06T23:00:00Z,47,T1,0.13168461620807648,0.08999942988157272,3.614993095397949,0.009999999776482582,0.16333332657814026
2026-01-05,2026-01-07T00:00:00Z,48,T1,0.11782241612672806,0.0950632244348526,3.688448429107666,0.009999999776482582,0.17166666686534882
2026-01-05,2026-01-05T01:00:00Z,1,T2,0.13083694875240326,0.0973067358136177,3.8621675968170166,0.09000000357627869,0.3033333420753479
2026-01-05,2026-01-05T02:00:00Z,2,T2,0.12523691356182098,0.0543937012553215,3.0795276165008545,0.013333333656191826,0.33666667342185974
2026-01-05,2026-01-05T03:00:00Z,3,T2,0.14468428492546082,0.023333333432674408,2.055743932723999,0.009999999776482582,0.3499999940395355
2026-01-05,2026-01-05T04:00:00Z,4,T2,0.033723942935466766,0.0,1.2836024761199951,0.009999999776482582,0.2549999952316284
2026-01-05,2026-01-05T05:00:00Z,5,T2,0.0,0.0,0.6012685894966125,0.008333333767950535,0.029999999329447746
2026-01-05,2026-01-05T06:00:00Z,6,T2,0.0,0.0,0.7406406998634338,0.006666666828095913,0.09333333373069763
2026-01-05,2026-01-05T07:00:00Z,7,T2,0.0,0.0,1.0201259851455688,0.009999999776482582,0.03166666626930237
2026-01-05,2026-01-05T08:00:00Z,8,T2,0.03985944762825966,0.0,1.3589732646942139,0.021666666492819786,0.009999999776482582
2026-01-05,2026-01-05T09:00:00Z,9,T2,0.0,0.0,1.4086928367614746,0.02500000037252903,0.009999999776482582
2026-01-05,2026-01-05T10:00:00Z,10,T2,0.041123341768980026,0.0,1.0991688966751099,0.004999999888241291,0.014999999664723873
2026-01-05,2026-01-05T11:00:00Z,11,T2,0.03361019864678383,0.0,1.0718718767166138,0.009999999776482582,0.0716666653752327
2026-01-05,2026-01-05T12:00:00Z,12,T2,0.041539594531059265,0.021734971553087234,1.5450819730758667,0.02666666731238365,0.49166667461395264
2026-01-05,2026-01-05T13:00:00Z,13,T2,0.0796288549900055,0.05458303540945053,3.0937275886535645,0.061666667461395264,0.6516666412353516
2026-01-05,2026-01-05T14:00:00Z,14,T2,0.2113560438156128,0.17377087473869324,4.830847263336182,0.0716666653752327,0.6066666841506958
2026-01-05,2026-01-05T15:00:00Z,15,T2,0.3136522173881531,0.3121799826622009,6.1576247215271,0.0949999988079071,0.625
2026-01-05,2026-01-05T16:00:00Z,16,T2,0.5210843086242676,0.2447495460510254,5.529144287109375,0.125,0.3616666793823242
2026-01-05,2026-01-05T17:00:00Z,17,T2,0.38125079870224,0.2418261468410492,5.382973670959473,0.23499999940395355,0.3583333194255829
2026-01-05,2026-01-05T18:00:00Z,18,T2,0.345661997795105,0.19721002876758575,5.110958576202393,0.4300000071525574,0.7183333039283752
2026-01-05,2026-01-05T19:00:00Z,19,T2,0.2926301658153534,0.2833668887615204,5.917086124420166,0.24666666984558105,0.5116666555404663
2026-01-05,2026-01-05T20:00:00Z,20,T2,0.4456363022327423,0.2826876938343048,5.908596038818359,0.4216666519641876,0.3583333194255829
2026-01-05,2026-01-05T21:00:00Z,21,T2,0.47772496938705444,0.2850191295146942,5.93773889541626,0.5049999952316284,0.2933333218097687
2026-01-05,2026-01-05T22:00:00Z,22,T2,0.5260392427444458,0.2926217019557953,6.032771110534668,0.8166666626930237,0.39500001072883606
2026-01-05,2026-01-05T23:00:00Z,23,T2,0.4756825566291809,0.49678272008895874,7.085306167602539,0.9616666436195374,0.14166666567325592
2026-01-05,2026-01-06T00:00:00Z,24,T2,0.6930475831031799,0.5341469049453735,7.256050109863281,0.8166666626930237,0.17499999701976776
2026-01-05,2026-01-06T01:00:00Z,25,T2,0.7649160623550415,0.6057482361793518,7.709394454956055,0.9283333420753479,0.3033333420753479
2026-01-05,2026-01-06T02:00:00Z,26,T2,0.7980465888977051,0.6846121549606323,8.203805923461914,0.9166666865348816,0.33666667342185974
2026-01-05,2026-01-06T03:00:00Z,27,T2,0.8604697585105896,0.6846121549606323,8.294167518615723,0.9766666889190674,0.3499999940395355
2026-01-05,2026-01-06T04:00:00Z,28,T2,0.8242318034172058,0.6846121549606323,8.15778636932373,0.9566666483879089,0.2549999952316284
2026-01-05,2026-01-06T05:00:00Z,29,T2,0.8285621404647827,0.6929555535316467,8.45209789276123,0.9150000214576721,0.029999999329447746
2026-01-05,2026-01-06T06:00:00Z,30,T2,0.8257330060005188,0.903066098690033,10.758530616760254,0.9750000238418579,0.09333333373069763
2026-01-05,2026-01-06T07:00:00Z,31,T2,0.9780962467193604,0.938744843006134,11.55504035949707,0.971666693687439,0.03166666626930237
2026-01-05,2026-01-06T08:00:00Z,32,T2,1.0,0.9114265441894531,11.183581352233887,0.9700000286102295,0.009999999776482582
2026-01-05,2026-01-06T09:00:00Z,33,T2,0.992779552936554,0.903066098690033,10.329108238220215,0.9683333039283752,0.009999999776482582
2026-01-05,2026-01-06T10:00:00Z,34,T2,0.9284923672676086,0.8855287432670593,10.001727104187012,0.9700000286102295,0.014999999664723873
2026-01-05,2026-01-06T11:00:00Z,35,T2,0.8651434779167175,0.8301149010658264,9.337170600891113,0.9633333086967468,0.0716666653752327
2026-01-05,2026-01-06T12:00:00Z,36,T2,0.945882260799408,0.6893016695976257,8.418334007263184,0.971666693687439,0.49166667461395264
2026-01-05,2026-01-06T13:00:00Z,37,T2,0.958647608757019,0.6228436231613159,7.747955322265625,0.9700000286102295,0.6516666412353516
2026-01-05,2026-01-06T14:00:00Z,38,T2,0.9135153293609619,0.5593801736831665,7.40117073059082,0.9616666436195374,0.6066666841506958
2026-01-05,2026-01-06T15:00:00Z,39,T2,0.8179455995559692,0.41547325253486633,6.53314208984375,0.75,0.625
2026-01-05,2026-01-06T16:00:00Z,40,T2,0.5980623960494995,0.1561269462108612,4.660099506378174,0.6066666841506958,0.3616666793823242
2026-01-05,2026-01-06T17:00:00Z,41,T2,0.28144165873527527,0.037733983248472214,2.6427886486053467,0.2633333206176758,0.3583333194255829
2026-01-05,2026-01-06T18:00:00Z,42,T2,0.08390644192695618,0.023333333432674408,2.0612831115722656,0.09666666388511658,0.7183333039283752
2026-01-05,2026-01-06T19:00:00Z,43,T2,0.05011622607707977,0.023333333432674408,2.060589551925659,0.008333333767950535,0.5116666555404663
2026-01-05,2026-01-06T20:00:00Z,44,T2,0.06166692450642586,0.0,1.1760205030441284,0.01666666753590107,0.3583333194255829
2026-01-05,2026-01-06T21:00:00Z,45,T2,0.032432276755571365,0.022782765328884125,1.5974715948104858,0.013333333656191826,0.2933333218097687
2026-01-05,2026-01-06T22:00:00Z,46,T2,0.08058672398328781,0.055769212543964386,3.1634604930877686,0.02666666731238365,0.39500001072883606
2026-01-05,2026-01-06T23:00:00Z,47,T2,0.17379915714263916,0.07759949564933777,3.614993095397949,0.009999999776482582,0.14166666567325592
2026-01-05,2026-01-07T00:00:00Z,48,T2,0.1251901537179947,0.08340920507907867,3.688448429107666,0.009999999776482582,0.17499999701976776
2026-01-06,2026-01-06T01:00:00Z,1,STATION,0.7838492393493652,0.683204710483551,8.082009315490723,0.9275000095367432,0.08916666358709335
2026-01-06,2026-01-06T02:00:00Z,2,STATION,0.7731941342353821,0.6851823925971985,8.362896919250488,0.9141666889190674,0.011666666716337204
2026-01-06,2026-01-06T03:00:00Z,3,STATION,0.7809925675392151,0.7588163614273071,9.056632995605469,0.9791666865348816,0.009999999776482582
2026-01-06,2026-01-06T04:00:00Z,4,STATION,0.8709843754768372,0.877916693687439,9.872424125671387,0.9666666388511658,0.009999999776482582
2026-01-06,2026-01-06T05:00:00Z,5,STATION,0.9166657328605652,0.90327388048172,10.490251541137695,0.9441666603088379,0.009166666306555271
2026-01-06,2026-01-06T06:00:00Z,6,STATION,0.9674659967422485,0.9475257396697998,11.875072479248047,0.9800000190734863,0.008333333767950535
2026-01-06,2026-01-06T07:00:00Z,7,STATION,0.976397693157196,0.9722570776939392,12.659427642822266,0.9758333563804626,0.009999999776482582
2026-01-06,2026-01-06T08:00:00Z,8,STATION,1.0,0.9696230888366699,12.357855796813965,0.9733333587646484,0.023333333432674408
2026-01-06,2026-01-06T09:00:00Z,9,STATION,1.0,0.90327388048172,11.045196533203125,0.9700000286102295,0.025833332911133766
2026-01-06,2026-01-06T10:00:00Z,10,STATION,1.0,0.9003994464874268,10.096660614013672,0.9800000190734863,0.006666666828095913
2026-01-06,2026-01-06T11:00:00Z,11,STATION,0.9139728546142578,0.7713420987129211,9.105752944946289,0.9758333563804626,0.009999999776482582
2026-01-06,2026-01-06T12:00:00Z,12,STATION,0.929966390132904,0.6834712028503418,8.091680526733398,0.9800000190734863,0.02916666679084301
2026-01-06,2026-01-06T13:00:00Z,13,STATION,0.9362891316413879,0.578080952167511,7.610837936401367,0.9800000190734863,0.05999999865889549
2026-01-06,2026-01-06T14:00:00Z,14,STATION,0.8526968955993652,0.5759888887405396,7.583550453186035,0.9683333039283752,0.07333333045244217
2026-01-06,2026-01-06T15:00:00Z,15,STATION,0.7092368006706238,0.4444078505039215,6.774829387664795,0.753333330154419,0.10083333402872086
2026-01-06,2026-01-06T16:00:00Z,16,STATION,0.49486008286476135,0.169495090842247,4.751075267791748,0.5983333587646484,0.13333334028720856
2026-01-06,2026-01-06T17:00:00Z,17,STATION,0.22383564710617065,0.037988293915987015,2.5835952758789062,0.2916666567325592,0.2574999928474426
2026-01-06,2026-01-06T18:00:00Z,18,STATION,0.07069546729326248,0.022594496607780457,1.639174461364746,0.10499999672174454,0.4449999928474426
2026-01-06,2026-01-06T19:00:00Z,19,STATION,0.03324374929070473,0.022419646382331848,1.6189734935760498,0.009166666306555271,0.25999999046325684
2026-01-06,2026-01-06T20:00:00Z,20,STATION,0.02016730234026909,0.024166665971279144,1.9601408243179321,0.01666666753590107,0.44749999046325684
2026-01-06,2026-01-06T21:00:00Z,21,STATION,0.07120811194181442,0.021732207387685776,1.5674155950546265,0.017500000074505806,0.5233333110809326
2026-01-06,2026-01-06T22:00:00Z,22,STATION,0.03407866507768631,0.0,1.014495849609375,0.027499999850988388,0.8491666913032532
2026-01-06,2026-01-06T23:00:00Z,23,STATION,0.19680503010749817,0.08763077855110168,3.6665561199188232,0.009999999776482582,0.971666693687439
2026-01-06,2026-01-07T00:00:00Z,24,STATION,0.10384765267372131,0.06905657798051834,3.426786184310913,0.009999999776482582,0.8349999785423279
2026-01-06,2026-01-07T01:00:00Z,25,STATION,0.13782162964344025,0.10351571440696716,3.8893771171569824,0.009999999776482582,0.08916666358709335
2026-01-06,2026-01-07T02:00:00Z,26,STATION,0.13909485936164856,0.10256138443946838,3.8701553344726562,0.009999999776482582,0.011666666716337204
2026-01-06,2026-01-07T03:00:00Z,27,STATION,0.10368825495243073,0.06740877032279968,3.405750274658203,0.009999999776482582,0.009999999776482582
2026-01-06,2026-01-07T04:00:00Z,28,STATION,0.04900265112519264,0.04183041676878929,2.6774563789367676,0.009999999776482582,0.009999999776482582
2026-01-06,2026-01-07T05:00:00Z,29,STATION,0.0674833357334137,0.0,1.1011896133422852,0.009999999776482582,0.009166666306555271
2026-01-06,2026-01-07T06:00:00Z,30,STATION,0.0,0.023461656644940376,1.7692484855651855,0.009999999776482582,0.008333333767950535
2026-01-06,2026-01-07T07:00:00Z,31,STATION,0.0,0.024166665971279144,1.9770773649215698,0.009999999776482582,0.009999999776482582
2026-01-06,2026-01-07T08:00:00Z,32,STATION,0.04572557285428047,0.0,1.2469735145568848,0.009999999776482582,0.023333333432674408
2026-01-06,2026-01-07T09:00:00Z,33,STATION,0.04070526361465454,0.0,1.4555394649505615,0.009999999776482582,0.025833332911133766
2026-01-06,2026-01-07T10:00:00Z,34,STATION,0.030757112428545952,0.0,1.3171889781951904,0.009999999776482582,0.006666666828095913
2026-01-06,2026-01-07T11:00:00Z,35,STATION,0.040942221879959106,0.0,1.32191801071167,0.009999999776482582,0.009999999776482582
2026-01-06,2026-01-07T12:00:00Z,36,STATION,0.062017712742090225,0.026209432631731033,2.167264223098755,0.017500000074505806,0.02916666679084301
2026-01-06,2026-01-07T13:00:00Z,37,STATION,0.12984172999858856,0.032009467482566833,2.287264823913574,0.024166665971279144,0.05999999865889549
2026-01-06,2026-01-07T14:00:00Z,38,STATION,0.12466130405664444,0.07113062590360641,3.453263282775879,0.014166667126119137,0.07333333045244217
2026-01-06,2026-01-07T15:00:00Z,39,STATION,0.18233941495418549,0.1146150529384613,4.317258358001709,0.009166666306555271,0.10083333402872086
2026-01-06,2026-01-07T16:00:00Z,40,STATION,0.21589043736457825,0.10765328258275986,3.9886786937713623,0.009999999776482582,0.13333334028720856
2026-01-06,2026-01-07T17:00:00Z,41,STATION,0.18619808554649353,0.10311689972877502,3.879805564880371,0.009999999776482582,0.2574999928474426
2026-01-06,2026-01-07T18:00:00Z,42,STATION,0.13794705271720886,0.1047888994216919,3.919933557510376,0.009999999776482582,0.4449999928474426
2026-01-06,2026-01-07T19:00:00Z,43,STATION,0.12770976126194,0.0648135393857956,3.3687846660614014,0.009999999776482582,0.25999999046325684
2026-01-06,2026-01-07T20:00:00Z,44,STATION,0.11208754032850266,0.06180882826447487,3.268627643585205,0.009999999776482582,0.44749999046325684
2026-01-06,2026-01-07T21:00:00Z,45,STATION,0.08343759179115295,0.06030356511473656,3.218452215194702,0.009999999776482582,0.5233333110809326
2026-01-06,2026-01-07T22:00:00Z,46,STATION,0.10214971005916595,0.0417589507997036,2.676384210586548,0.009999999776482582,0.8491666913032532
2026-01-06,2026-01-07T23:00:00Z,47,STATION,0.053918540477752686,0.05887395516037941,3.1707985401153564,0.009999999776482582,0.971666693687439
2026-01-06,2026-01-08T00:00:00Z,48,STATION,0.0691773071885109,0.05616670101881027,2.9916701316833496,0.009999999776482582,0.8349999785423279
2026-01-06,2026-01-06T01:00:00Z,1,T1,0.7674750089645386,0.6827336549758911,8.082009315490723,0.9266666769981384,0.08833333104848862
2026-01-06,2026-01-06T02:00:00Z,2,T1,0.7393446564674377,0.6857526302337646,8.362896919250488,0.9116666913032532,0.009999999776482582
2026-01-06,2026-01-06T03:00:00Z,3,T1,0.7376358509063721,0.763585090637207,9.056632995605469,0.9816666841506958,0.009999999776482582
2026-01-06,2026-01-06T04:00:00Z,4,T1,0.8704084157943726,0.8883333206176758,9.872424125671387,0.9766666889190674,0.009999999776482582
2026-01-06,2026-01-06T05:00:00Z,5,T1,0.8921590447425842,0.903481662273407,10.490251541137695,0.9733333587646484,0.009999999776482582
2026-01-06,2026-01-06T06:00:00Z,6,T1,0.9819250702857971,0.9563066959381104,11.875072479248047,0.9850000143051147,0.009999999776482582
2026-01-06,2026-01-06T07:00:00Z,7,T1,1.0,0.9793994426727295,12.659427642822266,0.9800000190734863,0.009999999776482582
2026-01-06,2026-01-06T08:00:00Z,8,T1,1.0,0.977599024772644,12.357855796813965,0.9766666889190674,0.02500000037252903
2026-01-06,2026-01-06T09:00:00Z,9,T1,1.0,0.903481662273407,11.045196533203125,0.971666693687439,0.02666666731238365
2026-01-06,2026-01-06T10:00:00Z,10,T1,1.0,0.9017645120620728,10.096660614013672,0.9900000095367432,0.008333333767950535
2026-01-06,2026-01-06T11:00:00Z,11,T1,0.9183946251869202,0.7771751284599304,9.105752944946289,0.9883333444595337,0.009999999776482582
2026-01-06,2026-01-06T12:00:00Z,12,T1,0.921330451965332,0.6830559968948364,8.091680526733398,0.9883333444595337,0.03166666626930237
2026-01-06,2026-01-06T13:00:00Z,13,T1,0.9367970824241638,0.5883949995040894,7.610837936401367,0.9900000095367432,0.05833333358168602
2026-01-06,2026-01-06T14:00:00Z,14,T1,0.8448655009269714,0.5853024125099182,7.583550453186035,0.9750000238418579,0.07500000298023224
2026-01-06,2026-01-06T15:00:00Z,15,T1,0.7148808836936951,0.45349031686782837,6.774829387664795,0.7566666603088379,0.1066666692495346
2026-01-06,2026-01-06T16:00:00Z,16,T1,0.4538227319717407,0.1734623908996582,4.751075267791748,0.5899999737739563,0.14166666567325592
2026-01-06,2026-01-06T17:00:00Z,17,T1,0.1892177164554596,0.039723966270685196,2.5835952758789062,0.3199999928474426,0.2800000011920929
2026-01-06,2026-01-06T18:00:00Z,18,T1,0.0739075317978859,0.021855659782886505,1.639174461364746,0.1133333370089531,0.46000000834465027
2026-01-06,2026-01-06T19:00:00Z,19,T1,0.027947187423706055,0.021626491099596024,1.6189734935760498,0.009999999776482582,0.273333340883255
2026-01-06,2026-01-06T20:00:00Z,20,T1,0.023853031918406487,0.02500000037252903,1.9601408243179321,0.01666666753590107,0.47333332896232605
2026-01-06,2026-01-06T21:00:00Z,21,T1,0.05994296818971634,0.021282769739627838,1.5674155950546265,0.021666666492819786,0.5416666865348816
2026-01-06,2026-01-06T22:00:00Z,22,T1,0.027695929631590843,0.0,1.014495849609375,0.028333334252238274,0.8816666603088379
2026-01-06,2026-01-06T23:00:00Z,23,T1,0.18606992065906525,0.09360373765230179,3.6665561199188232,0.009999999776482582,0.9816666841506958
2026-01-06,2026-01-07T00:00:00Z,24,T1,0.07985613495111465,0.07431551069021225,3.426786184310913,0.009999999776482582,0.8533333539962769
2026-01-06,2026-01-07T01:00:00Z,25,T1,0.10594109445810318,0.10812301188707352,3.8893771171569824,0.009999999776482582,0.08833333104848862
2026-01-06,2026-01-07T02:00:00Z,26,T1,0.1038632020354271,0.1071770116686821,3.8701553344726562,0.009999999776482582,0.009999999776482582
2026-01-06,2026-01-07T03:00:00Z,27,T1,0.07869356125593185,0.07256251573562622,3.405750274658203,0.009999999776482582,0.009999999776482582
2026-01-06,2026-01-07T04:00:00Z,28,T1,0.05598955973982811,0.043846793472766876,2.6774563789367676,0.009999999776482582,0.009999999776482582
2026-01-06,2026-01-07T05:00:00Z,29,T1,0.05849004164338112,0.0,1.1011896133422852,0.009999999776482582,0.009999999776482582
2026-01-06,2026-01-07T06:00:00Z,30,T1,0.0,0.023589979857206345,1.7692484855651855,0.009999999776482582,0.009999999776482582
2026-01-06,2026-01-07T07:00:00Z,31,T1,0.0,0.02500000037252903,1.9770773649215698,0.009999999776482582,0.009999999776482582
2026-01-06,2026-01-07T08:00:00Z,32,T1,0.03689103573560715,0.0,1.2469735145568848,0.009999999776482582,0.02500000037252903
2026-01-06,2026-01-07T09:00:00Z,33,T1,0.08141052722930908,0.0,1.4555394649505615,0.009999999776482582,0.02666666731238365
2026-01-06,2026-01-07T10:00:00Z,34,T1,0.0345667265355587,0.0,1.3171889781951904,0.009999999776482582,0.008333333767950535
2026-01-06,2026-01-07T11:00:00Z,35,T1,0.04396926984190941,0.0,1.32191801071167,0.009999999776482582,0.009999999776482582
2026-01-06,2026-01-07T12:00:00Z,36,T1,0.0948004275560379,0.02725408785045147,2.167264223098755,0.023333333432674408,0.03166666626930237
2026-01-06,2026-01-07T13:00:00Z,37,T1,0.12856756150722504,0.03365412726998329,2.287264823913574,0.023333333432674408,0.05833333358168602
2026-01-06,2026-01-07T14:00:00Z,38,T1,0.15497933328151703,0.07652194797992706,3.453263282775879,0.014999999664723873,0.07500000298023224
2026-01-06,2026-01-07T15:00:00Z,39,T1,0.23151004314422607,0.11961505562067032,4.317258358001709,0.009999999776482582,0.1066666692495346
2026-01-06,2026-01-07T16:00:00Z,40,T1,0.21952126920223236,0.11242607980966568,3.9886786937713623,0.009999999776482582,0.14166666567325592
2026-01-06,2026-01-07T17:00:00Z,41,T1,0.1884099543094635,0.10770823806524277,3.879805564880371,0.009999999776482582,0.2800000011920929
2026-01-06,2026-01-07T18:00:00Z,42,T1,0.13804766535758972,0.10944712162017822,3.919933557510376,0.009999999776482582,0.46000000834465027
2026-01-06,2026-01-07T19:00:00Z,43,T1,0.17421941459178925,0.06975138932466507,3.3687846660614014,0.009999999776482582,0.273333340883255
2026-01-06,2026-01-07T20:00:00Z,44,T1,0.12927089631557465,0.06574510037899017,3.268627643585205,0.009999999776482582,0.47333332896232605
2026-01-06,2026-01-07T21:00:00Z,45,T1,0.07463671267032623,0.06373808532953262,3.218452215194702,0.009999999776482582,0.5416666865348816
2026-01-06,2026-01-07T22:00:00Z,46,T1,0.12027714401483536,0.043768178671598434,2.676384210586548,0.009999999776482582,0.8816666603088379
2026-01-06,2026-01-07T23:00:00Z,47,T1,0.05207770690321922,0.061831939965486526,3.1707985401153564,0.009999999776482582,0.9816666841506958
2026-01-06,2026-01-08T00:00:00Z,48,T1,0.06887307018041611,0.059111133217811584,2.9916701316833496,0.009999999776482582,0.8533333539962769
2026-01-06,2026-01-06T01:00:00Z,1,T2,0.8002234697341919,0.6836757063865662,8.082009315490723,0.9283333420753479,0.09000000357627869
2026-01-06,2026-01-06T02:00:00Z,2,T2,0.8070435523986816,0.6846121549606323,8.362896919250488,0.9166666865348816,0.013333333656191826
2026-01-06,2026-01-06T03:00:00Z,3,T2,0.8243492841720581,0.754047691822052,9.056632995605469,0.9766666889190674,0.009999999776482582
2026-01-06,2026-01-06T04:00:00Z,4,T2,0.8715603351593018,0.8675000071525574,9.872424125671387,0.9566666483879089,0.009999999776482582
2026-01-06,2026-01-06T05:00:00Z,5,T2,0.9411724805831909,0.903066098690033,10.490251541137695,0.9150000214576721,0.008333333767950535
2026-01-06,2026-01-06T06:00:00Z,6,T2,0.9530069231987,0.938744843006134,11.875072479248047,0.9750000238418579,0.006666666828095913
2026-01-06,2026-01-06T07:00:00Z,7,T2,0.9527953267097473,0.9651147723197937,12.659427642822266,0.971666693687439,0.009999999776482582
2026-01-06,2026-01-06T08:00:00Z,8,T2,1.0,0.9616471529006958,12.357855796813965,0.9700000286102295,0.021666666492819786
2026-01-06,2026-01-06T09:00:00Z,9,T2,1.0,0.903066098690033,11.045196533203125,0.9683333039283752,0.02500000037252903
2026-01-06,2026-01-06T10:00:00Z,10,T2,1.0,0.8990344405174255,10.096660614013672,0.9700000286102295,0.004999999888241291
2026-01-06,2026-01-06T11:00:00Z,11,T2,0.9095510244369507,0.7655091285705566,9.105752944946289,0.9633333086967468,0.009999999776482582
2026-01-06,2026-01-06T12:00:00Z,12,T2,0.9386022686958313,0.6838863492012024,8.091680526733398,0.971666693687439,0.02666666731238365
2026-01-06,2026-01-06T13:00:00Z,13,T2,0.9357811808586121,0.5677668452262878,7.610837936401367,0.9700000286102295,0.061666667461395264
2026-01-06,2026-01-06T14:00:00Z,14,T2,0.860528290271759,0.5666753649711609,7.583550453186035,0.9616666436195374,0.0716666653752327
2026-01-06,2026-01-06T15:00:00Z,15,T2,0.7035927772521973,0.43532535433769226,6.774829387664795,0.75,0.0949999988079071
2026-01-06,2026-01-06T16:00:00Z,16,T2,0.535897433757782,0.16552779078483582,4.751075267791748,0.6066666841506958,0.125
2026-01-06,2026-01-06T17:00:00Z,17,T2,0.2584535777568817,0.036252617835998535,2.5835952758789062,0.2633333206176758,0.23499999940395355
2026-01-06,2026-01-06T18:00:00Z,18,T2,0.06748341023921967,0.023333333432674408,1.639174461364746,0.09666666388511658,0.4300000071525574
2026-01-06,2026-01-06T19:00:00Z,19,T2,0.0385403074324131,0.023212803527712822,1.6189734935760498,0.008333333767950535,0.24666666984558105
2026-01-06,2026-01-06T20:00:00Z,20,T2,0.016481570899486542,0.023333333432674408,1.9601408243179321,0.01666666753590107,0.4216666519641876
2026-01-06,2026-01-06T21:00:00Z,21,T2,0.0824732556939125,0.022181645035743713,1.5674155950546265,0.013333333656191826,0.5049999952316284
2026-01-06,2026-01-06T22:00:00Z,22,T2,0.040461402386426926,0.0,1.014495849609375,0.02666666731238365,0.8166666626930237
2026-01-06,2026-01-06T23:00:00Z,23,T2,0.2075401395559311,0.08165781944990158,3.6665561199188232,0.009999999776482582,0.9616666436195374
2026-01-06,2026-01-07T00:00:00Z,24,T2,0.12783917784690857,0.06379764527082443,3.426786184310913,0.009999999776482582,0.8166666626930237
2026-01-06,2026-01-07T01:00:00Z,25,T2,0.1697021722793579,0.0989084243774414,3.8893771171569824,0.009999999776482582,0.09000000357627869
2026-01-06,2026-01-07T02:00:00Z,26,T2,0.17432649433612823,0.09794574975967407,3.8701553344726562,0.009999999776482582,0.013333333656191826
2026-01-06,2026-01-07T03:00:00Z,27,T2,0.1286829560995102,0.06225501745939255,3.405750274658203,0.009999999776482582,0.009999999776482582
2026-01-06,2026-01-07T04:00:00Z,28,T2,0.042015738785266876,0.039814043790102005,2.6774563789367676,0.009999999776482582,0.009999999776482582
2026-01-06,2026-01-07T05:00:00Z,29,T2,0.07647663354873657,0.0,1.1011896133422852,0.009999999776482582,0.008333333767950535
2026-01-06,2026-01-07T06:00:00Z,30,T2,0.0,0.023333333432674408,1.7692484855651855,0.009999999776482582,0.006666666828095913
2026-01-06,2026-01-07T07:00:00Z,31,T2,0.0,0.023333333432674408,1.9770773649215698,0.009999999776482582,0.009999999776482582
2026-01-06,2026-01-07T08:00:00Z,32,T2,0.0545601062476635,0.0,1.2469735145568848,0.009999999776482582,0.021666666492819786
2026-01-06,2026-01-07T09:00:00Z,33,T2,0.0,0.0,1.4555394649505615,0.009999999776482582,0.02500000037252903
2026-01-06,2026-01-07T10:00:00Z,34,T2,0.026947498321533203,0.0,1.3171889781951904,0.009999999776482582,0.004999999888241291
2026-01-06,2026-01-07T11:00:00Z,35,T2,0.037915173918008804,0.0,1.32191801071167,0.009999999776482582,0.009999999776482582
2026-01-06,2026-01-07T12:00:00Z,36,T2,0.029235001653432846,0.025164779275655746,2.167264223098755,0.011666666716337204,0.02666666731238365
2026-01-06,2026-01-07T13:00:00Z,37,T2,0.1311158984899521,0.030364809557795525,2.287264823913574,0.02500000037252903,0.061666667461395264
2026-01-06,2026-01-07T14:00:00Z,38,T2,0.09434328973293304,0.06573931127786636,3.453263282775879,0.013333333656191826,0.0716666653752327
2026-01-06,2026-01-07T15:00:00Z,39,T2,0.1331687718629837,0.10961505770683289,4.317258358001709,0.008333333767950535,0.0949999988079071
2026-01-06,2026-01-07T16:00:00Z,40,T2,0.21225960552692413,0.10288047790527344,3.9886786937713623,0.009999999776482582,0.125
2026-01-06,2026-01-07T17:00:00Z,41,T2,0.18398621678352356,0.09852555394172668,3.879805564880371,0.009999999776482582,0.23499999940395355
2026-01-06,2026-01-07T18:00:00Z,42,T2,0.1378464251756668,0.10013067722320557,3.919933557510376,0.009999999776482582,0.4300000071525574
2026-01-06,2026-01-07T19:00:00Z,43,T2,0.08120012283325195,0.059875693172216415,3.3687846660614014,0.009999999776482582,0.24666666984558105
2026-01-06,2026-01-07T20:00:00Z,44,T2,0.09490418434143066,0.057872552424669266,3.268627643585205,0.009999999776482582,0.4216666519641876
2026-01-06,2026-01-07T21:00:00Z,45,T2,0.09223847836256027,0.05686904117465019,3.218452215194702,0.009999999776482582,0.5049999952316284
2026-01-06,2026-01-07T22:00:00Z,46,T2,0.08402227610349655,0.03974972292780876,2.676384210586548,0.009999999776482582,0.8166666626930237
2026-01-06,2026-01-07T23:00:00Z,47,T2,0.05575937032699585,0.05591597035527229,3.1707985401153564,0.009999999776482582,0.9616666436195374
2026-01-06,2026-01-08T00:00:00Z,48,T2,0.06948154419660568,0.05322226881980896,2.9916701316833496,0.009999999776482582,0.8166666626930237
2026-01-07,2026-01-07T01:00:00Z,1,STATION,0.12552408874034882,0.061734799295663834,3.266160011291504,0.009999999776482582,0.9275000095367432
2026-01-07,2026-01-07T02:00:00Z,2,STATION,0.1756664216518402,0.14569570124149323,4.564870357513428,0.009999999776482582,0.9141666889190674
2026-01-07,2026-01-07T03:00:00Z,3,STATION,0.1084006056189537,0.053566012531518936,2.853490114212036,0.009999999776482582,0.9791666865348816
2026-01-07,2026-01-07T04:00:00Z,4,STATION,0.08334492146968842,0.025681523606181145,2.156341791152954,0.009999999776482582,0.9666666388511658
2026-01-07,2026-01-07T05:00:00Z,5,STATION,0.0,0.0,0.8814873099327087,0.009999999776482582,0.9441666603088379
2026-01-07,2026-01-07T06:00:00Z,6,STATION,0.0,0.0,1.309874176979065,0.009999999776482582,0.9800000190734863
2026-01-07,2026-01-07T07:00:00Z,7,STATION,0.0,0.024166665971279144,1.907345175743103,0.009999999776482582,0.9758333563804626
2026-01-07,2026-01-07T08:00:00Z,8,STATION,0.018118958920240402,0.022644564509391785,1.6466846466064453,0.009999999776482582,0.9733333587646484
2026-01-07,2026-01-07T09:00:00Z,9,STATION,0.05629285052418709,0.0,0.5088175535202026,0.009999999776482582,0.9700000286102295
2026-01-07,2026-01-07T10:00:00Z,10,STATION,0.03162163496017456,0.0,0.2794758677482605,0.009999999776482582,0.9800000190734863
2026-01-07,2026-01-07T11:00:00Z,11,STATION,0.01906704343855381,0.0,0.34030473232269287,0.009999999776482582,0.9758333563804626
2026-01-07,2026-01-07T12:00:00Z,12,STATION,0.04538729414343834,0.0,0.6414793729782104,0.017500000074505806,0.9800000190734863
2026-01-07,2026-01-07T13:00:00Z,13,STATION,0.06483282893896103,0.0,1.3140833377838135,0.024166665971279144,0.9800000190734863
2026-01-07,2026-01-07T14:00:00Z,14,STATION,0.15943890810012817,0.037537846714258194,2.529541492462158,0.014166667126119137,0.9683333039283752
2026-01-07,2026-01-07T15:00:00Z,15,STATION,0.1797068566083908,0.053470417857170105,2.8520562648773193,0.009166666306555271,0.753333330154419
2026-01-07,2026-01-07T16:00:00Z,16,STATION,0.20202606916427612,0.04878394305706024,2.781759023666382,0.009999999776482582,0.5983333587646484
2026-01-07,2026-01-07T17:00:00Z,17,STATION,0.17044638097286224,0.053470417857170105,2.8520562648773193,0.009999999776482582,0.2916666567325592
2026-01-07,2026-01-07T18:00:00Z,18,STATION,0.0929732620716095,0.024166665971279144,1.9897669553756714,0.009999999776482582,0.10499999672174454
2026-01-07,2026-01-07T19:00:00Z,19,STATION,0.05633290112018585,0.0,1.4273563623428345,0.009999999776482582,0.009166666306555271
2026-01-07,2026-01-07T20:00:00Z,20,STATION,0.04971916228532791,0.0,1.3669512271881104,0.009999999776482582,0.01666666753590107
2026-01-07,2026-01-07T21:00:00Z,21,STATION,0.1081850677728653,0.04092136770486832,2.663820505142212,0.009999999776482582,0.017500000074505806
2026-01-07,2026-01-07T22:00:00Z,22,STATION,0.07633362710475922,0.029847633093595505,2.242537260055542,0.009999999776482582,0.027499999850988388
2026-01-07,2026-01-07T23:00:00Z,23,STATION,0.07461438328027725,0.02216612547636032,1.599959373474121,0.009999999776482582,0.009999999776482582
2026-01-07,2026-01-08T00:00:00Z,24,STATION,0.14919617772102356,0.08904680609703064,3.6858654022216797,0.009999999776482582,0.009999999776482582
2026-01-07,2026-01-08T01:00:00Z,25,STATION,0.06042693182826042,0.10248487442731857,3.869112014770508,0.009999999776482582,0.9275000095367432
2026-01-07,2026-01-08T02:00:00Z,26,STATION,0.1250043660402298,0.10036730021238327,3.840235948562622,0.009999999776482582,0.9141666889190674
2026-01-07,2026-01-08T03:00:00Z,27,STATION,0.08278699964284897,0.10383795946836472,3.897110939025879,0.009999999776482582,0.9791666865348816
2026-01-07,2026-01-08T04:00:00Z,28,STATION,0.10472948849201202,0.18291118741035461,4.871219635009766,0.009999999776482582,0.9666666388511658
2026-01-07,2026-01-08T05:00:00Z,29,STATION,0.06968411058187485,0.11483484506607056,4.350226402282715,0.009999999776482582,0.9441666603088379
2026-01-07,2026-01-08T06:00:00Z,30,STATION,0.01251373440027237,0.16354328393936157,4.697775840759277,0.009999999776482582,0.9800000190734863
2026-01-07,2026-01-08T07:00:00Z,31,STATION,0.08307062834501266,0.1963193267583847,5.030831813812256,0.009999999776482582,0.9758333563804626
2026-01-07,2026-01-08T08:00:00Z,32,STATION,0.18572339415550232,0.1503286510705948,4.593527793884277,0.005833333358168602,0.9733333587646484
2026-01-07,2026-01-08T09:00:00Z,33,STATION,0.23577402532100677,0.12411506474018097,4.431381702423096,0.009999999776482582,0.9700000286102295
2026-01-07,2026-01-08T10:00:00Z,34,STATION,0.2125246226787567,0.19241775572299957,4.984013080596924,0.10499999672174454,0.9800000190734863
2026-01-07,2026-01-08T11:00:00Z,35,STATION,0.2780591547489166,0.2699679732322693,5.7468695640563965,0.1574999988079071,0.9758333563804626
2026-01-07,2026-01-08T12:00:00Z,36,STATION,0.49406203627586365,0.2315424382686615,5.279957294464111,0.14083333313465118,0.9800000190734863
2026-01-07,2026-01-08T13:00:00Z,37,STATION,0.3996093273162842,0.2561383545398712,5.650383949279785,0.14166666567325592,0.9800000190734863
2026-01-07,2026-01-08T14:00:00Z,38,STATION,0.4033006429672241,0.36176350712776184,6.27009916305542,0.029999999329447746,0.9683333039283752
2026-01-07,2026-01-08T15:00:00Z,39,STATION,0.5178984999656677,0.42661839723587036,6.551476001739502,0.009999999776482582,0.753333330154419
2026-01-07,2026-01-08T16:00:00Z,40,STATION,0.5758739113807678,0.42961612343788147,6.573410511016846,0.013333333656191826,0.5983333587646484
2026-01-07,2026-01-08T17:00:00Z,41,STATION,0.5621006488800049,0.42153069376945496,6.514248847961426,0.009166666306555271,0.2916666567325592
2026-01-07,2026-01-08T18:00:00Z,42,STATION,0.47868630290031433,0.30337026715278625,6.095052719116211,0.009166666306555271,0.10499999672174454
2026-01-07,2026-01-08T19:00:00Z,43,STATION,0.38103657960891724,0.42333272099494934,6.527434349060059,0.009999999776482582,0.009166666306555271
2026-01-07,2026-01-08T20:00:00Z,44,STATION,0.43499523401260376,0.4785662591457367,6.98792028427124,0.009999999776482582,0.01666666753590107
2026-01-07,2026-01-08T21:00:00Z,45,STATION,0.48376572132110596,0.5344278812408447,7.236772060394287,0.009999999776482582,0.017500000074505806
2026-01-07,2026-01-08T22:00:00Z,46,STATION,0.5818724632263184,0.5306007266044617,7.216084957122803,0.012500000186264515,0.027499999850988388
2026-01-07,2026-01-08T23:00:00Z,47,STATION,0.48595118522644043,0.4576224088668823,6.906321048736572,0.009999999776482582,0.009999999776482582
2026-01-07,2026-01-09T00:00:00Z,48,STATION,0.3898732662200928,0.4683696925640106,6.948193550109863,0.009999999776482582,0.009999999776482582
2026-01-07,2026-01-07T01:00:00Z,1,T1,0.13335199654102325,0.06564640253782272,3.266160011291504,0.009999999776482582,0.9266666769981384
2026-01-07,2026-01-07T02:00:00Z,2,T1,0.19376881420612335,0.14911344647407532,4.564870357513428,0.009999999776482582,0.9116666913032532
2026-01-07,2026-01-07T03:00:00Z,3,T1,0.06765615195035934,0.05675594508647919,2.853490114212036,0.009999999776482582,0.9816666841506958
2026-01-07,2026-01-07T04:00:00Z,4,T1,0.10106293857097626,0.02667156606912613,2.156341791152954,0.009999999776482582,0.9766666889190674
2026-01-07,2026-01-07T05:00:00Z,5,T1,0.0,0.0,0.8814873099327087,0.009999999776482582,0.9733333587646484
2026-01-07,2026-01-07T06:00:00Z,6,T1,0.0,0.0,1.309874176979065,0.009999999776482582,0.9850000143051147
2026-01-07,2026-01-07T07:00:00Z,7,T1,0.0,0.02500000037252903,1.907345175743103,0.009999999776482582,0.9800000190734863
2026-01-07,2026-01-07T08:00:00Z,8,T1,0.004774237517267466,0.02195579558610916,1.6466846466064453,0.009999999776482582,0.9766666889190674
2026-01-07,2026-01-07T09:00:00Z,9,T1,0.05042086914181709,0.0,0.5088175535202026,0.009999999776482582,0.971666693687439
2026-01-07,2026-01-07T10:00:00Z,10,T1,0.024310514330863953,0.0,0.2794758677482605,0.009999999776482582,0.9900000095367432
2026-01-07,2026-01-07T11:00:00Z,11,T1,0.026336675509810448,0.0,0.34030473232269287,0.009999999776482582,0.9883333444595337
2026-01-07,2026-01-07T12:00:00Z,12,T1,0.053028229624032974,0.0,0.6414793729782104,0.023333333432674408,0.9883333444595337
2026-01-07,2026-01-07T13:00:00Z,13,T1,0.08320240676403046,0.0,1.3140833377838135,0.023333333432674408,0.9900000095367432
2026-01-07,2026-01-07T14:00:00Z,14,T1,0.20339372754096985,0.03936361148953438,2.529541492462158,0.014999999664723873,0.9750000238418579
2026-01-07,2026-01-07T15:00:00Z,15,T1,0.20668625831604004,0.0566507950425148,2.8520562648773193,0.009999999776482582,0.7566666603088379
2026-01-07,2026-01-07T16:00:00Z,16,T1,0.21135330200195312,0.051495667546987534,2.781759023666382,0.009999999776482582,0.5899999737739563
2026-01-07,2026-01-07T17:00:00Z,17,T1,0.1787155121564865,0.0566507950425148,2.8520562648773193,0.009999999776482582,0.3199999928474426
2026-01-07,2026-01-07T18:00:00Z,18,T1,0.09218573570251465,0.02500000037252903,1.9897669553756714,0.009999999776482582,0.1133333370089531
2026-01-07,2026-01-07T19:00:00Z,19,T1,0.06259448081254959,0.0,1.4273563623428345,0.009999999776482582,0.009999999776482582
2026-01-07,2026-01-07T20:00:00Z,20,T1,0.04869118705391884,0.0,1.3669512271881104,0.009999999776482582,0.01666666753590107
2026-01-07,2026-01-07T21:00:00Z,21,T1,0.11712101101875305,0.042846836149692535,2.663820505142212,0.009999999776482582,0.021666666492819786
2026-01-07,2026-01-07T22:00:00Z,22,T1,0.0766095444560051,0.0312686525285244,2.242537260055542,0.009999999776482582,0.028333334252238274
2026-01-07,2026-01-07T23:00:00Z,23,T1,0.052991583943367004,0.02149972878396511,1.599959373474121,0.009999999776482582,0.009999999776482582
2026-01-07,2026-01-08T00:00:00Z,24,T1,0.18832610547542572,0.0948910340666771,3.6858654022216797,0.009999999776482582,0.009999999776482582
2026-01-07,2026-01-08T01:00:00Z,25,T1,0.06226396560668945,0.10710746049880981,3.869112014770508,0.009999999776482582,0.9266666769981384
2026-01-07,2026-01-08T02:00:00Z,26,T1,0.13168266415596008,0.10518239438533783,3.840235948562622,0.009999999776482582,0.9116666913032532
2026-01-07,2026-01-08T03:00:00Z,27,T1,0.10787994414567947,0.10845814645290375,3.897110939025879,0.009999999776482582,0.9816666841506958
2026-01-07,2026-01-08T04:00:00Z,28,T1,0.11881877481937408,0.18787968158721924,4.871219635009766,0.009999999776482582,0.9766666889190674
2026-01-07,2026-01-08T05:00:00Z,29,T1,0.07524718344211578,0.11983484029769897,4.350226402282715,0.009999999776482582,0.9733333587646484
2026-01-07,2026-01-08T06:00:00Z,30,T1,0.018784284591674805,0.16706642508506775,4.697775840759277,0.009999999776482582,0.9850000143051147
2026-01-07,2026-01-08T07:00:00Z,31,T1,0.1335417628288269,0.20183876156806946,5.030831813812256,0.009999999776482582,0.9800000190734863
2026-01-07,2026-01-08T08:00:00Z,32,T1,0.20945172011852264,0.15350759029388428,4.593527793884277,0.008333333767950535,0.9766666889190674
2026-01-07,2026-01-08T09:00:00Z,33,T1,0.2407439649105072,0.12864521145820618,4.431381702423096,0.009999999776482582,0.971666693687439
2026-01-07,2026-01-08T10:00:00Z,34,T1,0.24565495550632477,0.19778114557266235,4.984013080596924,0.10333333164453506,0.9900000095367432
2026-01-07,2026-01-08T11:00:00Z,35,T1,0.29006427526474,0.27702000737190247,5.7468695640563965,0.15333333611488342,0.9883333444595337
2026-01-07,2026-01-08T12:00:00Z,36,T1,0.47110551595687866,0.2378922998905182,5.279957294464111,0.1433333307504654,0.9883333444595337
2026-01-07,2026-01-08T13:00:00Z,37,T1,0.4177359938621521,0.26222550868988037,5.650383949279785,0.1483333259820938,0.9900000095367432
2026-01-07,2026-01-08T14:00:00Z,38,T1,0.3889535069465637,0.3693566620349884,6.27009916305542,0.038333334028720856,0.9750000238418579
2026-01-07,2026-01-08T15:00:00Z,39,T1,0.5498983263969421,0.43519681692123413,6.551476001739502,0.009999999776482582,0.7566666603088379
2026-01-07,2026-01-08T16:00:00Z,40,T1,0.5524522662162781,0.43812140822410583,6.573410511016846,0.01666666753590107,0.5899999737739563
2026-01-07,2026-01-08T17:00:00Z,41,T1,0.5642066597938538,0.4302332103252411,6.514248847961426,0.009999999776482582,0.3199999928474426
2026-01-07,2026-01-08T18:00:00Z,42,T1,0.48275241255760193,0.309136301279068,6.095052719116211,0.009999999776482582,0.1133333370089531
2026-01-07,2026-01-08T19:00:00Z,43,T1,0.4500991106033325,0.43199124932289124,6.527434349060059,0.009999999776482582,0.009999999776482582
2026-01-07,2026-01-08T20:00:00Z,44,T1,0.4963234066963196,0.4866439700126648,6.98792028427124,0.011666666716337204,0.01666666753590107
2026-01-07,2026-01-08T21:00:00Z,45,T1,0.5431444048881531,0.5386286973953247,7.236772060394287,0.009999999776482582,0.021666666492819786
2026-01-07,2026-01-08T22:00:00Z,46,T1,0.6305786371231079,0.5351808071136475,7.216084957122803,0.013333333656191826,0.028333334252238274
2026-01-07,2026-01-08T23:00:00Z,47,T1,0.5048205256462097,0.466788113117218,6.906321048736572,0.009999999776482582,0.009999999776482582
2026-01-07,2026-01-09T00:00:00Z,48,T1,0.3660981357097626,0.4769771099090576,6.948193550109863,0.009999999776482582,0.009999999776482582
2026-01-07,2026-01-07T01:00:00Z,1,T2,0.11769619584083557,0.05782319977879524,3.266160011291504,0.009999999776482582,0.9283333420753479
2026-01-07,2026-01-07T02:00:00Z,2,T2,0.15756404399871826,0.14227795600891113,4.564870357513428,0.009999999776482582,0.9166666865348816
2026-01-07,2026-01-07T03:00:00Z,3,T2,0.14914506673812866,0.05037607625126839,2.853490114212036,0.009999999776482582,0.9766666889190674
2026-01-07,2026-01-07T04:00:00Z,4,T2,0.06562691181898117,0.02469148114323616,2.156341791152954,0.009999999776482582,0.9566666483879089
2026-01-07,2026-01-07T05:00:00Z,5,T2,0.0,0.0,0.8814873099327087,0.009999999776482582,0.9150000214576721
2026-01-07,2026-01-07T06:00:00Z,6,T2,0.0,0.0,1.309874176979065,0.009999999776482582,0.9750000238418579
2026-01-07,2026-01-07T07:00:00Z,7,T2,0.0,0.023333333432674408,1.907345175743103,0.009999999776482582,0.971666693687439
2026-01-07,2026-01-07T08:00:00Z,8,T2,0.03146367892622948,0.023333333432674408,1.6466846466064453,0.009999999776482582,0.9700000286102295
2026-01-07,2026-01-07T09:00:00Z,9,T2,0.062164828181266785,0.0,0.5088175535202026,0.009999999776482582,0.9683333039283752
2026-01-07,2026-01-07T10:00:00Z,10,T2,0.03893275186419487,0.0,0.2794758677482605,0.009999999776482582,0.9700000286102295
2026-01-07,2026-01-07T11:00:00Z,11,T2,0.011797412298619747,0.0,0.34030473232269287,0.009999999776482582,0.9633333086967468
2026-01-07,2026-01-07T12:00:00Z,12,T2,0.037746358662843704,0.0,0.6414793729782104,0.011666666716337204,0.971666693687439
2026-01-07,2026-01-07T13:00:00Z,13,T2,0.0464632585644722,0.0,1.3140833377838135,0.02500000037252903,0.9700000286102295
2026-01-07,2026-01-07T14:00:00Z,14,T2,0.1154840737581253,0.03571208193898201,2.529541492462158,0.013333333656191826,0.9616666436195374
2026-01-07,2026-01-07T15:00:00Z,15,T2,0.15272743999958038,0.05029004439711571,2.8520562648773193,0.008333333767950535,0.75
2026-01-07,2026-01-07T16:00:00Z,16,T2,0.19269883632659912,0.04607221484184265,2.781759023666382,0.009999999776482582,0.6066666841506958
2026-01-07,2026-01-07T17:00:00Z,17,T2,0.16217724978923798,0.05029004439711571,2.8520562648773193,0.009999999776482582,0.2633333206176758
2026-01-07,2026-01-07T18:00:00Z,18,T2,0.09376078844070435,0.023333333432674408,1.9897669553756714,0.009999999776482582,0.09666666388511658
2026-01-07,2026-01-07T19:00:00Z,19,T2,0.05007132142782211,0.0,1.4273563623428345,0.009999999776482582,0.008333333767950535
2026-01-07,2026-01-07T20:00:00Z,20,T2,0.050747133791446686,0.0,1.3669512271881104,0.009999999776482582,0.01666666753590107
2026-01-07,2026-01-07T21:00:00Z,21,T2,0.09924912452697754,0.0389958955347538,2.663820505142212,0.009999999776482582,0.013333333656191826
2026-01-07,2026-01-07T22:00:00Z,22,T2,0.07605771720409393,0.02842661365866661,2.242537260055542,0.009999999776482582,0.02666666731238365
2026-01-07,2026-01-07T23:00:00Z,23,T2,0.0962371751666069,0.022832520306110382,1.599959373474121,0.009999999776482582,0.009999999776482582
2026-01-07,2026-01-08T00:00:00Z,24,T2,0.1100662499666214,0.08320257812738419,3.6858654022216797,0.009999999776482582,0.009999999776482582
2026-01-07,2026-01-08T01:00:00Z,25,T2,0.05858990177512169,0.09786228835582733,3.869112014770508,0.009999999776482582,0.9283333420753479
2026-01-07,2026-01-08T02:00:00Z,26,T2,0.11832606047391891,0.09555220603942871,3.840235948562622,0.009999999776482582,0.9166666865348816
2026-01-07,2026-01-08T03:00:00Z,27,T2,0.05769405886530876,0.09921777248382568,3.897110939025879,0.009999999776482582,0.9766666889190674
2026-01-07,2026-01-08T04:00:00Z,28,T2,0.09064020216464996,0.17794269323349,4.871219635009766,0.009999999776482582,0.9566666483879089
2026-01-07,2026-01-08T05:00:00Z,29,T2,0.06412103772163391,0.10983484238386154,4.350226402282715,0.009999999776482582,0.9150000214576721
2026-01-07,2026-01-08T06:00:00Z,30,T2,0.006243184674531221,0.1600201576948166,4.697775840759277,0.009999999776482582,0.9750000238418579
2026-01-07,2026-01-08T07:00:00Z,31,T2,0.032599497586488724,0.19079987704753876,5.030831813812256,0.009999999776482582,0.971666693687439
2026-01-07,2026-01-08T08:00:00Z,32,T2,0.161995068192482,0.1471497118473053,4.593527793884277,0.0033333334140479565,0.9700000286102295
2026-01-07,2026-01-08T09:00:00Z,33,T2,0.23080407083034515,0.11958491057157516,4.431381702423096,0.009999999776482582,0.9683333039283752
2026-01-07,2026-01-08T10:00:00Z,34,T2,0.17939428985118866,0.18705438077449799,4.984013080596924,0.1066666692495346,0.9700000286102295
2026-01-07,2026-01-08T11:00:00Z,35,T2,0.26605403423309326,0.2629159390926361,5.7468695640563965,0.1616666615009308,0.9633333086967468
2026-01-07,2026-01-08T12:00:00Z,36,T2,0.5170185565948486,0.225192591547966,5.279957294464111,0.13833333551883698,0.971666693687439
2026-01-07,2026-01-08T13:00:00Z,37,T2,0.38148266077041626,0.2500511705875397,5.650383949279785,0.13500000536441803,0.9700000286102295
2026-01-07,2026-01-08T14:00:00Z,38,T2,0.4176477789878845,0.3541703522205353,6.27009916305542,0.021666666492819786,0.9616666436195374
2026-01-07,2026-01-08T15:00:00Z,39,T2,0.4858986437320709,0.4180399775505066,6.551476001739502,0.009999999776482582,0.75
2026-01-07,2026-01-08T16:00:00Z,40,T2,0.5992955565452576,0.4211108088493347,6.573410511016846,0.009999999776482582,0.6066666841506958
2026-01-07,2026-01-08T17:00:00Z,41,T2,0.5599946975708008,0.4128282070159912,6.514248847961426,0.008333333767950535,0.2633333206176758
2026-01-07,2026-01-08T18:00:00Z,42,T2,0.47462016344070435,0.29760420322418213,6.095052719116211,0.008333333767950535,0.09666666388511658
2026-01-07,2026-01-08T19:00:00Z,43,T2,0.31197404861450195,0.41467416286468506,6.527434349060059,0.009999999776482582,0.008333333767950535
2026-01-07,2026-01-08T20:00:00Z,44,T2,0.37366706132888794,0.4704885184764862,6.98792028427124,0.008333333767950535,0.01666666753590107
2026-01-07,2026-01-08T21:00:00Z,45,T2,0.42438700795173645,0.53022700548172,7.236772060394287,0.009999999776482582,0.013333333656191826
2026-01-07,2026-01-08T22:00:00Z,46,T2,0.5331662893295288,0.5260205864906311,7.216084957122803,0.011666666716337204,0.02666666731238365
2026-01-07,2026-01-08T23:00:00Z,47,T2,0.46708181500434875,0.44845667481422424,6.906321048736572,0.009999999776482582,0.009999999776482582
2026-01-07,2026-01-09T00:00:00Z,48,T2,0.413648396730423,0.4597622752189636,6.948193550109863,0.009999999776482582,0.009999999776482582
2026-01-08,2026-01-08T01:00:00Z,1,STATION,0.0,0.023827295750379562,2.034275531768799,0.009999999776482582,0.009999999776482582
2026-01-08,2026-01-08T02:00:00Z,2,STATION,0.05274997279047966,0.0,0.47329550981521606,0.009999999776482582,0.009999999776482582
2026-01-08,2026-01-08T03:00:00Z,3,STATION,0.0,0.05444873124361038,2.9706056118011475,0.009999999776482582,0.009999999776482582
2026-01-08,2026-01-08T04:00:00Z,4,STATION,0.024076132103800774,0.05470976606011391,2.9929800033569336,0.009999999776482582,0.009999999776482582
2026-01-08,2026-01-08T05:00:00Z,5,STATION,0.04643584415316582,0.030492672696709633,2.2563185691833496,0.009999999776482582,0.009999999776482582
2026-01-08,2026-01-08T06:00:00Z,6,STATION,0.04243525490164757,0.042417556047439575,2.7026455402374268,0.009999999776482582,0.009999999776482582
2026-01-08,2026-01-08T07:00:00Z,7,STATION,0.06381875276565552,0.05455023795366287,2.9793059825897217,0.009999999776482582,0.009999999776482582
2026-01-08,2026-01-08T08:00:00Z,8,STATION,0.08696937561035156,0.06511978805065155,3.406437397003174,0.005833333358168602,0.009999999776482582
2026-01-08,2026-01-08T09:00:00Z,9,STATION,0.23579032719135284,0.05474846065044403,2.9962964057922363,0.009999999776482582,0.009999999776482582
2026-01-08,2026-01-08T10:00:00Z,10,STATION,0.1230572760105133,0.06278804689645767,3.3784565925598145,0.10499999672174454,0.009999999776482582
2026-01-08,2026-01-08T11:00:00Z,11,STATION,0.1305817812681198,0.11337704956531525,4.131557941436768,0.1574999988079071,0.009999999776482582
2026-01-08,2026-01-08T12:00:00Z,12,STATION,0.26070743799209595,0.09935228526592255,3.8459510803222656,0.14083333313465118,0.017500000074505806
2026-01-08,2026-01-08T13:00:00Z,13,STATION,0.20417602360248566,0.10627268999814987,3.9763548374176025,0.14166666567325592,0.024166665971279144
2026-01-08,2026-01-08T14:00:00Z,14,STATION,0.19293861091136932,0.117219477891922,4.3885884284973145,0.029999999329447746,0.014166667126119137
2026-01-08,2026-01-08T15:00:00Z,15,STATION,0.2611005902290344,0.1149536669254303,4.3680500984191895,0.009999999776482582,0.009166666306555271
2026-01-08,2026-01-08T16:00:00Z,16,STATION,0.29162684082984924,0.11059664189815521,4.067385673522949,0.013333333656191826,0.009999999776482582
2026-01-08,2026-01-08T17:00:00Z,17,STATION,0.17327411472797394,0.12060590088367462,4.4093217849731445,0.009166666306555271,0.009999999776482582
2026-01-08,2026-01-08T18:00:00Z,18,STATION,0.21459780633449554,0.21947696805000305,5.213328838348389,0.009166666306555271,0.009999999776482582
2026-01-08,2026-01-08T19:00:00Z,19,STATION,0.21570852398872375,0.25112125277519226,5.556062698364258,0.009999999776482582,0.009999999776482582
2026-01-08,2026-01-08T20:00:00Z,20,STATION,0.3072112202644348,0.24795424938201904,5.397712230682373,0.009999999776482582,0.009999999776482582
2026-01-08,2026-01-08T21:00:00Z,21,STATION,0.3059879243373871,0.23062925040721893,5.2776689529418945,0.009999999776482582,0.009999999776482582
2026-01-08,2026-01-08T22:00:00Z,22,STATION,0.2582423985004425,0.24634845554828644,5.368356227874756,0.012500000186264515,0.009999999776482582
2026-01-08,2026-01-08T23:00:00Z,23,STATION,0.23550984263420105,0.25239425897598267,5.6197123527526855,0.009999999776482582,0.009999999776482582
2026-01-08,2026-01-09T00:00:00Z,24,STATION,0.2203059196472168,0.3765160143375397,6.3094940185546875,0.009999999776482582,0.009999999776482582
2026-01-08,2026-01-09T01:00:00Z,25,STATION,0.3909026086330414,0.4466870427131653,6.849006175994873,0.009999999776482582,0.009999999776482582
2026-01-08,2026-01-09T02:00:00Z,26,STATION,0.4591823220252991,0.4455457627773285,6.8309855461120605,0.009166666306555271,0.009999999776482582
2026-01-08,2026-01-09T03:00:00Z,27,STATION,0.41742396354675293,0.43823108077049255,6.715490818023682,0.009999999776482582,0.009999999776482582
2026-01-08,2026-01-09T04:00:00Z,28,STATION,0.3696831464767456,0.4816271662712097,7.002237796783447,0.008333333767950535,0.009999999776482582
2026-01-08,2026-01-09T05:00:00Z,29,STATION,0.5031456351280212,0.2693807780742645,5.75160551071167,0.009999999776482582,0.009999999776482582
2026-01-08,2026-01-09T06:00:00Z,30,STATION,0.42365601658821106,0.2545836269855499,5.640627384185791,0.009999999776482582,0.009999999776482582
2026-01-08,2026-01-09T07:00:00Z,31,STATION,0.31856951117515564,0.30276790261268616,6.116922378540039,0.009999999776482582,0.009999999776482582
2026-01-08,2026-01-09T08:00:00Z,32,STATION,0.44285833835601807,0.3098929822444916,6.141536712646484,0.009166666306555271,0.009999999776482582
2026-01-08,2026-01-09T09:00:00Z,33,STATION,0.5473247170448303,0.18786776065826416,4.9027419090271,0.009999999776482582,0.009999999776482582
2026-01-08,2026-01-09T10:00:00Z,34,STATION,0.40952810645103455,0.0842306986451149,3.6373775005340576,0.009999999776482582,0.009999999776482582
2026-01-08,2026-01-09T11:00:00Z,35,STATION,0.3249013125896454,0.03694778308272362,2.5421674251556396,0.010833333246409893,0.009999999776482582
2026-01-08,2026-01-09T12:00:00Z,36,STATION,0.10190659761428833,0.05604488402605057,3.1074185371398926,0.025833332911133766,0.017500000074505806
2026-01-08,2026-01-09T13:00:00Z,37,STATION,0.18723902106285095,0.0568261444568634,3.148045778274536,0.018333332613110542,0.024166665971279144
2026-01-08,2026-01-09T14:00:00Z,38,STATION,0.14504598081111908,0.10208854079246521,3.8882675170898438,0.008333333767950535,0.014166667126119137
2026-01-08,2026-01-09T15:00:00Z,39,STATION,0.14961962401866913,0.11429928988218307,4.269893646240234,0.008333333767950535,0.009166666306555271
2026-01-08,2026-01-09T16:00:00Z,40,STATION,0.18464380502700806,0.11779730767011642,4.392126560211182,0.009999999776482582,0.009999999776482582
2026-01-08,2026-01-09T17:00:00Z,41,STATION,0.19769267737865448,0.11480003595352173,4.345005035400391,0.009999999776482582,0.009999999776482582
2026-01-08,2026-01-09T18:00:00Z,42,STATION,0.1539466232061386,0.1148061603307724,4.345924377441406,0.009999999776482582,0.009999999776482582
2026-01-08,2026-01-09T19:00:00Z,43,STATION,0.1774333417415619,0.17400528490543365,4.776432991027832,0.009999999776482582,0.009999999776482582
2026-01-08,2026-01-09T20:00:00Z,44,STATION,0.213252991437912,0.22881317138671875,5.267191410064697,0.009999999776482582,0.009999999776482582
2026-01-08,2026-01-09T21:00:00Z,45,STATION,0.15127640962600708,0.22046951949596405,5.21905517578125,0.009999999776482582,0.009999999776482582
2026-01-08,2026-01-09T22:00:00Z,46,STATION,0.1060088649392128,0.20311619341373444,5.11067533493042,0.009999999776482582,0.009999999776482582
2026-01-08,2026-01-09T23:00:00Z,47,STATION,0.08592502772808075,0.24805064499378204,5.40253210067749,0.009999999776482582,0.009999999776482582
2026-01-08,2026-01-10T00:00:00Z,48,STATION,0.17906539142131805,0.24768014252185822,5.384007453918457,0.009166666306555271,0.009999999776482582
2026-01-08,2026-01-08T01:00:00Z,1,T1,0.0,0.02439516969025135,2.034275531768799,0.009999999776482582,0.009999999776482582
2026-01-08,2026-01-08T02:00:00Z,2,T1,0.047620777040719986,0.0,0.47329550981521606,0.009999999776482582,0.009999999776482582
2026-01-08,2026-01-08T03:00:00Z,3,T1,0.0,0.05659342557191849,2.9706056118011475,0.009999999776482582,0.009999999776482582
2026-01-08,2026-01-08T04:00:00Z,4,T1,0.032166797667741776,0.05696633458137512,2.9929800033569336,0.009999999776482582,0.009999999776482582
2026-01-08,2026-01-08T05:00:00Z,5,T1,0.05037020519375801,0.03200366348028183,2.2563185691833496,0.009999999776482582,0.009999999776482582
2026-01-08,2026-01-08T06:00:00Z,6,T1,0.056998543441295624,0.044658735394477844,2.7026455402374268,0.009999999776482582,0.009999999776482582
2026-01-08,2026-01-08T07:00:00Z,7,T1,0.07805131375789642,0.056738436222076416,2.9793059825897217,0.009999999776482582,0.009999999776482582
2026-01-08,2026-01-08T08:00:00Z,8,T1,0.10413068532943726,0.06960082799196243,3.406437397003174,0.008333333767950535,0.009999999776482582
2026-01-08,2026-01-08T09:00:00Z,9,T1,0.254977285861969,0.0570216067135334,2.9962964057922363,0.009999999776482582,0.009999999776482582
2026-01-08,2026-01-08T10:00:00Z,10,T1,0.13535191118717194,0.06698928028345108,3.3784565925598145,0.10333333164453506,0.009999999776482582
2026-01-08,2026-01-08T11:00:00Z,11,T1,0.12527070939540863,0.11837705224752426,4.131557941436768,0.15333333611488342,0.009999999776482582
2026-01-08,2026-01-08T12:00:00Z,12,T1,0.27104565501213074,0.10399356484413147,3.8459510803222656,0.1433333307504654,0.023333333432674408
2026-01-08,2026-01-08T13:00:00Z,13,T1,0.19577714800834656,0.11090108007192612,3.9763548374176025,0.1483333259820938,0.023333333432674408
2026-01-08,2026-01-08T14:00:00Z,14,T1,0.1874595433473587,0.12208358943462372,4.3885884284973145,0.038333334028720856,0.014999999664723873
2026-01-08,2026-01-08T15:00:00Z,15,T1,0.24063342809677124,0.11995366960763931,4.3680500984191895,0.009999999776482582,0.009999999776482582
2026-01-08,2026-01-08T16:00:00Z,16,T1,0.2769530713558197,0.1154526099562645,4.067385673522949,0.01666666753590107,0.009999999776482582
2026-01-08,2026-01-08T17:00:00Z,17,T1,0.15876269340515137,0.12526269257068634,4.4093217849731445,0.009999999776482582,0.009999999776482582
2026-01-08,2026-01-08T18:00:00Z,18,T1,0.2437196522951126,0.22589915990829468,5.213328838348389,0.009999999776482582,0.009999999776482582
2026-01-08,2026-01-08T19:00:00Z,19,T1,0.1908724009990692,0.25741416215896606,5.556062698364258,0.009999999776482582,0.009999999776482582
2026-01-08,2026-01-08T20:00:00Z,20,T1,0.29309162497520447,0.2553028464317322,5.397712230682373,0.011666666716337204,0.009999999776482582
2026-01-08,2026-01-08T21:00:00Z,21,T1,0.2911527156829834,0.23748037219047546,5.2776689529418945,0.009999999776482582,0.009999999776482582
2026-01-08,2026-01-08T22:00:00Z,22,T1,0.28822484612464905,0.25380414724349976,5.368356227874756,0.013333333656191826,0.009999999776482582
2026-01-08,2026-01-08T23:00:00Z,23,T1,0.25410890579223633,0.25826284289360046,5.6197123527526855,0.009999999776482582,0.009999999776482582
2026-01-08,2026-01-09T00:00:00Z,24,T1,0.26453697681427,0.38459092378616333,6.3094940185546875,0.009999999776482582,0.009999999776482582
2026-01-08,2026-01-09T01:00:00Z,25,T1,0.3901328146457672,0.4566003978252411,6.849006175994873,0.009999999776482582,0.009999999776482582
2026-01-08,2026-01-09T02:00:00Z,26,T1,0.4319084584712982,0.4553990364074707,6.8309855461120605,0.009999999776482582,0.009999999776482582
2026-01-08,2026-01-09T03:00:00Z,27,T1,0.4429004490375519,0.4476993680000305,6.715490818023682,0.009999999776482582,0.009999999776482582
2026-01-08,2026-01-09T04:00:00Z,28,T1,0.36622127890586853,0.48929446935653687,7.002237796783447,0.009999999776482582,0.009999999776482582
2026-01-08,2026-01-09T05:00:00Z,29,T1,0.4833233654499054,0.2769021689891815,5.75160551071167,0.009999999776482582,0.009999999776482582
2026-01-08,2026-01-09T06:00:00Z,30,T1,0.39944988489151,0.26062533259391785,5.640627384185791,0.009999999776482582,0.009999999776482582
2026-01-08,2026-01-09T07:00:00Z,31,T1,0.28826719522476196,0.3079025149345398,6.116922378540039,0.009999999776482582,0.009999999776482582
2026-01-08,2026-01-09T08:00:00Z,32,T1,0.3772090971469879,0.3151685893535614,6.141536712646484,0.009999999776482582,0.009999999776482582
2026-01-08,2026-01-09T09:00:00Z,33,T1,0.5522462129592896,0.19370108842849731,4.9027419090271,0.011666666716337204,0.009999999776482582
2026-01-08,2026-01-09T10:00:00Z,34,T1,0.4269091486930847,0.09078390151262283,3.6373775005340576,0.009999999776482582,0.009999999776482582
2026-01-08,2026-01-09T11:00:00Z,35,T1,0.3739432990550995,0.03944778069853783,2.5421674251556396,0.011666666716337204,0.009999999776482582
2026-01-08,2026-01-09T12:00:00Z,36,T1,0.10393447428941727,0.05887364223599434,3.1074185371398926,0.03166666626930237,0.023333333432674408
2026-01-08,2026-01-09T13:00:00Z,37,T1,0.146230548620224,0.059858039021492004,3.148045778274536,0.02500000037252903,0.023333333432674408
2026-01-08,2026-01-09T14:00:00Z,38,T1,0.12315695732831955,0.10649670660495758,3.8882675170898438,0.009999999776482582,0.014999999664723873
2026-01-08,2026-01-09T15:00:00Z,39,T1,0.13416145741939545,0.11929929256439209,4.269893646240234,0.008333333767950535,0.009999999776482582
2026-01-08,2026-01-09T16:00:00Z,40,T1,0.14600986242294312,0.12262604385614395,4.392126560211182,0.009999999776482582,0.009999999776482582
2026-01-08,2026-01-09T17:00:00Z,41,T1,0.189272940158844,0.11980003118515015,4.345005035400391,0.009999999776482582,0.009999999776482582
2026-01-08,2026-01-09T18:00:00Z,42,T1,0.1792820245027542,0.11980616301298141,4.345924377441406,0.009999999776482582,0.009999999776482582
2026-01-08,2026-01-09T19:00:00Z,43,T1,0.20488907396793365,0.17852438986301422,4.776432991027832,0.009999999776482582,0.009999999776482582
2026-01-08,2026-01-09T20:00:00Z,44,T1,0.21586722135543823,0.23559445142745972,5.267191410064697,0.009999999776482582,0.009999999776482582
2026-01-08,2026-01-09T21:00:00Z,45,T1,0.1523500233888626,0.22692988812923431,5.21905517578125,0.009999999776482582,0.009999999776482582
2026-01-08,2026-01-09T22:00:00Z,46,T1,0.13292419910430908,0.2089495211839676,5.11067533493042,0.009999999776482582,0.009999999776482582
2026-01-08,2026-01-09T23:00:00Z,47,T1,0.14479383826255798,0.25536710023880005,5.40253210067749,0.009999999776482582,0.009999999776482582
2026-01-08,2026-01-10T00:00:00Z,48,T1,0.2584257125854492,0.25512009859085083,5.384007453918457,0.009999999776482582,0.009999999776482582
2026-01-08,2026-01-08T01:00:00Z,1,T2,0.0,0.023259421810507774,2.034275531768799,0.009999999776482582,0.009999999776482582
2026-01-08,2026-01-08T02:00:00Z,2,T2,0.057879168540239334,0.0,0.47329550981521606,0.009999999776482582,0.009999999776482582
2026-01-08,2026-01-08T03:00:00Z,3,T2,0.0,0.05230403691530228,2.9706056118011475,0.009999999776482582,0.009999999776482582
2026-01-08,2026-01-08T04:00:00Z,4,T2,0.01598546840250492,0.05245320126414299,2.9929800033569336,0.009999999776482582,0.009999999776482582
2026-01-08,2026-01-08T05:00:00Z,5,T2,0.04250148683786392,0.028981683775782585,2.2563185691833496,0.009999999776482582,0.009999999776482582
2026-01-08,2026-01-08T06:00:00Z,6,T2,0.02787196636199951,0.04017637297511101,2.7026455402374268,0.009999999776482582,0.009999999776482582
2026-01-08,2026-01-08T07:00:00Z,7,T2,0.04958620294928551,0.05236203968524933,2.9793059825897217,0.009999999776482582,0.009999999776482582
2026-01-08,2026-01-08T08:00:00Z,8,T2,0.06980805844068527,0.06063874438405037,3.406437397003174,0.0033333334140479565,0.009999999776482582
2026-01-08,2026-01-08T09:00:00Z,9,T2,0.2166033685207367,0.05247531086206436,2.9962964057922363,0.009999999776482582,0.009999999776482582
2026-01-08,2026-01-08T10:00:00Z,10,T2,0.11076263338327408,0.058586813509464264,3.3784565925598145,0.1066666692495346,0.009999999776482582
2026-01-08,2026-01-08T11:00:00Z,11,T2,0.135892853140831,0.10837705433368683,4.131557941436768,0.1616666615009308,0.009999999776482582
2026-01-08,2026-01-08T12:00:00Z,12,T2,0.25036922097206116,0.09471099823713303,3.8459510803222656,0.13833333551883698,0.011666666716337204
2026-01-08,2026-01-08T13:00:00Z,13,T2,0.21257491409778595,0.10164430737495422,3.9763548374176025,0.13500000536441803,0.02500000037252903
2026-01-08,2026-01-08T14:00:00Z,14,T2,0.19841767847537994,0.11235535889863968,4.3885884284973145,0.021666666492819786,0.013333333656191826
2026-01-08,2026-01-08T15:00:00Z,15,T2,0.2815677523612976,0.10995367169380188,4.3680500984191895,0.009999999776482582,0.008333333767950535
2026-01-08,2026-01-08T16:00:00Z,16,T2,0.30630064010620117,0.10574068129062653,4.067385673522949,0.009999999776482582,0.009999999776482582
2026-01-08,2026-01-08T17:00:00Z,17,T2,0.1877855360507965,0.1159491240978241,4.4093217849731445,0.008333333767950535,0.009999999776482582
2026-01-08,2026-01-08T18:00:00Z,18,T2,0.18547596037387848,0.21305477619171143,5.213328838348389,0.008333333767950535,0.009999999776482582
2026-01-08,2026-01-08T19:00:00Z,19,T2,0.2405446618795395,0.24482832849025726,5.556062698364258,0.009999999776482582,0.009999999776482582
2026-01-08,2026-01-08T20:00:00Z,20,T2,0.32133081555366516,0.2406056672334671,5.397712230682373,0.008333333767950535,0.009999999776482582
2026-01-08,2026-01-08T21:00:00Z,21,T2,0.32082313299179077,0.2237781286239624,5.2776689529418945,0.009999999776482582,0.009999999776482582
2026-01-08,2026-01-08T22:00:00Z,22,T2,0.22825996577739716,0.23889273405075073,5.368356227874756,0.011666666716337204,0.009999999776482582
2026-01-08,2026-01-08T23:00:00Z,23,T2,0.21691077947616577,0.24652566015720367,5.6197123527526855,0.009999999776482582,0.009999999776482582
2026-01-08,2026-01-09T00:00:00Z,24,T2,0.17607487738132477,0.368441104888916,6.3094940185546875,0.009999999776482582,0.009999999776482582
2026-01-08,2026-01-09T01:00:00Z,25,T2,0.39167240262031555,0.4367736876010895,6.849006175994873,0.009999999776482582,0.009999999776482582
2026-01-08,2026-01-09T02:00:00Z,26,T2,0.4864562153816223,0.4356924891471863,6.8309855461120605,0.008333333767950535,0.009999999776482582
2026-01-08,2026-01-09T03:00:00Z,27,T2,0.39194750785827637,0.4287627637386322,6.715490818023682,0.009999999776482582,0.009999999776482582
2026-01-08,2026-01-09T04:00:00Z,28,T2,0.37314504384994507,0.47395986318588257,7.002237796783447,0.006666666828095913,0.009999999776482582
2026-01-08,2026-01-09T05:00:00Z,29,T2,0.5229679346084595,0.26185935735702515,5.75160551071167,0.009999999776482582,0.009999999776482582
2026-01-08,2026-01-09T06:00:00Z,30,T2,0.4478621780872345,0.2485419362783432,5.640627384185791,0.009999999776482582,0.009999999776482582
2026-01-08,2026-01-09T07:00:00Z,31,T2,0.34887179732322693,0.2976332902908325,6.116922378540039,0.009999999776482582,0.009999999776482582
2026-01-08,2026-01-09T08:00:00Z,32,T2,0.5085076093673706,0.30461734533309937,6.141536712646484,0.008333333767950535,0.009999999776482582
2026-01-08,2026-01-09T09:00:00Z,33,T2,0.5424032211303711,0.1820344179868698,4.9027419090271,0.008333333767950535,0.009999999776482582
2026-01-08,2026-01-09T10:00:00Z,34,T2,0.392147034406662,0.07767748832702637,3.6373775005340576,0.009999999776482582,0.009999999776482582
2026-01-08,2026-01-09T11:00:00Z,35,T2,0.27585935592651367,0.03444778174161911,2.5421674251556396,0.009999999776482582,0.009999999776482582
2026-01-08,2026-01-09T12:00:00Z,36,T2,0.0998787209391594,0.0532161220908165,3.1074185371398926,0.019999999552965164,0.011666666716337204
2026-01-08,2026-01-09T13:00:00Z,37,T2,0.2282475084066391,0.0537942498922348,3.148045778274536,0.011666666716337204,0.02500000037252903
2026-01-08,2026-01-09T14:00:00Z,38,T2,0.1669350117444992,0.09768037497997284,3.8882675170898438,0.006666666828095913,0.013333333656191826
2026-01-08,2026-01-09T15:00:00Z,39,T2,0.16507777571678162,0.10929928719997406,4.269893646240234,0.008333333767950535,0.008333333767950535
2026-01-08,2026-01-09T16:00:00Z,40,T2,0.223277747631073,0.1129685714840889,4.392126560211182,0.009999999776482582,0.009999999776482582
2026-01-08,2026-01-09T17:00:00Z,41,T2,0.20611241459846497,0.10980003327131271,4.345005035400391,0.009999999776482582,0.009999999776482582
2026-01-08,2026-01-09T18:00:00Z,42,T2,0.12861120700836182,0.10980616509914398,4.345924377441406,0.009999999776482582,0.009999999776482582
2026-01-08,2026-01-09T19:00:00Z,43,T2,0.14997759461402893,0.1694861799478531,4.776432991027832,0.009999999776482582,0.009999999776482582
2026-01-08,2026-01-09T20:00:00Z,44,T2,0.21063877642154694,0.22203190624713898,5.267191410064697,0.009999999776482582,0.009999999776482582
2026-01-08,2026-01-09T21:00:00Z,45,T2,0.15020278096199036,0.21400916576385498,5.21905517578125,0.009999999776482582,0.009999999776482582
2026-01-08,2026-01-09T22:00:00Z,46,T2,0.07909352332353592,0.1972828507423401,5.11067533493042,0.009999999776482582,0.009999999776482582
2026-01-08,2026-01-09T23:00:00Z,47,T2,0.027056213468313217,0.24073418974876404,5.40253210067749,0.009999999776482582,0.009999999776482582
2026-01-08,2026-01-10T00:00:00Z,48,T2,0.09970506280660629,0.2402402013540268,5.384007453918457,0.008333333767950535,0.009999999776482582
2026-01-09,2026-01-09T01:00:00Z,1,STATION,0.1962016373872757,0.3687681555747986,6.289961814880371,0.009999999776482582,0.009999999776482582
2026-01-09,2026-01-09T02:00:00Z,2,STATION,0.13623873889446259,0.28492075204849243,5.868155479431152,0.009166666306555271,0.009999999776482582
2026-01-09,2026-01-09T03:00:00Z,3,STATION,0.17059357464313507,0.18060918152332306,4.831465244293213,0.009999999776482582,0.009999999776482582
2026-01-09,2026-01-09T04:00:00Z,4,STATION,0.17030389606952667,0.15437369048595428,4.616063594818115,0.008333333767950535,0.009999999776482582
2026-01-09,2026-01-09T05:00:00Z,5,STATION,0.13358817994594574,0.09343306720256805,3.7643067836761475,0.009999999776482582,0.009999999776482582
2026-01-09,2026-01-09T06:00:00Z,6,STATION,0.13005520403385162,0.18408332765102386,4.860416412353516,0.009999999776482582,0.009999999776482582
2026-01-09,2026-01-09T07:00:00Z,7,STATION,0.14086149632930756,0.2764788269996643,5.804841041564941,0.009999999776482582,0.009999999776482582
2026-01-09,2026-01-09T08:00:00Z,8,STATION,0.2801690399646759,0.4047354459762573,6.3936285972595215,0.009166666306555271,0.005833333358168602
2026-01-09,2026-01-09T09:00:00Z,9,STATION,0.2730559706687927,0.27412858605384827,5.787214279174805,0.009999999776482582,0.009999999776482582
2026-01-09,2026-01-09T10:00:00Z,10,STATION,0.2934058904647827,0.17457462847232819,4.781177520751953,0.009999999776482582,0.10499999672174454
2026-01-09,2026-01-09T11:00:00Z,11,STATION,0.18738435208797455,0.06383573263883591,3.391028881072998,0.010833333246409893,0.1574999988079071
2026-01-09,2026-01-09T12:00:00Z,12,STATION,0.1389179676771164,0.036712728440761566,2.506909132003784,0.025833332911133766,0.14083333313465118
2026-01-09,2026-01-09T13:00:00Z,13,STATION,0.09023597091436386,0.05290377512574196,2.8682174682617188,0.018333332613110542,0.14166666567325592
2026-01-09,2026-01-09T14:00:00Z,14,STATION,0.1119694784283638,0.07033310830593109,3.4689972400665283,0.008333333767950535,0.029999999329447746
2026-01-09,2026-01-09T15:00:00Z,15,STATION,0.08480546623468399,0.08123172074556351,3.599780559539795,0.008333333767950535,0.009999999776482582
2026-01-09,2026-01-09T16:00:00Z,16,STATION,0.10461193323135376,0.10750430077314377,4.002283573150635,0.009999999776482582,0.013333333656191826
2026-01-09,2026-01-09T17:00:00Z,17,STATION,0.11066102981567383,0.11372916400432587,4.1843743324279785,0.009999999776482582,0.009166666306555271
2026-01-09,2026-01-09T18:00:00Z,18,STATION,0.17460760474205017,0.19110716879367828,4.946916103363037,0.009999999776482582,0.009166666306555271
2026-01-09,2026-01-09T19:00:00Z,19,STATION,0.19867165386676788,0.23943808674812317,5.328488826751709,0.009999999776482582,0.009999999776482582
2026-01-09,2026-01-09T20:00:00Z,20,STATION,0.15071779489517212,0.23622754216194153,5.309966564178467,0.009999999776482582,0.009999999776482582
2026-01-09,2026-01-09T21:00:00Z,21,STATION,0.18140996992588043,0.2330624759197235,5.291706562042236,0.009999999776482582,0.009999999776482582
2026-01-09,2026-01-09T22:00:00Z,22,STATION,0.1978544294834137,0.233257457613945,5.2928314208984375,0.009999999776482582,0.012500000186264515
2026-01-09,2026-01-09T23:00:00Z,23,STATION,0.20968198776245117,0.24033966660499573,5.333690166473389,0.009999999776482582,0.009999999776482582
2026-01-09,2026-01-10T00:00:00Z,24,STATION,0.14687801897525787,0.24889884889125824,5.444942474365234,0.009166666306555271,0.009999999776482582
2026-01-09,2026-01-10T01:00:00Z,25,STATION,0.1428561508655548,0.2481117695569992,5.405588150024414,0.04749999940395355,0.009999999776482582
2026-01-09,2026-01-10T02:00:00Z,26,STATION,0.07676388323307037,0.24951964616775513,5.475982189178467,0.04500000178813934,0.009999999776482582
2026-01-09,2026-01-10T03:00:00Z,27,STATION,0.10662636905908585,0.25161728262901306,5.580864429473877,0.04749999940395355,0.009999999776482582
2026-01-09,2026-01-10T04:00:00Z,28,STATION,0.20961643755435944,0.32166221737861633,6.171207427978516,0.06916666775941849,0.009999999776482582
2026-01-09,2026-01-10T05:00:00Z,29,STATION,0.22064757347106934,0.2959279417991638,6.019208908081055,0.07750000059604645,0.009999999776482582
2026-01-09,2026-01-10T06:00:00Z,30,STATION,0.3107984662055969,0.19611668586730957,5.015227317810059,0.07249999791383743,0.009999999776482582
2026-01-09,2026-01-10T07:00:00Z,31,STATION,0.28805914521217346,0.21307571232318878,5.176398277282715,0.059166666120290756,0.009999999776482582
2026-01-09,2026-01-10T08:00:00Z,32,STATION,0.3972695767879486,0.20108985900878906,5.083043575286865,0.13583333790302277,0.005833333358168602
2026-01-09,2026-01-10T09:00:00Z,33,STATION,0.4644011855125427,0.1715211570262909,4.75573205947876,0.2199999988079071,0.009999999776482582
2026-01-09,2026-01-10T10:00:00Z,34,STATION,0.45101502537727356,0.1662614941596985,4.7119011878967285,0.18666666746139526,0.10499999672174454
2026-01-09,2026-01-10T11:00:00Z,35,STATION,0.3296564519405365,0.20133034884929657,5.086322784423828,0.20333333313465118,0.1574999988079071
2026-01-09,2026-01-10T12:00:00Z,36,STATION,0.3692028820514679,0.3369508683681488,6.209750175476074,0.16333332657814026,0.14083333313465118
2026-01-09,2026-01-10T13:00:00Z,37,STATION,0.4181984066963196,0.44011151790618896,6.745182037353516,0.2524999976158142,0.14166666567325592
2026-01-09,2026-01-10T14:00:00Z,38,STATION,0.47207096219062805,0.46141836047172546,6.92500638961792,0.4333333373069763,0.029999999329447746
2026-01-09,2026-01-10T15:00:00Z,39,STATION,0.4714365005493164,0.44275519251823425,6.786924362182617,0.47583332657814026,0.009999999776482582
2026-01-09,2026-01-10T16:00:00Z,40,STATION,0.4513663053512573,0.4247119724750519,6.560100078582764,0.5691666603088379,0.013333333656191826
2026-01-09,2026-01-10T17:00:00Z,41,STATION,0.33152884244918823,0.3269275426864624,6.184481143951416,0.4091666638851166,0.009166666306555271
2026-01-09,2026-01-10T18:00:00Z,42,STATION,0.40821659564971924,0.28959596157073975,5.928751468658447,0.3375000059604645,0.009166666306555271
2026-01-09,2026-01-10T19:00:00Z,43,STATION,0.2941199243068695,0.3257097005844116,6.181411266326904,0.6549999713897705,0.009999999776482582
2026-01-09,2026-01-10T20:00:00Z,44,STATION,0.4315810799598694,0.4456140995025635,6.832064628601074,0.8849999904632568,0.009999999776482582
2026-01-09,2026-01-10T21:00:00Z,45,STATION,0.46234840154647827,0.5615911483764648,7.393359661102295,0.875,0.009999999776482582
2026-01-09,2026-01-10T22:00:00Z,46,STATION,0.5057616829872131,0.5974201560020447,7.664058208465576,0.5799999833106995,0.012500000186264515
2026-01-09,2026-01-10T23:00:00Z,47,STATION,0.5387797355651855,0.5977998375892639,7.664999485015869,0.8899999856948853,0.009999999776482582
2026-01-09,2026-01-11T00:00:00Z,48,STATION,0.5181760191917419,0.5190827250480652,7.153825283050537,0.6258333325386047,0.009999999776482582
2026-01-09,2026-01-09T01:00:00Z,1,T1,0.22657595574855804,0.37651750445365906,6.289961814880371,0.009999999776482582,0.009999999776482582
2026-01-09,2026-01-09T02:00:00Z,2,T1,0.19736728072166443,0.2939961552619934,5.868155479431152,0.009999999776482582,0.009999999776482582
2026-01-09,2026-01-09T03:00:00Z,3,T1,0.1952214390039444,0.18586204946041107,4.831465244293213,0.009999999776482582,0.009999999776482582
2026-01-09,2026-01-09T04:00:00Z,4,T1,0.19618384540081024,0.156963050365448,4.616063594818115,0.009999999776482582,0.009999999776482582
2026-01-09,2026-01-09T05:00:00Z,5,T1,0.1649041771888733,0.09882275760173798,3.7643067836761475,0.009999999776482582,0.009999999776482582
2026-01-09,2026-01-09T06:00:00Z,6,T1,0.18442127108573914,0.1897222101688385,4.860416412353516,0.009999999776482582,0.009999999776482582
2026-01-09,2026-01-09T07:00:00Z,7,T1,0.14083530008792877,0.28471001982688904,5.804841041564941,0.009999999776482582,0.009999999776482582
2026-01-09,2026-01-09T08:00:00Z,8,T1,0.2315927892923355,0.4139021039009094,6.3936285972595215,0.009999999776482582,0.008333333767950535
2026-01-09,2026-01-09T09:00:00Z,9,T1,0.27468791604042053,0.282124787569046,5.787214279174805,0.011666666716337204,0.009999999776482582
2026-01-09,2026-01-09T10:00:00Z,10,T1,0.3237839937210083,0.17915700376033783,4.781177520751953,0.009999999776482582,0.10333333164453506
2026-01-09,2026-01-09T11:00:00Z,11,T1,0.187653049826622,0.06816268712282181,3.391028881072998,0.011666666716337204,0.15333333611488342
2026-01-09,2026-01-09T12:00:00Z,12,T1,0.1668572723865509,0.039212726056575775,2.506909132003784,0.03166666626930237,0.1433333307504654
2026-01-09,2026-01-09T13:00:00Z,13,T1,0.0860278382897377,0.0545930489897728,2.8682174682617188,0.02500000037252903,0.1483333259820938
2026-01-09,2026-01-09T14:00:00Z,14,T1,0.1073429137468338,0.07543974369764328,3.4689972400665283,0.009999999776482582,0.038333334028720856
2026-01-09,2026-01-09T15:00:00Z,15,T1,0.07642652094364166,0.08764619380235672,3.599780559539795,0.008333333767950535,0.009999999776482582
2026-01-09,2026-01-09T16:00:00Z,16,T1,0.07960839569568634,0.11219750344753265,4.002283573150635,0.009999999776482582,0.01666666753590107
2026-01-09,2026-01-09T17:00:00Z,17,T1,0.09097923338413239,0.11872915923595428,4.1843743324279785,0.009999999776482582,0.009999999776482582
2026-01-09,2026-01-09T18:00:00Z,18,T1,0.2107923924922943,0.19694049656391144,4.946916103363037,0.009999999776482582,0.009999999776482582
2026-01-09,2026-01-09T19:00:00Z,19,T1,0.22068586945533752,0.2466280162334442,5.328488826751709,0.009999999776482582,0.009999999776482582
2026-01-09,2026-01-09T20:00:00Z,20,T1,0.12723183631896973,0.24329398572444916,5.309966564178467,0.009999999776482582,0.011666666716337204
2026-01-09,2026-01-09T21:00:00Z,21,T1,0.21385721862316132,0.2400071769952774,5.291706562042236,0.009999999776482582,0.009999999776482582
2026-01-09,2026-01-09T22:00:00Z,22,T1,0.24176007509231567,0.2402096688747406,5.2928314208984375,0.009999999776482582,0.013333333656191826
2026-01-09,2026-01-09T23:00:00Z,23,T1,0.2165534794330597,0.24756427109241486,5.333690166473389,0.009999999776482582,0.009999999776482582
2026-01-09,2026-01-10T00:00:00Z,24,T1,0.2016618549823761,0.2559325695037842,5.444942474365234,0.009999999776482582,0.009999999776482582
2026-01-09,2026-01-10T01:00:00Z,25,T1,0.21596963703632355,0.25540784001350403,5.405588150024414,0.054999999701976776,0.009999999776482582
2026-01-09,2026-01-10T02:00:00Z,26,T1,0.15352776646614075,0.2563464343547821,5.475982189178467,0.05999999865889549,0.009999999776482582
2026-01-09,2026-01-10T03:00:00Z,27,T1,0.11602562665939331,0.25774484872817993,5.580864429473877,0.05666666850447655,0.009999999776482582
2026-01-09,2026-01-10T04:00:00Z,28,T1,0.18290361762046814,0.3274323344230652,6.171207427978516,0.07999999821186066,0.009999999776482582
2026-01-09,2026-01-10T05:00:00Z,29,T1,0.2269870638847351,0.30269113183021545,6.019208908081055,0.09666666388511658,0.009999999776482582
2026-01-09,2026-01-10T06:00:00Z,30,T1,0.30503469705581665,0.20195001363754272,5.015227317810059,0.07999999821186066,0.009999999776482582
2026-01-09,2026-01-10T07:00:00Z,31,T1,0.29781287908554077,0.21925169229507446,5.176398277282715,0.061666667461395264,0.009999999776482582
2026-01-09,2026-01-10T08:00:00Z,32,T1,0.39506015181541443,0.2069232016801834,5.083043575286865,0.12333333492279053,0.008333333767950535
2026-01-09,2026-01-10T09:00:00Z,33,T1,0.4745456576347351,0.17576424777507782,4.75573205947876,0.21833333373069763,0.009999999776482582
2026-01-09,2026-01-10T10:00:00Z,34,T1,0.41475746035575867,0.1699201762676239,4.7119011878967285,0.1850000023841858,0.10333333164453506
2026-01-09,2026-01-10T11:00:00Z,35,T1,0.3401039242744446,0.20716367661952972,5.086322784423828,0.19333332777023315,0.15333333611488342
2026-01-09,2026-01-10T12:00:00Z,36,T1,0.3785630166530609,0.34336337447166443,6.209750175476074,0.1599999964237213,0.1433333307504654
2026-01-09,2026-01-10T13:00:00Z,37,T1,0.4447183907032013,0.44967880845069885,6.745182037353516,0.24666666984558105,0.1483333259820938
2026-01-09,2026-01-10T14:00:00Z,38,T1,0.5236043930053711,0.4705016016960144,6.92500638961792,0.4333333373069763,0.038333334028720856
2026-01-09,2026-01-10T15:00:00Z,39,T1,0.4879348576068878,0.4524616003036499,6.786924362182617,0.4866666793823242,0.009999999776482582
2026-01-09,2026-01-10T16:00:00Z,40,T1,0.4338092505931854,0.43387866020202637,6.560100078582764,0.5716666579246521,0.01666666753590107
2026-01-09,2026-01-10T17:00:00Z,41,T1,0.316853791475296,0.3329188823699951,6.184481143951416,0.4449999928474426,0.009999999776482582
2026-01-09,2026-01-10T18:00:00Z,42,T1,0.4091436564922333,0.2978667616844177,5.928751468658447,0.3283333480358124,0.009999999776482582
2026-01-09,2026-01-10T19:00:00Z,43,T1,0.3065217435359955,0.33164989948272705,6.181411266326904,0.6483333110809326,0.009999999776482582
2026-01-09,2026-01-10T20:00:00Z,44,T1,0.41397807002067566,0.4554709792137146,6.832064628601074,0.8650000095367432,0.011666666716337204
2026-01-09,2026-01-10T21:00:00Z,45,T1,0.4269619882106781,0.5639922022819519,7.393359661102295,0.8650000095367432,0.009999999776482582
2026-01-09,2026-01-10T22:00:00Z,46,T1,0.4943592846393585,0.607394278049469,7.664058208465576,0.6200000047683716,0.013333333656191826
2026-01-09,2026-01-10T23:00:00Z,47,T1,0.5072396397590637,0.6077331900596619,7.664999485015869,0.9100000262260437,0.009999999776482582
2026-01-09,2026-01-11T00:00:00Z,48,T1,0.5171266198158264,0.5240669846534729,7.153825283050537,0.6266666650772095,0.009999999776482582
2026-01-09,2026-01-09T01:00:00Z,1,T2,0.16582731902599335,0.3610187768936157,6.289961814880371,0.009999999776482582,0.009999999776482582
2026-01-09,2026-01-09T02:00:00Z,2,T2,0.07511020451784134,0.27584534883499146,5.868155479431152,0.008333333767950535,0.009999999776482582
2026-01-09,2026-01-09T03:00:00Z,3,T2,0.14596572518348694,0.17535631358623505,4.831465244293213,0.009999999776482582,0.009999999776482582
2026-01-09,2026-01-09T04:00:00Z,4,T2,0.1444239616394043,0.15178431570529938,4.616063594818115,0.006666666828095913,0.009999999776482582
2026-01-09,2026-01-09T05:00:00Z,5,T2,0.102272167801857,0.08804338425397873,3.7643067836761475,0.009999999776482582,0.009999999776482582
2026-01-09,2026-01-09T06:00:00Z,6,T2,0.0756891518831253,0.17844444513320923,4.860416412353516,0.009999999776482582,0.009999999776482582
2026-01-09,2026-01-09T07:00:00Z,7,T2,0.14088767766952515,0.2682476043701172,5.804841041564941,0.009999999776482582,0.009999999776482582
2026-01-09,2026-01-09T08:00:00Z,8,T2,0.3287453055381775,0.39556875824928284,6.3936285972595215,0.008333333767950535,0.0033333334140479565
2026-01-09,2026-01-09T09:00:00Z,9,T2,0.2714240252971649,0.2661324143409729,5.787214279174805,0.008333333767950535,0.009999999776482582
2026-01-09,2026-01-09T10:00:00Z,10,T2,0.26302775740623474,0.16999226808547974,4.781177520751953,0.009999999776482582,0.1066666692495346
2026-01-09,2026-01-09T11:00:00Z,11,T2,0.1871156394481659,0.059508778154850006,3.391028881072998,0.009999999776482582,0.1616666615009308
2026-01-09,2026-01-09T12:00:00Z,12,T2,0.11097865551710129,0.03421272709965706,2.506909132003784,0.019999999552965164,0.13833333551883698
2026-01-09,2026-01-09T13:00:00Z,13,T2,0.09444409608840942,0.05121450126171112,2.8682174682617188,0.011666666716337204,0.13500000536441803
2026-01-09,2026-01-09T14:00:00Z,14,T2,0.1165960505604744,0.0652264654636383,3.4689972400665283,0.006666666828095913,0.021666666492819786
2026-01-09,2026-01-09T15:00:00Z,15,T2,0.09318441152572632,0.0748172476887703,3.599780559539795,0.008333333767950535,0.009999999776482582
2026-01-09,2026-01-09T16:00:00Z,16,T2,0.12961545586585999,0.10281109064817429,4.002283573150635,0.009999999776482582,0.009999999776482582
2026-01-09,2026-01-09T17:00:00Z,17,T2,0.13034282624721527,0.10872916132211685,4.1843743324279785,0.009999999776482582,0.008333333767950535
2026-01-09,2026-01-09T18:00:00Z,18,T2,0.13842281699180603,0.18527384102344513,4.946916103363037,0.009999999776482582,0.008333333767950535
2026-01-09,2026-01-09T19:00:00Z,19,T2,0.17665742337703705,0.23224815726280212,5.328488826751709,0.009999999776482582,0.009999999776482582
2026-01-09,2026-01-09T20:00:00Z,20,T2,0.17420373857021332,0.2291610985994339,5.309966564178467,0.009999999776482582,0.008333333767950535
2026-01-09,2026-01-09T21:00:00Z,21,T2,0.14896272122859955,0.22611775994300842,5.291706562042236,0.009999999776482582,0.009999999776482582
2026-01-09,2026-01-09T22:00:00Z,22,T2,0.15394878387451172,0.22630524635314941,5.2928314208984375,0.009999999776482582,0.011666666716337204
2026-01-09,2026-01-09T23:00:00Z,23,T2,0.20281048119068146,0.2331150621175766,5.333690166473389,0.009999999776482582,0.009999999776482582
2026-01-09,2026-01-10T00:00:00Z,24,T2,0.09209418296813965,0.2418651282787323,5.444942474365234,0.008333333767950535,0.009999999776482582
2026-01-09,2026-01-10T01:00:00Z,25,T2,0.06974267214536667,0.2408156841993332,5.405588150024414,0.03999999910593033,0.009999999776482582
2026-01-09,2026-01-10T02:00:00Z,26,T2,0.0,0.24269285798072815,5.475982189178467,0.029999999329447746,0.009999999776482582
2026-01-09,2026-01-10T03:00:00Z,27,T2,0.09722710400819778,0.2454897165298462,5.580864429473877,0.038333334028720856,0.009999999776482582
2026-01-09,2026-01-10T04:00:00Z,28,T2,0.23632927238941193,0.3158921003341675,6.171207427978516,0.05833333358168602,0.009999999776482582
2026-01-09,2026-01-10T05:00:00Z,29,T2,0.21430809795856476,0.2891647517681122,6.019208908081055,0.05833333358168602,0.009999999776482582
2026-01-09,2026-01-10T06:00:00Z,30,T2,0.3165622353553772,0.19028334319591522,5.015227317810059,0.06499999761581421,0.009999999776482582
2026-01-09,2026-01-10T07:00:00Z,31,T2,0.27830541133880615,0.2068997174501419,5.176398277282715,0.05666666850447655,0.009999999776482582
2026-01-09,2026-01-10T08:00:00Z,32,T2,0.3994790017604828,0.1952565312385559,5.083043575286865,0.1483333259820938,0.0033333334140479565
2026-01-09,2026-01-10T09:00:00Z,33,T2,0.45425671339035034,0.16727806627750397,4.75573205947876,0.22166666388511658,0.009999999776482582
2026-01-09,2026-01-10T10:00:00Z,34,T2,0.48727259039878845,0.16260281205177307,4.7119011878967285,0.18833333253860474,0.1066666692495346
2026-01-09,2026-01-10T11:00:00Z,35,T2,0.3192089796066284,0.19549702107906342,5.086322784423828,0.2133333384990692,0.1616666615009308
2026-01-09,2026-01-10T12:00:00Z,36,T2,0.3598427474498749,0.33053839206695557,6.209750175476074,0.1666666716337204,0.13833333551883698
2026-01-09,2026-01-10T13:00:00Z,37,T2,0.3916783928871155,0.43054425716400146,6.745182037353516,0.25833332538604736,0.13500000536441803
2026-01-09,2026-01-10T14:00:00Z,38,T2,0.420537531375885,0.4523351490497589,6.92500638961792,0.4333333373069763,0.021666666492819786
2026-01-09,2026-01-10T15:00:00Z,39,T2,0.4549381136894226,0.4330487847328186,6.786924362182617,0.4650000035762787,0.009999999776482582
2026-01-09,2026-01-10T16:00:00Z,40,T2,0.4689233601093292,0.4155453145503998,6.560100078582764,0.5666666626930237,0.009999999776482582
2026-01-09,2026-01-10T17:00:00Z,41,T2,0.34620392322540283,0.3209361732006073,6.184481143951416,0.3733333349227905,0.008333333767950535
2026-01-09,2026-01-10T18:00:00Z,42,T2,0.4072895646095276,0.28132516145706177,5.928751468658447,0.3466666638851166,0.008333333767950535
2026-01-09,2026-01-10T19:00:00Z,43,T2,0.2817181348800659,0.3197695314884186,6.181411266326904,0.6616666913032532,0.009999999776482582
2026-01-09,2026-01-10T20:00:00Z,44,T2,0.4491840600967407,0.43575721979141235,6.832064628601074,0.9049999713897705,0.008333333767950535
2026-01-09,2026-01-10T21:00:00Z,45,T2,0.49773481488227844,0.5591900944709778,7.393359661102295,0.8849999904632568,0.009999999776482582
2026-01-09,2026-01-10T22:00:00Z,46,T2,0.5171640515327454,0.5874460339546204,7.664058208465576,0.5400000214576721,0.011666666716337204
2026-01-09,2026-01-10T23:00:00Z,47,T2,0.5703198313713074,0.587866485118866,7.664999485015869,0.8700000047683716,0.009999999776482582
2026-01-09,2026-01-11T00:00:00Z,48,T2,0.5192254185676575,0.5140984058380127,7.153825283050537,0.625,0.009999999776482582
2026-01-10,2026-01-10T01:00:00Z,1,STATION,0.1720246821641922,0.22695273160934448,5.256458282470703,0.04749999940395355,0.009999999776482582
2026-01-10,2026-01-10T02:00:00Z,2,STATION,0.15574033558368683,0.21144618093967438,5.166996955871582,0.04500000178813934,0.009166666306555271
2026-01-10,2026-01-10T03:00:00Z,3,STATION,0.11372321844100952,0.2003006786108017,5.072281837463379,0.04749999940395355,0.009999999776482582
2026-01-10,2026-01-10T04:00:00Z,4,STATION,0.16497305035591125,0.2423163503408432,5.345094203948975,0.06916666775941849,0.008333333767950535
2026-01-10,2026-01-10T05:00:00Z,5,STATION,0.387850284576416,0.18374554812908173,4.857601642608643,0.07750000059604645,0.009999999776482582
2026-01-10,2026-01-10T06:00:00Z,6,STATION,0.20946764945983887,0.18890231847763062,4.916849613189697,0.07249999791383743,0.009999999776482582
2026-01-10,2026-01-10T07:00:00Z,7,STATION,0.26554015278816223,0.23212479054927826,5.286296844482422,0.059166666120290756,0.009999999776482582
2026-01-10,2026-01-10T08:00:00Z,8,STATION,0.4070708155632019,0.23135298490524292,5.281844139099121,0.13583333790302277,0.009166666306555271
2026-01-10,2026-01-10T09:00:00Z,9,STATION,0.49458736181259155,0.19679248332977295,5.024442672729492,0.2199999988079071,0.009999999776482582
2026-01-10,2026-01-10T10:00:00Z,10,STATION,0.5279096961021423,0.18778060376644135,4.901553630828857,0.18666666746139526,0.009999999776482582
2026-01-10,2026-01-10T11:00:00Z,11,STATION,0.43014898896217346,0.23553083837032318,5.305947303771973,0.20333333313465118,0.010833333246409893
2026-01-10,2026-01-10T12:00:00Z,12,STATION,0.4085911214351654,0.3373788893222809,6.210829257965088,0.16333332657814026,0.025833332911133766
2026-01-10,2026-01-10T13:00:00Z,13,STATION,0.5831673741340637,0.4408987760543823,6.757612228393555,0.2524999976158142,0.018333332613110542
2026-01-10,2026-01-10T14:00:00Z,14,STATION,0.6258633732795715,0.46201667189598083,6.927292823791504,0.4333333373069763,0.008333333767950535
2026-01-10,2026-01-10T15:00:00Z,15,STATION,0.6255560517311096,0.4723547101020813,6.966801166534424,0.47583332657814026,0.008333333767950535
2026-01-10,2026-01-10T16:00:00Z,16,STATION,0.6409156322479248,0.4422435462474823,6.77884578704834,0.5691666603088379,0.009999999776482582
2026-01-10,2026-01-10T17:00:00Z,17,STATION,0.5986703038215637,0.43678998947143555,6.692736625671387,0.4091666638851166,0.009999999776482582
2026-01-10,2026-01-10T18:00:00Z,18,STATION,0.4608595669269562,0.4772211015224457,6.98539924621582,0.3375000059604645,0.009999999776482582
2026-01-10,2026-01-10T19:00:00Z,19,STATION,0.5279577374458313,0.5734161734580994,7.529802322387695,0.6549999713897705,0.009999999776482582
2026-01-10,2026-01-10T20:00:00Z,20,STATION,0.6282234787940979,0.580432653427124,7.6107611656188965,0.8849999904632568,0.009999999776482582
2026-01-10,2026-01-10T21:00:00Z,21,STATION,0.562533438205719,0.544818639755249,7.292938709259033,0.875,0.009999999776482582
2026-01-10,2026-01-10T22:00:00Z,22,STATION,0.5180885791778564,0.4563128650188446,6.9054951667785645,0.5799999833106995,0.009999999776482582
2026-01-10,2026-01-10T23:00:00Z,23,STATION,0.4884497821331024,0.42676571011543274,6.577214241027832,0.8899999856948853,0.009999999776482582
2026-01-10,2026-01-11T00:00:00Z,24,STATION,0.4365319609642029,0.5261967778205872,7.192279815673828,0.6258333325386047,0.009166666306555271
2026-01-10,2026-01-11T01:00:00Z,25,STATION,0.41501346230506897,0.4980216920375824,7.064891815185547,0.5350000262260437,0.009999999776482582
2026-01-10,2026-01-11T02:00:00Z,26,STATION,0.4568812847137451,0.44739699363708496,6.860215663909912,0.5458333492279053,0.009166666306555271
2026-01-10,2026-01-11T03:00:00Z,27,STATION,0.5004032850265503,0.41209858655929565,6.4549880027771,0.2916666567325592,0.009999999776482582
2026-01-10,2026-01-11T04:00:00Z,28,STATION,0.3691343069076538,0.4553622007369995,6.901861667633057,0.2566666603088379,0.008333333767950535
2026-01-10,2026-01-11T05:00:00Z,29,STATION,0.44950348138809204,0.6840857267379761,8.147563934326172,0.3233333230018616,0.009999999776482582
2026-01-10,2026-01-11T06:00:00Z,30,STATION,0.5026615262031555,0.5352373123168945,7.241147518157959,0.26499998569488525,0.009999999776482582
2026-01-10,2026-01-11T07:00:00Z,31,STATION,0.6061318516731262,0.6777254343032837,7.863162040710449,0.5224999785423279,0.009999999776482582
2026-01-10,2026-01-11T08:00:00Z,32,STATION,0.6991486549377441,0.6844110488891602,8.212629318237305,0.7266666889190674,0.009166666306555271
2026-01-10,2026-01-11T09:00:00Z,33,STATION,0.7257965803146362,0.7175021767616272,8.889627456665039,0.4166666567325592,0.009999999776482582
2026-01-10,2026-01-11T10:00:00Z,34,STATION,0.7495459318161011,0.5670927166938782,7.456839084625244,0.2541666626930237,0.009999999776482582
2026-01-10,2026-01-11T11:00:00Z,35,STATION,0.6477384567260742,0.4197368323802948,6.518640041351318,0.17083333432674408,0.010833333246409893
2026-01-10,2026-01-11T12:00:00Z,36,STATION,0.467699259519577,0.28818607330322266,5.9086103439331055,0.25833332538604736,0.025833332911133766
2026-01-10,2026-01-11T13:00:00Z,37,STATION,0.33352383971214294,0.253348171710968,5.63136100769043,0.2849999964237213,0.018333332613110542
2026-01-10,2026-01-11T14:00:00Z,38,STATION,0.3075695037841797,0.2685237526893616,5.74517822265625,0.47999998927116394,0.008333333767950535
2026-01-10,2026-01-11T15:00:00Z,39,STATION,0.2675768733024597,0.22600115835666656,5.250967979431152,0.42750000953674316,0.008333333767950535
2026-01-10,2026-01-11T16:00:00Z,40,STATION,0.2745598554611206,0.24994021654129028,5.497010707855225,0.36916667222976685,0.009999999776482582
2026-01-10,2026-01-11T17:00:00Z,41,STATION,0.32709449529647827,0.404226690530777,6.3893890380859375,0.5699999928474426,0.009999999776482582
2026-01-10,2026-01-11T18:00:00Z,42,STATION,0.3879832327365875,0.5445561408996582,7.291519641876221,0.4233333468437195,0.009999999776482582
2026-01-10,2026-01-11T19:00:00Z,43,STATION,0.3597880005836487,0.5712857246398926,7.50521993637085,0.4308333396911621,0.009999999776482582
2026-01-10,2026-01-11T20:00:00Z,44,STATION,0.4114414155483246,0.5604693293571472,7.380415439605713,0.5433333516120911,0.009999999776482582
2026-01-10,2026-01-11T21:00:00Z,45,STATION,0.40411943197250366,0.4439506530761719,6.805799961090088,0.17666666209697723,0.009999999776482582
2026-01-10,2026-01-11T22:00:00Z,46,STATION,0.437635213136673,0.42446622252464294,6.558051586151123,0.019999999552965164,0.009999999776482582
2026-01-10,2026-01-11T23:00:00Z,47,STATION,0.35488709807395935,0.2285836786031723,5.265867233276367,0.01666666753590107,0.009999999776482582
2026-01-10,2026-01-12T00:00:00Z,48,STATION,0.16022057831287384,0.03706643357872963,2.559964895248413,0.010833333246409893,0.009166666306555271
2026-01-10,2026-01-10T01:00:00Z,1,T1,0.22231408953666687,0.2336624562740326,5.256458282470703,0.054999999701976776,0.009999999776482582
2026-01-10,2026-01-10T02:00:00Z,2,T1,0.20605038106441498,0.21755948662757874,5.166996955871582,0.05999999865889549,0.009999999776482582
2026-01-10,2026-01-10T03:00:00Z,3,T1,0.17193332314491272,0.20613400638103485,5.072281837463379,0.05666666850447655,0.009999999776482582
2026-01-10,2026-01-10T04:00:00Z,4,T1,0.19547700881958008,0.24961698055267334,5.345094203948975,0.07999999821186066,0.009999999776482582
2026-01-10,2026-01-10T05:00:00Z,5,T1,0.41333162784576416,0.18934689462184906,4.857601642608643,0.09666666388511658,0.009999999776482582
2026-01-10,2026-01-10T06:00:00Z,6,T1,0.20537211000919342,0.19473564624786377,4.916849613189697,0.07999999821186066,0.009999999776482582
2026-01-10,2026-01-10T07:00:00Z,7,T1,0.25988897681236267,0.23903344571590424,5.286296844482422,0.061666667461395264,0.009999999776482582
2026-01-10,2026-01-10T08:00:00Z,8,T1,0.3774482011795044,0.23823194205760956,5.281844139099121,0.12333333492279053,0.009999999776482582
2026-01-10,2026-01-10T09:00:00Z,9,T1,0.5128543972969055,0.2026258111000061,5.024442672729492,0.21833333373069763,0.011666666716337204
2026-01-10,2026-01-10T10:00:00Z,10,T1,0.5313684344291687,0.1936139464378357,4.901553630828857,0.1850000023841858,0.009999999776482582
2026-01-10,2026-01-10T11:00:00Z,11,T1,0.4652167558670044,0.24257048964500427,5.305947303771973,0.19333332777023315,0.011666666716337204
2026-01-10,2026-01-10T12:00:00Z,12,T1,0.42085331678390503,0.3438093662261963,6.210829257965088,0.1599999964237213,0.03166666626930237
2026-01-10,2026-01-10T13:00:00Z,13,T1,0.593727171421051,0.4505074620246887,6.757612228393555,0.24666666984558105,0.02500000037252903
2026-01-10,2026-01-10T14:00:00Z,14,T1,0.6546401381492615,0.4710579812526703,6.927292823791504,0.4333333373069763,0.009999999776482582
2026-01-10,2026-01-10T15:00:00Z,15,T1,0.6602979302406311,0.4806716740131378,6.966801166534424,0.4866666793823242,0.008333333767950535
2026-01-10,2026-01-10T16:00:00Z,16,T1,0.6772010326385498,0.45192304253578186,6.77884578704834,0.5716666579246521,0.009999999776482582
2026-01-10,2026-01-10T17:00:00Z,17,T1,0.6045925617218018,0.4461824297904968,6.692736625671387,0.4449999928474426,0.009999999776482582
2026-01-10,2026-01-10T18:00:00Z,18,T1,0.4947620928287506,0.48519712686538696,6.98539924621582,0.3283333480358124,0.009999999776482582
2026-01-10,2026-01-10T19:00:00Z,19,T1,0.4998471438884735,0.5812749862670898,7.529802322387695,0.6483333110809326,0.009999999776482582
2026-01-10,2026-01-10T20:00:00Z,20,T1,0.6478153467178345,0.5915297269821167,7.6107611656188965,0.8650000095367432,0.009999999776482582
2026-01-10,2026-01-10T21:00:00Z,21,T1,0.535319447517395,0.5477162599563599,7.292938709259033,0.8650000095367432,0.009999999776482582
2026-01-10,2026-01-10T22:00:00Z,22,T1,0.520000159740448,0.46575379371643066,6.9054951667785645,0.6200000047683716,0.009999999776482582
2026-01-10,2026-01-10T23:00:00Z,23,T1,0.48251277208328247,0.43593236804008484,6.577214241027832,0.9100000262260437,0.009999999776482582
2026-01-10,2026-01-11T00:00:00Z,24,T1,0.44046875834465027,0.5306042432785034,7.192279815673828,0.6266666650772095,0.009999999776482582
2026-01-10,2026-01-11T01:00:00Z,25,T1,0.4222663938999176,0.5045403242111206,7.064891815185547,0.5333333611488342,0.009999999776482582
2026-01-10,2026-01-11T02:00:00Z,26,T1,0.4680442214012146,0.45734772086143494,6.860215663909912,0.574999988079071,0.009999999776482582
2026-01-10,2026-01-11T03:00:00Z,27,T1,0.5366988182067871,0.42126524448394775,6.4549880027771,0.2866666615009308,0.009999999776482582
2026-01-10,2026-01-11T04:00:00Z,28,T1,0.38228166103363037,0.46486973762512207,6.901861667633057,0.25,0.009999999776482582
2026-01-10,2026-01-11T05:00:00Z,29,T1,0.41495394706726074,0.683559000492096,8.147563934326172,0.3216666579246521,0.009999999776482582
2026-01-10,2026-01-11T06:00:00Z,30,T1,0.4735843539237976,0.538911759853363,7.241147518157959,0.2983333468437195,0.009999999776482582
2026-01-10,2026-01-11T07:00:00Z,31,T1,0.5951635837554932,0.6790717244148254,7.863162040710449,0.5099999904632568,0.009999999776482582
2026-01-10,2026-01-11T08:00:00Z,32,T1,0.7031001448631287,0.6842096447944641,8.212629318237305,0.6850000023841858,0.009999999776482582
2026-01-10,2026-01-11T09:00:00Z,33,T1,0.713512122631073,0.7185549139976501,8.889627456665039,0.42500001192092896,0.011666666716337204
2026-01-10,2026-01-11T10:00:00Z,34,T1,0.7313124537467957,0.5720329880714417,7.456839084625244,0.2633333206176758,0.009999999776482582
2026-01-10,2026-01-11T11:00:00Z,35,T1,0.6478617191314697,0.4289034903049469,6.518640041351318,0.1783333271741867,0.011666666716337204
2026-01-10,2026-01-11T12:00:00Z,36,T1,0.456592321395874,0.29679256677627563,5.9086103439331055,0.2683333456516266,0.03166666626930237
2026-01-10,2026-01-11T13:00:00Z,37,T1,0.2885618507862091,0.25926631689071655,5.63136100769043,0.31833332777023315,0.02500000037252903
2026-01-10,2026-01-11T14:00:00Z,38,T1,0.34626418352127075,0.27595946192741394,5.74517822265625,0.46166667342185974,0.009999999776482582
2026-01-10,2026-01-11T15:00:00Z,39,T1,0.3464241325855255,0.2326742708683014,5.250967979431152,0.4216666519641876,0.008333333767950535
2026-01-10,2026-01-11T16:00:00Z,40,T1,0.3518226444721222,0.25662681460380554,5.497010707855225,0.38999998569488525,0.009999999776482582
2026-01-10,2026-01-11T17:00:00Z,41,T1,0.3557542860507965,0.4133933484554291,6.3893890380859375,0.6066666841506958,0.009999999776482582
2026-01-10,2026-01-11T18:00:00Z,42,T1,0.3838622570037842,0.5474750399589539,7.291519641876221,0.43166667222976685,0.009999999776482582
2026-01-10,2026-01-11T19:00:00Z,43,T1,0.4503929316997528,0.5781611800193787,7.50521993637085,0.4583333432674408,0.009999999776482582
2026-01-10,2026-01-11T20:00:00Z,44,T1,0.483543336391449,0.5623525977134705,7.380415439605713,0.5633333325386047,0.009999999776482582
2026-01-10,2026-01-11T21:00:00Z,45,T1,0.44343823194503784,0.45372000336647034,6.805799961090088,0.19333332777023315,0.009999999776482582
2026-01-10,2026-01-11T22:00:00Z,46,T1,0.4858372211456299,0.43363288044929504,6.558051586151123,0.02500000037252903,0.009999999776482582
2026-01-10,2026-01-11T23:00:00Z,47,T1,0.3438550531864166,0.23535612225532532,5.265867233276367,0.021666666492819786,0.009999999776482582
2026-01-10,2026-01-12T00:00:00Z,48,T1,0.16155914962291718,0.03956643119454384,2.559964895248413,0.011666666716337204,0.009999999776482582
2026-01-10,2026-01-10T01:00:00Z,1,T2,0.12173526734113693,0.22024302184581757,5.256458282470703,0.03999999910593033,0.009999999776482582
2026-01-10,2026-01-10T02:00:00Z,2,T2,0.10543029010295868,0.20533286035060883,5.166996955871582,0.029999999329447746,0.008333333767950535
2026-01-10,2026-01-10T03:00:00Z,3,T2,0.055513110011816025,0.19446733593940735,5.072281837463379,0.038333334028720856,0.009999999776482582
2026-01-10,2026-01-10T04:00:00Z,4,T2,0.13446910679340363,0.23501573503017426,5.345094203948975,0.05833333358168602,0.006666666828095913
2026-01-10,2026-01-10T05:00:00Z,5,T2,0.36236897110939026,0.1781441867351532,4.857601642608643,0.05833333358168602,0.009999999776482582
2026-01-10,2026-01-10T06:00:00Z,6,T2,0.21356317400932312,0.18306897580623627,4.916849613189697,0.06499999761581421,0.009999999776482582
2026-01-10,2026-01-10T07:00:00Z,7,T2,0.2711913287639618,0.22521615028381348,5.286296844482422,0.05666666850447655,0.009999999776482582
2026-01-10,2026-01-10T08:00:00Z,8,T2,0.436693400144577,0.22447402775287628,5.281844139099121,0.1483333259820938,0.008333333767950535
2026-01-10,2026-01-10T09:00:00Z,9,T2,0.4763203263282776,0.1909591406583786,5.024442672729492,0.22166666388511658,0.008333333767950535
2026-01-10,2026-01-10T10:00:00Z,10,T2,0.524450957775116,0.1819472759962082,4.901553630828857,0.18833333253860474,0.009999999776482582
2026-01-10,2026-01-10T11:00:00Z,11,T2,0.3950812518596649,0.2284911870956421,5.305947303771973,0.2133333384990692,0.009999999776482582
2026-01-10,2026-01-10T12:00:00Z,12,T2,0.3963288962841034,0.3309483826160431,6.210829257965088,0.1666666716337204,0.019999999552965164
2026-01-10,2026-01-10T13:00:00Z,13,T2,0.5726076364517212,0.43129006028175354,6.757612228393555,0.25833332538604736,0.011666666716337204
2026-01-10,2026-01-10T14:00:00Z,14,T2,0.5970866680145264,0.45297539234161377,6.927292823791504,0.4333333373069763,0.006666666828095913
2026-01-10,2026-01-10T15:00:00Z,15,T2,0.5908141136169434,0.4640377163887024,6.966801166534424,0.4650000035762787,0.008333333767950535
2026-01-10,2026-01-10T16:00:00Z,16,T2,0.6046302914619446,0.4325640797615051,6.77884578704834,0.5666666626930237,0.009999999776482582
2026-01-10,2026-01-10T17:00:00Z,17,T2,0.5927480459213257,0.4273975193500519,6.692736625671387,0.3733333349227905,0.009999999776482582
2026-01-10,2026-01-10T18:00:00Z,18,T2,0.42695704102516174,0.4692451059818268,6.98539924621582,0.3466666638851166,0.009999999776482582
2026-01-10,2026-01-10T19:00:00Z,19,T2,0.5560683012008667,0.5655574202537537,7.529802322387695,0.6616666913032532,0.009999999776482582
2026-01-10,2026-01-10T20:00:00Z,20,T2,0.6086315512657166,0.5693355202674866,7.6107611656188965,0.9049999713897705,0.009999999776482582
2026-01-10,2026-01-10T21:00:00Z,21,T2,0.5897474884986877,0.541921079158783,7.292938709259033,0.8849999904632568,0.009999999776482582
2026-01-10,2026-01-10T22:00:00Z,22,T2,0.5161769390106201,0.44687196612358093,6.9054951667785645,0.5400000214576721,0.009999999776482582
2026-01-10,2026-01-10T23:00:00Z,23,T2,0.49438679218292236,0.41759902238845825,6.577214241027832,0.8700000047683716,0.009999999776482582
2026-01-10,2026-01-11T00:00:00Z,24,T2,0.4325951635837555,0.5217893123626709,7.192279815673828,0.625,0.008333333767950535
2026-01-10,2026-01-11T01:00:00Z,25,T2,0.40776053071022034,0.4915030300617218,7.064891815185547,0.5366666913032532,0.009999999776482582
2026-01-10,2026-01-11T02:00:00Z,26,T2,0.44571831822395325,0.437446266412735,6.860215663909912,0.5166666507720947,0.008333333767950535
2026-01-10,2026-01-11T03:00:00Z,27,T2,0.4641077518463135,0.40293192863464355,6.4549880027771,0.2966666519641876,0.009999999776482582
2026-01-10,2026-01-11T04:00:00Z,28,T2,0.35598698258399963,0.44585466384887695,6.901861667633057,0.2633333206176758,0.006666666828095913
2026-01-10,2026-01-11T05:00:00Z,29,T2,0.48405301570892334,0.684612512588501,8.147563934326172,0.32499998807907104,0.009999999776482582
2026-01-10,2026-01-11T06:00:00Z,30,T2,0.5317386388778687,0.531562864780426,7.241147518157959,0.2316666692495346,0.009999999776482582
2026-01-10,2026-01-11T07:00:00Z,31,T2,0.617100179195404,0.6763791441917419,7.863162040710449,0.5350000262260437,0.009999999776482582
2026-01-10,2026-01-11T08:00:00Z,32,T2,0.6951971054077148,0.684612512588501,8.212629318237305,0.7683333158493042,0.008333333767950535
2026-01-10,2026-01-11T09:00:00Z,33,T2,0.7380810976028442,0.7164494395256042,8.889627456665039,0.40833333134651184,0.008333333767950535
2026-01-10,2026-01-11T10:00:00Z,34,T2,0.7677794694900513,0.5621525049209595,7.456839084625244,0.24500000476837158,0.009999999776482582
2026-01-10,2026-01-11T11:00:00Z,35,T2,0.6476152539253235,0.4105701446533203,6.518640041351318,0.16333332657814026,0.009999999776482582
2026-01-10,2026-01-11T12:00:00Z,36,T2,0.4788062274456024,0.2795795798301697,5.9086103439331055,0.24833333492279053,0.019999999552965164
2026-01-10,2026-01-11T13:00:00Z,37,T2,0.37848585844039917,0.2474300116300583,5.63136100769043,0.2516666650772095,0.011666666716337204
2026-01-10,2026-01-11T14:00:00Z,38,T2,0.26887479424476624,0.2610880434513092,5.74517822265625,0.4983333349227905,0.006666666828095913
2026-01-10,2026-01-11T15:00:00Z,39,T2,0.18872958421707153,0.21932803094387054,5.250967979431152,0.4333333373069763,0.008333333767950535
2026-01-10,2026-01-11T16:00:00Z,40,T2,0.19729706645011902,0.24325361847877502,5.497010707855225,0.34833332896232605,0.009999999776482582
2026-01-10,2026-01-11T17:00:00Z,41,T2,0.29843470454216003,0.3950600326061249,6.3893890380859375,0.5333333611488342,0.009999999776482582
2026-01-10,2026-01-11T18:00:00Z,42,T2,0.39210423827171326,0.5416373014450073,7.291519641876221,0.41499999165534973,0.009999999776482582
2026-01-10,2026-01-11T19:00:00Z,43,T2,0.26918306946754456,0.5644102692604065,7.50521993637085,0.4033333361148834,0.009999999776482582
2026-01-10,2026-01-11T20:00:00Z,44,T2,0.3393394649028778,0.558586061000824,7.380415439605713,0.5233333110809326,0.009999999776482582
2026-01-10,2026-01-11T21:00:00Z,45,T2,0.3648006319999695,0.4341813325881958,6.805799961090088,0.1599999964237213,0.009999999776482582
2026-01-10,2026-01-11T22:00:00Z,46,T2,0.3894331753253937,0.41529953479766846,6.558051586151123,0.014999999664723873,0.009999999776482582
2026-01-10,2026-01-11T23:00:00Z,47,T2,0.3659191131591797,0.2218112200498581,5.265867233276367,0.011666666716337204,0.009999999776482582
2026-01-10,2026-01-12T00:00:00Z,48,T2,0.1588820219039917,0.03456643223762512,2.559964895248413,0.009999999776482582,0.008333333767950535
2026-01-11,2026-01-11T01:00:00Z,1,STATION,0.5185518860816956,0.5425689816474915,7.280777931213379,0.5350000262260437,0.04749999940395355
2026-01-11,2026-01-11T02:00:00Z,2,STATION,0.48409897089004517,0.5190357565879822,7.153571605682373,0.5458333492279053,0.04500000178813934
2026-01-11,2026-01-11T03:00:00Z,3,STATION,0.4723758399486542,0.4361545741558075,6.682703971862793,0.2916666567325592,0.04749999940395355
2026-01-11,2026-01-11T04:00:00Z,4,STATION,0.5373064279556274,0.42030858993530273,6.523404598236084,0.2566666603088379,0.06916666775941849
2026-01-11,2026-01-11T05:00:00Z,5,STATION,0.5273088812828064,0.6475847959518433,7.78843355178833,0.3233333230018616,0.07750000059604645
2026-01-11,2026-01-11T06:00:00Z,6,STATION,0.6260301470756531,0.48667916655540466,7.021544456481934,0.26499998569488525,0.07249999791383743
2026-01-11,2026-01-11T07:00:00Z,7,STATION,0.6761834025382996,0.6213964819908142,7.723503589630127,0.5224999785423279,0.059166666120290756
2026-01-11,2026-01-11T08:00:00Z,8,STATION,0.7698544263839722,0.6835106015205383,8.046530723571777,0.7266666889190674,0.13583333790302277
2026-01-11,2026-01-11T09:00:00Z,9,STATION,0.7416815757751465,0.7034373879432678,8.53699016571045,0.4166666567325592,0.2199999988079071
2026-01-11,2026-01-11T10:00:00Z,10,STATION,0.7189314365386963,0.4012215733528137,6.371777057647705,0.2541666626930237,0.18666666746139526
2026-01-11,2026-01-11T11:00:00Z,11,STATION,0.5239160060882568,0.3006080090999603,6.086066722869873,0.17083333432674408,0.20333333313465118
2026-01-11,2026-01-11T12:00:00Z,12,STATION,0.5323118567466736,0.276716947555542,5.80662727355957,0.25833332538604736,0.16333332657814026
2026-01-11,2026-01-11T13:00:00Z,13,STATION,0.29505541920661926,0.2798527479171753,5.830145835876465,0.2849999964237213,0.2524999976158142
2026-01-11,2026-01-11T14:00:00Z,14,STATION,0.3777303993701935,0.25089776515960693,5.544888019561768,0.47999998927116394,0.4333333373069763
2026-01-11,2026-01-11T15:00:00Z,15,STATION,0.3106309175491333,0.20999188721179962,5.158607006072998,0.42750000953674316,0.47583332657814026
2026-01-11,2026-01-11T16:00:00Z,16,STATION,0.2649284601211548,0.24814394116401672,5.407196998596191,0.36916667222976685,0.5691666603088379
2026-01-11,2026-01-11T17:00:00Z,17,STATION,0.3674909472465515,0.4077431857585907,6.4186930656433105,0.5699999928474426,0.4091666638851166
2026-01-11,2026-01-11T18:00:00Z,18,STATION,0.34308111667633057,0.437960147857666,6.711213111877441,0.4233333468437195,0.3375000059604645
2026-01-11,2026-01-11T19:00:00Z,19,STATION,0.26949629187583923,0.5338165163993835,7.2334675788879395,0.4308333396911621,0.6549999713897705
2026-01-11,2026-01-11T20:00:00Z,20,STATION,0.3431316912174225,0.511566162109375,7.116654396057129,0.5433333516120911,0.8849999904632568
2026-01-11,2026-01-11T21:00:00Z,21,STATION,0.37689492106437683,0.42659908533096313,6.5758256912231445,0.17666666209697723,0.875
2026-01-11,2026-01-11T22:00:00Z,22,STATION,0.3716539144515991,0.2502273619174957,5.511368751525879,0.019999999552965164,0.5799999833106995
2026-01-11,2026-01-11T23:00:00Z,23,STATION,0.1668546348810196,0.0553516186773777,3.0479958057403564,0.01666666753590107,0.8899999856948853
2026-01-11,2026-01-12T00:00:00Z,24,STATION,0.07615280151367188,0.021643178537487984,1.622651219367981,0.010833333246409893,0.6258333325386047
2026-01-11,2026-01-12T01:00:00Z,25,STATION,0.049197904765605927,0.035988982766866684,2.3983471393585205,0.009999999776482582,0.04749999940395355
2026-01-11,2026-01-12T02:00:00Z,26,STATION,0.05753815546631813,0.023874862119555473,2.0399835109710693,0.009999999776482582,0.04500000178813934
2026-01-11,2026-01-12T03:00:00Z,27,STATION,0.03468221798539162,0.06581981480121613,3.4148378372192383,0.009999999776482582,0.04749999940395355
2026-01-11,2026-01-12T04:00:00Z,28,STATION,0.21001645922660828,0.20412345230579376,5.124410629272461,0.009999999776482582,0.06916666775941849
2026-01-11,2026-01-12T05:00:00Z,29,STATION,0.2590823769569397,0.24848079681396484,5.424039840698242,0.009999999776482582,0.07750000059604645
2026-01-11,2026-01-12T06:00:00Z,30,STATION,0.25022342801094055,0.10855802893638611,4.024467468261719,0.009999999776482582,0.07249999791383743
2026-01-11,2026-01-12T07:00:00Z,31,STATION,0.19523118436336517,0.15484045445919037,4.618921279907227,0.009166666306555271,0.059166666120290756
2026-01-11,2026-01-12T08:00:00Z,32,STATION,0.2562709450721741,0.25225672125816345,5.61283540725708,0.040833331644535065,0.13583333790302277
2026-01-11,2026-01-12T09:00:00Z,33,STATION,0.33580806851387024,0.5215772390365601,7.167309284210205,0.15333333611488342,0.2199999988079071
2026-01-11,2026-01-12T10:00:00Z,34,STATION,0.29559653997421265,0.8702719807624817,9.550168991088867,0.12166666984558105,0.18666666746139526
2026-01-11,2026-01-12T11:00:00Z,35,STATION,0.39352142810821533,0.8218658566474915,9.27314281463623,0.05000000074505806,0.20333333313465118
2026-01-11,2026-01-12T12:00:00Z,36,STATION,0.5235311388969421,0.4355389177799225,6.672982692718506,0.41749998927116394,0.16333332657814026
2026-01-11,2026-01-12T13:00:00Z,37,STATION,0.32184892892837524,0.41859105229377747,6.509091854095459,0.5674999952316284,0.2524999976158142
2026-01-11,2026-01-12T14:00:00Z,38,STATION,0.23072287440299988,0.46564918756484985,6.9411749839782715,0.6000000238418579,0.4333333373069763
2026-01-11,2026-01-12T15:00:00Z,39,STATION,0.3643847107887268,0.44119587540626526,6.762303352355957,0.5816666483879089,0.47583332657814026
2026-01-11,2026-01-12T16:00:00Z,40,STATION,0.3554401397705078,0.29927507042884827,6.0670247077941895,0.44333332777023315,0.5691666603088379
2026-01-11,2026-01-12T17:00:00Z,41,STATION,0.2938257157802582,0.25169315934181213,5.584658145904541,0.27166667580604553,0.4091666638851166
2026-01-11,2026-01-12T18:00:00Z,42,STATION,0.23866668343544006,0.4219875633716583,6.537396430969238,0.18333333730697632,0.3375000059604645
2026-01-11,2026-01-12T19:00:00Z,43,STATION,0.33046266436576843,0.11465490609407425,4.323235988616943,0.16083332896232605,0.6549999713897705
2026-01-11,2026-01-12T20:00:00Z,44,STATION,0.1890750676393509,0.09610588848590851,3.801173210144043,0.18833333253860474,0.8849999904632568
2026-01-11,2026-01-12T21:00:00Z,45,STATION,0.24811585247516632,0.14386416971683502,4.5517191886901855,0.11833333224058151,0.875
2026-01-11,2026-01-12T22:00:00Z,46,STATION,0.22671827673912048,0.16503632068634033,4.701691627502441,0.21916666626930237,0.5799999833106995
2026-01-11,2026-01-12T23:00:00Z,47,STATION,0.17623715102672577,0.1519809365272522,4.601413726806641,0.2108333259820938,0.8899999856948853
2026-01-11,2026-01-13T00:00:00Z,48,STATION,0.17205139994621277,0.06404382735490799,3.3935258388519287,0.10999999940395355,0.6258333325386047
2026-01-11,2026-01-11T01:00:00Z,1,T1,0.5220858454704285,0.5456489324569702,7.280777931213379,0.5333333611488342,0.054999999701976776
2026-01-11,2026-01-11T02:00:00Z,2,T1,0.5205765962600708,0.5240238308906555,7.153571605682373,0.574999988079071,0.05999999865889549
2026-01-11,2026-01-11T03:00:00Z,3,T1,0.5134091973304749,0.44551360607147217,6.682703971862793,0.2866666615009308,0.05666666850447655
2026-01-11,2026-01-11T04:00:00Z,4,T1,0.5254493951797485,0.42947524785995483,6.523404598236084,0.25,0.07999999821186066
2026-01-11,2026-01-11T05:00:00Z,5,T1,0.5245121717453003,0.6521693468093872,7.78843355178833,0.3216666579246521,0.09666666388511658
2026-01-11,2026-01-11T06:00:00Z,6,T1,0.6075242757797241,0.49399253726005554,7.021544456481934,0.2983333468437195,0.07999999821186066
2026-01-11,2026-01-11T07:00:00Z,7,T1,0.6812160015106201,0.6287946701049805,7.723503589630127,0.5099999904632568,0.061666667461395264
2026-01-11,2026-01-11T08:00:00Z,8,T1,0.7668805718421936,0.6833333373069763,8.046530723571777,0.6850000023841858,0.12333333492279053
2026-01-11,2026-01-11T09:00:00Z,9,T1,0.7473844289779663,0.7041922211647034,8.53699016571045,0.42500001192092896,0.21833333373069763
2026-01-11,2026-01-11T10:00:00Z,10,T1,0.7563881874084473,0.4103345274925232,6.371777057647705,0.2633333206176758,0.1850000023841858
2026-01-11,2026-01-11T11:00:00Z,11,T1,0.48495611548423767,0.30625689029693604,6.086066722869873,0.1783333271741867,0.19333332777023315
2026-01-11,2026-01-11T12:00:00Z,12,T1,0.49659568071365356,0.2849719822406769,5.80662727355957,0.2683333456516266,0.1599999964237213
2026-01-11,2026-01-11T13:00:00Z,13,T1,0.23672175407409668,0.2884213626384735,5.830145835876465,0.31833332777023315,0.24666666984558105
2026-01-11,2026-01-11T14:00:00Z,14,T1,0.40822646021842957,0.25726518034935,5.544888019561768,0.46166667342185974,0.4333333373069763
2026-01-11,2026-01-11T15:00:00Z,15,T1,0.39832863211631775,0.21604926884174347,5.158607006072998,0.4216666519641876,0.4866666793823242
2026-01-11,2026-01-11T16:00:00Z,16,T1,0.3308354616165161,0.25542929768562317,5.407196998596191,0.38999998569488525,0.5716666579246521
2026-01-11,2026-01-11T17:00:00Z,17,T1,0.3875715136528015,0.4169098436832428,6.4186930656433105,0.6066666841506958,0.4449999928474426
2026-01-11,2026-01-11T18:00:00Z,18,T1,0.367646723985672,0.44741418957710266,6.711213111877441,0.43166667222976685,0.3283333480358124
2026-01-11,2026-01-11T19:00:00Z,19,T1,0.3293222486972809,0.5376061201095581,7.2334675788879395,0.4583333432674408,0.6483333110809326
2026-01-11,2026-01-11T20:00:00Z,20,T1,0.4220398962497711,0.5171358585357666,7.116654396057129,0.5633333325386047,0.8650000095367432
2026-01-11,2026-01-11T21:00:00Z,21,T1,0.44242212176322937,0.43576574325561523,6.5758256912231445,0.19333332777023315,0.8650000095367432
2026-01-11,2026-01-11T22:00:00Z,22,T1,0.42450881004333496,0.2568182647228241,5.511368751525879,0.02500000037252903,0.6200000047683716
2026-01-11,2026-01-11T23:00:00Z,23,T1,0.15255166590213776,0.057883262634277344,3.0479958057403564,0.021666666492819786,0.9100000262260437
2026-01-11,2026-01-12T00:00:00Z,24,T1,0.08135484158992767,0.02165100909769535,1.622651219367981,0.011666666716337204,0.6266666650772095
2026-01-11,2026-01-12T01:00:00Z,25,T1,0.0649050772190094,0.03848898038268089,2.3983471393585205,0.009999999776482582,0.054999999701976776
2026-01-11,2026-01-12T02:00:00Z,26,T1,0.06363954395055771,0.02443322353065014,2.0399835109710693,0.009999999776482582,0.05999999865889549
2026-01-11,2026-01-12T03:00:00Z,27,T1,0.06281788647174835,0.07038486003875732,3.4148378372192383,0.009999999776482582,0.05666666850447655
2026-01-11,2026-01-12T04:00:00Z,28,T1,0.18781547248363495,0.20995678007602692,5.124410629272461,0.009999999776482582,0.07999999821186066
2026-01-11,2026-01-12T05:00:00Z,29,T1,0.27518922090530396,0.25565385818481445,5.424039840698242,0.009999999776482582,0.09666666388511658
2026-01-11,2026-01-12T06:00:00Z,30,T1,0.20566816627979279,0.11330670118331909,4.024467468261719,0.009999999776482582,0.07999999821186066
2026-01-11,2026-01-12T07:00:00Z,31,T1,0.21300341188907623,0.15740124881267548,4.618921279907227,0.009999999776482582,0.061666667461395264
2026-01-11,2026-01-12T08:00:00Z,32,T1,0.25292208790779114,0.2581711411476135,5.61283540725708,0.0416666679084301,0.12333333492279053
2026-01-11,2026-01-12T09:00:00Z,33,T1,0.2795026898384094,0.5263592600822449,7.167309284210205,0.14166666567325592,0.21833333373069763
2026-01-11,2026-01-12T10:00:00Z,34,T1,0.30234435200691223,0.8790248036384583,9.550168991088867,0.1133333370089531,0.1850000023841858
2026-01-11,2026-01-12T11:00:00Z,35,T1,0.47080209851264954,0.8271899223327637,9.27314281463623,0.05000000074505806,0.19333332777023315
2026-01-11,2026-01-12T12:00:00Z,36,T1,0.49808233976364136,0.44486552476882935,6.672982692718506,0.41499999165534973,0.1599999964237213
2026-01-11,2026-01-12T13:00:00Z,37,T1,0.33093929290771484,0.42775771021842957,6.509091854095459,0.5633333325386047,0.24666666984558105
2026-01-11,2026-01-12T14:00:00Z,38,T1,0.28452467918395996,0.474435955286026,6.9411749839782715,0.5849999785423279,0.4333333373069763
2026-01-11,2026-01-12T15:00:00Z,39,T1,0.39843106269836426,0.4508202373981476,6.762303352355957,0.5849999785423279,0.4866666793823242
2026-01-11,2026-01-12T16:00:00Z,40,T1,0.3919063210487366,0.30524131655693054,6.0670247077941895,0.4399999976158142,0.5716666579246521
2026-01-11,2026-01-12T17:00:00Z,41,T1,0.359125018119812,0.25779545307159424,5.584658145904541,0.27000001072883606,0.4449999928474426
2026-01-11,2026-01-12T18:00:00Z,42,T1,0.2620522379875183,0.4311542510986328,6.537396430969238,0.18166667222976685,0.3283333480358124
2026-01-11,2026-01-12T19:00:00Z,43,T1,0.35079362988471985,0.11965490877628326,4.323235988616943,0.16333332657814026,0.6483333110809326
2026-01-11,2026-01-12T20:00:00Z,44,T1,0.19602113962173462,0.10115763545036316,3.801173210144043,0.18833333253860474,0.8650000095367432
2026-01-11,2026-01-12T21:00:00Z,45,T1,0.27837756276130676,0.14709697663784027,4.5517191886901855,0.11833333224058151,0.8650000095367432
2026-01-11,2026-01-12T22:00:00Z,46,T1,0.2694299817085266,0.16855888068675995,4.701691627502441,0.22166666388511658,0.6200000047683716
2026-01-11,2026-01-12T23:00:00Z,47,T1,0.21670259535312653,0.15471680462360382,4.601413726806641,0.2133333384990692,0.9100000262260437
2026-01-11,2026-01-13T00:00:00Z,48,T1,0.1582973450422287,0.06839574873447418,3.3935258388519287,0.10999999940395355,0.6266666650772095
2026-01-11,2026-01-11T01:00:00Z,1,T2,0.5150179266929626,0.5394889712333679,7.280777931213379,0.5366666913032532,0.03999999910593033
2026-01-11,2026-01-11T02:00:00Z,2,T2,0.44762134552001953,0.5140476226806641,7.153571605682373,0.5166666507720947,0.029999999329447746
2026-01-11,2026-01-11T03:00:00Z,3,T2,0.4313424825668335,0.4267955720424652,6.682703971862793,0.2966666519641876,0.038333334028720856
2026-01-11,2026-01-11T04:00:00Z,4,T2,0.5491634607315063,0.41114190220832825,6.523404598236084,0.2633333206176758,0.05833333358168602
2026-01-11,2026-01-11T05:00:00Z,5,T2,0.5301056504249573,0.6430002450942993,7.78843355178833,0.32499998807907104,0.05833333358168602
2026-01-11,2026-01-11T06:00:00Z,6,T2,0.644536018371582,0.47936582565307617,7.021544456481934,0.2316666692495346,0.06499999761581421
2026-01-11,2026-01-11T07:00:00Z,7,T2,0.6711507439613342,0.6139983534812927,7.723503589630127,0.5350000262260437,0.05666666850447655
2026-01-11,2026-01-11T08:00:00Z,8,T2,0.772828221321106,0.6836878657341003,8.046530723571777,0.7683333158493042,0.1483333259820938
2026-01-11,2026-01-11T09:00:00Z,9,T2,0.7359787225723267,0.7026825547218323,8.53699016571045,0.40833333134651184,0.22166666388511658
2026-01-11,2026-01-11T10:00:00Z,10,T2,0.6814746856689453,0.39210861921310425,6.371777057647705,0.24500000476837158,0.18833333253860474
2026-01-11,2026-01-11T11:00:00Z,11,T2,0.5628758668899536,0.2949591279029846,6.086066722869873,0.16333332657814026,0.2133333384990692
2026-01-11,2026-01-11T12:00:00Z,12,T2,0.5680279731750488,0.2684619128704071,5.80662727355957,0.24833333492279053,0.1666666716337204
2026-01-11,2026-01-11T13:00:00Z,13,T2,0.35338911414146423,0.2712841331958771,5.830145835876465,0.2516666650772095,0.25833332538604736
2026-01-11,2026-01-11T14:00:00Z,14,T2,0.3472343385219574,0.2445303499698639,5.544888019561768,0.4983333349227905,0.4333333373069763
2026-01-11,2026-01-11T15:00:00Z,15,T2,0.22293317317962646,0.20393452048301697,5.158607006072998,0.4333333373069763,0.4650000035762787
2026-01-11,2026-01-11T16:00:00Z,16,T2,0.19902148842811584,0.24085858464241028,5.407196998596191,0.34833332896232605,0.5666666626930237
2026-01-11,2026-01-11T17:00:00Z,17,T2,0.3474104106426239,0.3985764980316162,6.4186930656433105,0.5333333611488342,0.3733333349227905
2026-01-11,2026-01-11T18:00:00Z,18,T2,0.31851547956466675,0.42850610613822937,6.711213111877441,0.41499999165534973,0.3466666638851166
2026-01-11,2026-01-11T19:00:00Z,19,T2,0.20967034995555878,0.5300268530845642,7.2334675788879395,0.4033333361148834,0.6616666913032532
2026-01-11,2026-01-11T20:00:00Z,20,T2,0.26422351598739624,0.5059965252876282,7.116654396057129,0.5233333110809326,0.9049999713897705
2026-01-11,2026-01-11T21:00:00Z,21,T2,0.3113677501678467,0.41743239760398865,6.5758256912231445,0.1599999964237213,0.8849999904632568
2026-01-11,2026-01-11T22:00:00Z,22,T2,0.3187990188598633,0.24363650381565094,5.511368751525879,0.014999999664723873,0.5400000214576721
2026-01-11,2026-01-11T23:00:00Z,23,T2,0.18115760385990143,0.05281997099518776,3.0479958057403564,0.011666666716337204,0.8700000047683716
2026-01-11,2026-01-12T00:00:00Z,24,T2,0.07095076888799667,0.021635349839925766,1.622651219367981,0.009999999776482582,0.625
2026-01-11,2026-01-12T01:00:00Z,25,T2,0.03349073603749275,0.033488981425762177,2.3983471393585205,0.009999999776482582,0.03999999910593033
2026-01-11,2026-01-12T02:00:00Z,26,T2,0.051436763256788254,0.023316500708460808,2.0399835109710693,0.009999999776482582,0.029999999329447746
2026-01-11,2026-01-12T03:00:00Z,27,T2,0.006546554621309042,0.061254773288965225,3.4148378372192383,0.009999999776482582,0.038333334028720856
2026-01-11,2026-01-12T04:00:00Z,28,T2,0.2322174310684204,0.19829010963439941,5.124410629272461,0.009999999776482582,0.05833333358168602
2026-01-11,2026-01-12T05:00:00Z,29,T2,0.24297551810741425,0.24130772054195404,5.424039840698242,0.009999999776482582,0.05833333358168602
2026-01-11,2026-01-12T06:00:00Z,30,T2,0.2947787046432495,0.10380936414003372,4.024467468261719,0.009999999776482582,0.06499999761581421
2026-01-11,2026-01-12T07:00:00Z,31,T2,0.1774589568376541,0.15227966010570526,4.618921279907227,0.008333333767950535,0.05666666850447655
2026-01-11,2026-01-12T08:00:00Z,32,T2,0.259619802236557,0.246342271566391,5.61283540725708,0.03999999910593033,0.1483333259820938
2026-01-11,2026-01-12T09:00:00Z,33,T2,0.39211344718933105,0.5167952179908752,7.167309284210205,0.16500000655651093,0.22166666388511658
2026-01-11,2026-01-12T10:00:00Z,34,T2,0.28884872794151306,0.8615191578865051,9.550168991088867,0.12999999523162842,0.18833333253860474
2026-01-11,2026-01-12T11:00:00Z,35,T2,0.31624075770378113,0.816541850566864,9.27314281463623,0.05000000074505806,0.2133333384990692
2026-01-11,2026-01-12T12:00:00Z,36,T2,0.5489798784255981,0.4262123107910156,6.672982692718506,0.41999998688697815,0.1666666716337204
2026-01-11,2026-01-12T13:00:00Z,37,T2,0.31275856494903564,0.409424364566803,6.509091854095459,0.5716666579246521,0.25833332538604736
2026-01-11,2026-01-12T14:00:00Z,38,T2,0.1769210547208786,0.4568623900413513,6.9411749839782715,0.6150000095367432,0.4333333373069763
2026-01-11,2026-01-12T15:00:00Z,39,T2,0.33033835887908936,0.4315715432167053,6.762303352355957,0.57833331823349,0.4650000035762787
2026-01-11,2026-01-12T16:00:00Z,40,T2,0.31897392868995667,0.2933087944984436,6.0670247077941895,0.4466666579246521,0.5666666626930237
2026-01-11,2026-01-12T17:00:00Z,41,T2,0.22852642834186554,0.24559088051319122,5.584658145904541,0.273333340883255,0.3733333349227905
2026-01-11,2026-01-12T18:00:00Z,42,T2,0.21528112888336182,0.4128209054470062,6.537396430969238,0.1850000023841858,0.3466666638851166
2026-01-11,2026-01-12T19:00:00Z,43,T2,0.3101317286491394,0.10965490341186523,4.323235988616943,0.15833333134651184,0.6616666913032532
2026-01-11,2026-01-12T20:00:00Z,44,T2,0.18212901055812836,0.09105414152145386,3.801173210144043,0.18833333253860474,0.9049999713897705
2026-01-11,2026-01-12T21:00:00Z,45,T2,0.21785415709018707,0.14063136279582977,4.5517191886901855,0.11833333224058151,0.8849999904632568
2026-01-11,2026-01-12T22:00:00Z,46,T2,0.18400655686855316,0.16151376068592072,4.701691627502441,0.21666666865348816,0.5400000214576721
2026-01-11,2026-01-12T23:00:00Z,47,T2,0.1357717216014862,0.14924508333206177,4.601413726806641,0.2083333283662796,0.8700000047683716
2026-01-11,2026-01-13T00:00:00Z,48,T2,0.18580543994903564,0.0596918985247612,3.3935258388519287,0.10999999940395355,0.625
2026-01-12,2026-01-12T01:00:00Z,1,STATION,0.037788838148117065,0.022220170125365257,1.791050910949707,0.009999999776482582,0.5350000262260437
2026-01-12,2026-01-12T02:00:00Z,2,STATION,0.04434594884514809,0.07022331655025482,3.467679738998413,0.009999999776482582,0.5458333492279053
2026-01-12,2026-01-12T03:00:00Z,3,STATION,0.05652441456913948,0.11360715329647064,4.166073322296143,0.009999999776482582,0.2916666567325592
2026-01-12,2026-01-12T04:00:00Z,4,STATION,0.1600271314382553,0.15411914885044098,4.614504814147949,0.009999999776482582,0.2566666603088379
2026-01-12,2026-01-12T05:00:00Z,5,STATION,0.25675997138023376,0.2419370859861374,5.342906475067139,0.009999999776482582,0.3233333230018616
2026-01-12,2026-01-12T06:00:00Z,6,STATION,0.23421227931976318,0.11218278110027313,4.100778102874756,0.009999999776482582,0.26499998569488525
2026-01-12,2026-01-12T07:00:00Z,7,STATION,0.19537656009197235,0.2500044107437134,5.500220775604248,0.009166666306555271,0.5224999785423279
2026-01-12,2026-01-12T08:00:00Z,8,STATION,0.3033636212348938,0.2924129068851471,5.968993663787842,0.040833331644535065,0.7266666889190674
2026-01-12,2026-01-12T09:00:00Z,9,STATION,0.3540312945842743,0.45713624358177185,6.908641815185547,0.15333333611488342,0.4166666567325592
2026-01-12,2026-01-12T10:00:00Z,10,STATION,0.4513742923736572,0.6825888752937317,7.89008092880249,0.12166666984558105,0.2541666626930237
2026-01-12,2026-01-12T11:00:00Z,11,STATION,0.45553839206695557,0.5689831972122192,7.478652477264404,0.05000000074505806,0.17083333432674408
2026-01-12,2026-01-12T12:00:00Z,12,STATION,0.4389277398586273,0.4459114074707031,6.836759090423584,0.41749998927116394,0.25833332538604736
2026-01-12,2026-01-12T13:00:00Z,13,STATION,0.33810001611709595,0.2616494297981262,5.693620681762695,0.5674999952316284,0.2849999964237213
2026-01-12,2026-01-12T14:00:00Z,14,STATION,0.2689085900783539,0.25095054507255554,5.54752779006958,0.6000000238418579,0.47999998927116394
2026-01-12,2026-01-12T15:00:00Z,15,STATION,0.3785110116004944,0.2107824832201004,5.163168430328369,0.5816666483879089,0.42750000953674316
2026-01-12,2026-01-12T16:00:00Z,16,STATION,0.36816129088401794,0.5457583069801331,7.298017501831055,0.44333332777023315,0.36916667222976685
2026-01-12,2026-01-12T17:00:00Z,17,STATION,0.22163626551628113,0.6846989393234253,8.270198822021484,0.27166667580604553,0.5699999928474426
2026-01-12,2026-01-12T18:00:00Z,18,STATION,0.3435238301753998,0.18467403948307037,4.865339279174805,0.18333333730697632,0.4233333468437195
2026-01-12,2026-01-12T19:00:00Z,19,STATION,0.27634263038635254,0.06708259135484695,3.4299910068511963,0.16083332896232605,0.4308333396911621
2026-01-12,2026-01-12T20:00:00Z,20,STATION,0.18349991738796234,0.11311563849449158,4.12041711807251,0.18833333253860474,0.5433333516120911
2026-01-12,2026-01-12T21:00:00Z,21,STATION,0.1713210940361023,0.1055343896150589,3.9608116149902344,0.11833333224058151,0.17666666209697723
2026-01-12,2026-01-12T22:00:00Z,22,STATION,0.09914425760507584,0.038051314651966095,2.633704900741577,0.21916666626930237,0.019999999552965164
2026-01-12,2026-01-12T23:00:00Z,23,STATION,0.02454048953950405,0.05017957463860512,2.8252038955688477,0.2108333259820938,0.01666666753590107
2026-01-12,2026-01-13T00:00:00Z,24,STATION,0.09541413933038712,0.0,0.6018462181091309,0.10999999940395355,0.010833333246409893
2026-01-12,2026-01-13T01:00:00Z,25,STATION,0.010886142961680889,0.04066748172044754,2.6750128269195557,0.009999999776482582,0.5350000262260437
2026-01-12,2026-01-13T02:00:00Z,26,STATION,0.0376819409430027,0.0,1.4931625127792358,0.010833333246409893,0.5458333492279053
2026-01-12,2026-01-13T03:00:00Z,27,STATION,0.04360033571720123,0.0,0.2904380261898041,0.05000000074505806,0.2916666567325592
2026-01-12,2026-01-13T04:00:00Z,28,STATION,0.0002627540088724345,0.0,0.919134795665741,0.13750000298023224,0.2566666603088379
2026-01-12,2026-01-13T05:00:00Z,29,STATION,0.0,0.035333484411239624,2.3638923168182373,0.17249999940395355,0.3233333230018616
2026-01-12,2026-01-13T06:00:00Z,30,STATION,0.01965087465941906,0.13996346294879913,4.527837753295898,0.15166667103767395,0.26499998569488525
2026-01-12,2026-01-13T07:00:00Z,31,STATION,0.06914447993040085,0.28942328691482544,5.926285266876221,0.38333332538604736,0.5224999785423279
2026-01-12,2026-01-13T08:00:00Z,32,STATION,0.2748734951019287,0.2905862033367157,5.942898273468018,0.6208333373069763,0.7266666889190674
2026-01-12,2026-01-13T09:00:00Z,33,STATION,0.40272754430770874,0.2853546440601349,5.871409893035889,0.6683333516120911,0.4166666567325592
2026-01-12,2026-01-13T10:00:00Z,34,STATION,0.42586249113082886,0.43478062748908997,6.661010265350342,0.9541666507720947,0.2541666626930237
2026-01-12,2026-01-13T11:00:00Z,35,STATION,0.6129401922225952,0.5681928992271423,7.469533920288086,0.9866666793823242,0.17083333432674408
2026-01-12,2026-01-13T12:00:00Z,36,STATION,0.7283126711845398,0.5726231336593628,7.520651340484619,0.9900000095367432,0.25833332538604736
2026-01-12,2026-01-13T13:00:00Z,37,STATION,0.7453880906105042,0.6142011880874634,7.705664157867432,0.9900000095367432,0.2849999964237213
2026-01-12,2026-01-13T14:00:00Z,38,STATION,0.8363867998123169,0.5744515061378479,7.541748046875,0.9900000095367432,0.47999998927116394
2026-01-12,2026-01-13T15:00:00Z,39,STATION,0.7164832949638367,0.5254582166671753,7.188287734985352,0.9916666746139526,0.42750000953674316
2026-01-12,2026-01-13T16:00:00Z,40,STATION,0.601317822933197,0.43067842721939087,6.609820365905762,0.9925000071525574,0.36916667222976685
2026-01-12,2026-01-13T17:00:00Z,41,STATION,0.4641323685646057,0.29801279306411743,6.04899263381958,0.9200000166893005,0.5699999928474426
2026-01-12,2026-01-13T18:00:00Z,42,STATION,0.374153196811676,0.3029721677303314,6.119840621948242,0.9491666555404663,0.4233333468437195
2026-01-12,2026-01-13T19:00:00Z,43,STATION,0.48511624336242676,0.26887866854667664,5.74783992767334,0.8241666555404663,0.4308333396911621
2026-01-12,2026-01-13T20:00:00Z,44,STATION,0.4548626244068146,0.23261582851409912,5.289129734039307,0.753333330154419,0.5433333516120911
2026-01-12,2026-01-13T21:00:00Z,45,STATION,0.40722283720970154,0.192128524184227,4.960843563079834,0.8833333253860474,0.17666666209697723
2026-01-12,2026-01-13T22:00:00Z,46,STATION,0.37038880586624146,0.1661301702260971,4.710806846618652,0.8508333563804626,0.019999999552965164
2026-01-12,2026-01-13T23:00:00Z,47,STATION,0.2377604842185974,0.1535923182964325,4.611279487609863,0.7316666841506958,0.01666666753590107
2026-01-12,2026-01-14T00:00:00Z,48,STATION,0.22359581291675568,0.021887974813580513,1.691392183303833,0.4350000023841858,0.010833333246409893
2026-01-12,2026-01-12T01:00:00Z,1,T1,0.039562664926052094,0.02277367189526558,1.791050910949707,0.009999999776482582,0.5333333611488342
2026-01-12,2026-01-12T02:00:00Z,2,T1,0.06522038578987122,0.07531677931547165,3.467679738998413,0.009999999776482582,0.574999988079071
2026-01-12,2026-01-12T03:00:00Z,3,T1,0.0750775933265686,0.11860715597867966,4.166073322296143,0.009999999776482582,0.2866666615009308
2026-01-12,2026-01-12T04:00:00Z,4,T1,0.22429631650447845,0.15672409534454346,4.614504814147949,0.009999999776482582,0.25
2026-01-12,2026-01-12T05:00:00Z,5,T1,0.28166845440864563,0.24922312796115875,5.342906475067139,0.009999999776482582,0.3216666579246521
2026-01-12,2026-01-12T06:00:00Z,6,T1,0.2508646845817566,0.11712222546339035,4.100778102874756,0.009999999776482582,0.2983333468437195
2026-01-12,2026-01-12T07:00:00Z,7,T1,0.22357794642448425,0.2566696107387543,5.500220775604248,0.009999999776482582,0.5099999904632568
2026-01-12,2026-01-12T08:00:00Z,8,T1,0.31189417839050293,0.30001300573349,5.968993663787842,0.0416666679084301,0.6850000023841858
2026-01-12,2026-01-12T09:00:00Z,9,T1,0.3352722227573395,0.46651947498321533,6.908641815185547,0.14166666567325592,0.42500001192092896
2026-01-12,2026-01-12T10:00:00Z,10,T1,0.4031585156917572,0.6833333373069763,7.89008092880249,0.1133333370089531,0.2633333206176758
2026-01-12,2026-01-12T11:00:00Z,11,T1,0.4635225534439087,0.5747959613800049,7.478652477264404,0.05000000074505806,0.1783333271741867
2026-01-12,2026-01-12T12:00:00Z,12,T1,0.4327166676521301,0.4557839334011078,6.836759090423584,0.41499999165534973,0.2683333456516266
2026-01-12,2026-01-12T13:00:00Z,13,T1,0.3767600655555725,0.2683976888656616,5.693620681762695,0.5633333325386047,0.31833332777023315
2026-01-12,2026-01-12T14:00:00Z,14,T1,0.23115374147891998,0.25730037689208984,5.54752779006958,0.5849999785423279,0.46166667342185974
2026-01-12,2026-01-12T15:00:00Z,15,T1,0.3568030595779419,0.2168702781200409,5.163168430328369,0.5849999785423279,0.4216666519641876
2026-01-12,2026-01-12T16:00:00Z,16,T1,0.36955389380455017,0.5485796928405762,7.298017501831055,0.4399999976158142,0.38999998569488525
2026-01-12,2026-01-12T17:00:00Z,17,T1,0.21987558901309967,0.6847853064537048,8.270198822021484,0.27000001072883606,0.6066666841506958
2026-01-12,2026-01-12T18:00:00Z,18,T1,0.40880173444747925,0.1903785616159439,4.865339279174805,0.18166667222976685,0.43166667222976685
2026-01-12,2026-01-12T19:00:00Z,19,T1,0.24807554483413696,0.07179916650056839,3.4299910068511963,0.16333332657814026,0.4583333432674408
2026-01-12,2026-01-12T20:00:00Z,20,T1,0.22456131875514984,0.11810418218374252,4.12041711807251,0.18833333253860474,0.5633333325386047
2026-01-12,2026-01-12T21:00:00Z,21,T1,0.19296112656593323,0.11012391746044159,3.9608116149902344,0.11833333224058151,0.19333332777023315
2026-01-12,2026-01-12T22:00:00Z,22,T1,0.10718165338039398,0.040522295981645584,2.633704900741577,0.22166666388511658,0.02500000037252903
2026-01-12,2026-01-12T23:00:00Z,23,T1,0.03236930072307587,0.052012231200933456,2.8252038955688477,0.2133333384990692,0.021666666492819786
2026-01-12,2026-01-13T00:00:00Z,24,T1,0.11157729476690292,0.0,0.6018462181091309,0.10999999940395355,0.011666666716337204
2026-01-12,2026-01-13T01:00:00Z,25,T1,0.012819555588066578,0.04300077259540558,2.6750128269195557,0.009999999776482582,0.5333333611488342
2026-01-12,2026-01-13T02:00:00Z,26,T1,0.046425968408584595,0.0,1.4931625127792358,0.011666666716337204,0.574999988079071
2026-01-12,2026-01-13T03:00:00Z,27,T1,0.04600008949637413,0.0,0.2904380261898041,0.05000000074505806,0.2866666615009308
2026-01-12,2026-01-13T04:00:00Z,28,T1,0.000525508017744869,0.0,0.919134795665741,0.1483333259820938,0.25
2026-01-12,2026-01-13T05:00:00Z,29,T1,0.0,0.03774091973900795,2.3638923168182373,0.1850000023841858,0.3216666579246521
2026-01-12,2026-01-13T06:00:00Z,30,T1,0.035251665860414505,0.14343509078025818,4.527837753295898,0.1616666615009308,0.2983333468437195
2026-01-12,2026-01-13T07:00:00Z,31,T1,0.08142642676830292,0.29773521423339844,5.926285266876221,0.38333332538604736,0.5099999904632568
2026-01-12,2026-01-13T08:00:00Z,32,T1,0.27919188141822815,0.2986212372779846,5.942898273468018,0.6083333492279053,0.6850000023841858
2026-01-12,2026-01-13T09:00:00Z,33,T1,0.3486589193344116,0.29447346925735474,5.871409893035889,0.6333333253860474,0.42500001192092896
2026-01-12,2026-01-13T10:00:00Z,34,T1,0.4204820990562439,0.4440673291683197,6.661010265350342,0.9516666531562805,0.2633333206176758
2026-01-12,2026-01-13T11:00:00Z,35,T1,0.6130450367927551,0.5736409425735474,7.469533920288086,0.9866666793823242,0.1783333271741867
2026-01-12,2026-01-13T12:00:00Z,36,T1,0.7298056483268738,0.5801158547401428,7.520651340484619,0.9900000095367432,0.2683333456516266
2026-01-12,2026-01-13T13:00:00Z,37,T1,0.7680953741073608,0.6223724484443665,7.705664157867432,0.9900000095367432,0.31833332777023315
2026-01-12,2026-01-13T14:00:00Z,38,T1,0.8328385353088379,0.5827881097793579,7.541748046875,0.9900000095367432,0.46166667342185974
2026-01-12,2026-01-13T15:00:00Z,39,T1,0.6941097974777222,0.5299255847930908,7.188287734985352,0.9900000095367432,0.4216666519641876
2026-01-12,2026-01-13T16:00:00Z,40,T1,0.5864328145980835,0.43984511494636536,6.609820365905762,0.9900000095367432,0.38999998569488525
2026-01-12,2026-01-13T17:00:00Z,41,T1,0.45551782846450806,0.3042795956134796,6.04899263381958,0.8883333206176758,0.6066666841506958
2026-01-12,2026-01-13T18:00:00Z,42,T1,0.3263094425201416,0.3080581724643707,6.119840621948242,0.9700000286102295,0.43166667222976685
2026-01-12,2026-01-13T19:00:00Z,43,T1,0.45630311965942383,0.27634987235069275,5.74783992767334,0.8566666841506958,0.4583333432674408
2026-01-12,2026-01-13T20:00:00Z,44,T1,0.41783270239830017,0.2395433634519577,5.289129734039307,0.7733333110809326,0.5633333325386047
2026-01-12,2026-01-13T21:00:00Z,45,T1,0.3711349368095398,0.19796185195446014,4.960843563079834,0.9016666412353516,0.19333332777023315
2026-01-12,2026-01-13T22:00:00Z,46,T1,0.3217640221118927,0.16977424919605255,4.710806846618652,0.8883333206176758,0.02500000037252903
2026-01-12,2026-01-13T23:00:00Z,47,T1,0.21287336945533752,0.15622951090335846,4.611279487609863,0.7749999761581421,0.021666666492819786
2026-01-12,2026-01-14T00:00:00Z,48,T1,0.24247169494628906,0.02210928127169609,1.691392183303833,0.47999998927116394,0.011666666716337204
2026-01-12,2026-01-12T01:00:00Z,1,T2,0.03601501137018204,0.021666666492819786,1.791050910949707,0.009999999776482582,0.5366666913032532
2026-01-12,2026-01-12T02:00:00Z,2,T2,0.02347150631248951,0.065129853785038,3.467679738998413,0.009999999776482582,0.5166666507720947
2026-01-12,2026-01-12T03:00:00Z,3,T2,0.037971239537000656,0.10860715806484222,4.166073322296143,0.009999999776482582,0.2966666519641876
2026-01-12,2026-01-12T04:00:00Z,4,T2,0.09575795382261276,0.1515142023563385,4.614504814147949,0.009999999776482582,0.2633333206176758
2026-01-12,2026-01-12T05:00:00Z,5,T2,0.2318514883518219,0.23465104401111603,5.342906475067139,0.009999999776482582,0.32499998807907104
2026-01-12,2026-01-12T06:00:00Z,6,T2,0.21755987405776978,0.10724333673715591,4.100778102874756,0.009999999776482582,0.2316666692495346
2026-01-12,2026-01-12T07:00:00Z,7,T2,0.16717517375946045,0.24333921074867249,5.500220775604248,0.008333333767950535,0.5350000262260437
2026-01-12,2026-01-12T08:00:00Z,8,T2,0.2948330342769623,0.2848128080368042,5.968993663787842,0.03999999910593033,0.7683333158493042
2026-01-12,2026-01-12T09:00:00Z,9,T2,0.3727903664112091,0.44775301218032837,6.908641815185547,0.16500000655651093,0.40833333134651184
2026-01-12,2026-01-12T10:00:00Z,10,T2,0.49959006905555725,0.6818443536758423,7.89008092880249,0.12999999523162842,0.24500000476837158
2026-01-12,2026-01-12T11:00:00Z,11,T2,0.44755426049232483,0.5631704330444336,7.478652477264404,0.05000000074505806,0.16333332657814026
2026-01-12,2026-01-12T12:00:00Z,12,T2,0.4451388120651245,0.43603888154029846,6.836759090423584,0.41999998688697815,0.24833333492279053
2026-01-12,2026-01-12T13:00:00Z,13,T2,0.2994399964809418,0.25490114092826843,5.693620681762695,0.5716666579246521,0.2516666650772095
2026-01-12,2026-01-12T14:00:00Z,14,T2,0.306663453578949,0.24460074305534363,5.54752779006958,0.6150000095367432,0.4983333349227905
2026-01-12,2026-01-12T15:00:00Z,15,T2,0.4002189636230469,0.2046947032213211,5.163168430328369,0.57833331823349,0.4333333373069763
2026-01-12,2026-01-12T16:00:00Z,16,T2,0.3667686879634857,0.5429368615150452,7.298017501831055,0.4466666579246521,0.34833332896232605
2026-01-12,2026-01-12T17:00:00Z,17,T2,0.22339695692062378,0.684612512588501,8.270198822021484,0.273333340883255,0.5333333611488342
2026-01-12,2026-01-12T18:00:00Z,18,T2,0.2782459259033203,0.17896951735019684,4.865339279174805,0.1850000023841858,0.41499999165534973
2026-01-12,2026-01-12T19:00:00Z,19,T2,0.3046096861362457,0.06236601248383522,3.4299910068511963,0.15833333134651184,0.4033333361148834
2026-01-12,2026-01-12T20:00:00Z,20,T2,0.14243851602077484,0.10812709480524063,4.12041711807251,0.18833333253860474,0.5233333110809326
2026-01-12,2026-01-12T21:00:00Z,21,T2,0.14968104660511017,0.10094486176967621,3.9608116149902344,0.11833333224058151,0.1599999964237213
2026-01-12,2026-01-12T22:00:00Z,22,T2,0.09110686182975769,0.03558032959699631,2.633704900741577,0.21666666865348816,0.014999999664723873
2026-01-12,2026-01-12T23:00:00Z,23,T2,0.016711676493287086,0.04834692180156708,2.8252038955688477,0.2083333283662796,0.011666666716337204
2026-01-12,2026-01-13T00:00:00Z,24,T2,0.0792509913444519,0.0,0.6018462181091309,0.10999999940395355,0.009999999776482582
2026-01-12,2026-01-13T01:00:00Z,25,T2,0.0089527303352952,0.0383341908454895,2.6750128269195557,0.009999999776482582,0.5366666913032532
2026-01-12,2026-01-13T02:00:00Z,26,T2,0.028937913477420807,0.0,1.4931625127792358,0.009999999776482582,0.5166666507720947
2026-01-12,2026-01-13T03:00:00Z,27,T2,0.041200581938028336,0.0,0.2904380261898041,0.05000000074505806,0.2966666519641876
2026-01-12,2026-01-13T04:00:00Z,28,T2,0.0,0.0,0.919134795665741,0.12666666507720947,0.2633333206176758
2026-01-12,2026-01-13T05:00:00Z,29,T2,0.0,0.0329260490834713,2.3638923168182373,0.1599999964237213,0.32499998807907104
2026-01-12,2026-01-13T06:00:00Z,30,T2,0.004050085321068764,0.1364918351173401,4.527837753295898,0.14166666567325592,0.2316666692495346
2026-01-12,2026-01-13T07:00:00Z,31,T2,0.05686253309249878,0.28111138939857483,5.926285266876221,0.38333332538604736,0.5350000262260437
2026-01-12,2026-01-13T08:00:00Z,32,T2,0.2705551087856293,0.2825511693954468,5.942898273468018,0.6333333253860474,0.7683333158493042
2026-01-12,2026-01-13T09:00:00Z,33,T2,0.45679619908332825,0.2762358486652374,5.871409893035889,0.70333331823349,0.40833333134651184
2026-01-12,2026-01-13T10:00:00Z,34,T2,0.43124285340309143,0.4254939556121826,6.661010265350342,0.9566666483879089,0.24500000476837158
2026-01-12,2026-01-13T11:00:00Z,35,T2,0.6128352880477905,0.5627449154853821,7.469533920288086,0.9866666793823242,0.16333332657814026
2026-01-12,2026-01-13T12:00:00Z,36,T2,0.7268196940422058,0.5651304125785828,7.520651340484619,0.9900000095367432,0.24833333492279053
2026-01-12,2026-01-13T13:00:00Z,37,T2,0.7226808071136475,0.6060299873352051,7.705664157867432,0.9900000095367432,0.2516666650772095
2026-01-12,2026-01-13T14:00:00Z,38,T2,0.8399350643157959,0.5661149024963379,7.541748046875,0.9900000095367432,0.4983333349227905
2026-01-12,2026-01-13T15:00:00Z,39,T2,0.7388567924499512,0.5209908485412598,7.188287734985352,0.9933333396911621,0.4333333373069763
2026-01-12,2026-01-13T16:00:00Z,40,T2,0.6162028312683105,0.42151176929473877,6.609820365905762,0.9950000047683716,0.34833332896232605
2026-01-12,2026-01-13T17:00:00Z,41,T2,0.472746878862381,0.29174602031707764,6.04899263381958,0.9516666531562805,0.5333333611488342
2026-01-12,2026-01-13T18:00:00Z,42,T2,0.42199695110321045,0.2978861629962921,6.119840621948242,0.9283333420753479,0.41499999165534973
2026-01-12,2026-01-13T19:00:00Z,43,T2,0.5139293670654297,0.2614074647426605,5.74783992767334,0.7916666865348816,0.4033333361148834
2026-01-12,2026-01-13T20:00:00Z,44,T2,0.49189257621765137,0.22568829357624054,5.289129734039307,0.7333333492279053,0.5233333110809326
2026-01-12,2026-01-13T21:00:00Z,45,T2,0.44331076741218567,0.18629518151283264,4.960843563079834,0.8650000095367432,0.1599999964237213
2026-01-12,2026-01-13T22:00:00Z,46,T2,0.4190135896205902,0.16248607635498047,4.710806846618652,0.8133333325386047,0.014999999664723873
2026-01-12,2026-01-13T23:00:00Z,47,T2,0.2626476287841797,0.15095511078834534,4.611279487609863,0.6883333325386047,0.011666666716337204
2026-01-12,2026-01-14T00:00:00Z,48,T2,0.2047199308872223,0.021666666492819786,1.691392183303833,0.38999998569488525,0.009999999776482582
2026-01-13,2026-01-13T01:00:00Z,1,STATION,0.0025104135274887085,0.0,1.0032888650894165,0.009999999776482582,0.009999999776482582
2026-01-13,2026-01-13T02:00:00Z,2,STATION,0.022656133398413658,0.0,0.7931287288665771,0.010833333246409893,0.009999999776482582
2026-01-13,2026-01-13T03:00:00Z,3,STATION,0.0,0.02645556628704071,2.166605234146118,0.05000000074505806,0.009999999776482582
2026-01-13,2026-01-13T04:00:00Z,4,STATION,0.037912096828222275,0.1000787690281868,3.855971574783325,0.13750000298023224,0.009999999776482582
2026-01-13,2026-01-13T05:00:00Z,5,STATION,0.11984216421842575,0.27465441823005676,5.791158199310303,0.17249999940395355,0.009999999776482582
2026-01-13,2026-01-13T06:00:00Z,6,STATION,0.185805082321167,0.2622329592704773,5.697997093200684,0.15166667103767395,0.009999999776482582
2026-01-13,2026-01-13T07:00:00Z,7,STATION,0.22946520149707794,0.29640498757362366,6.0260233879089355,0.38333332538604736,0.009166666306555271
2026-01-13,2026-01-13T08:00:00Z,8,STATION,0.43759825825691223,0.28907352685928345,5.92128849029541,0.6208333373069763,0.040833331644535065
2026-01-13,2026-01-13T09:00:00Z,9,STATION,0.4279071092605591,0.3598560690879822,6.267494201660156,0.6683333516120911,0.15333333611488342
2026-01-13,2026-01-13T10:00:00Z,10,STATION,0.47885605692863464,0.4780887961387634,6.988715171813965,0.9541666507720947,0.12166666984558105
2026-01-13,2026-01-13T11:00:00Z,11,STATION,0.6658825278282166,0.591210663318634,7.648662567138672,0.9866666793823242,0.05000000074505806
2026-01-13,2026-01-13T12:00:00Z,12,STATION,0.7921669483184814,0.7433553338050842,8.980340003967285,0.9900000095367432,0.41749998927116394
2026-01-13,2026-01-13T13:00:00Z,13,STATION,0.8780872821807861,0.7744513154029846,9.089448928833008,0.9900000095367432,0.5674999952316284
2026-01-13,2026-01-13T14:00:00Z,14,STATION,0.9397634267807007,0.6878948211669922,8.398762702941895,0.9900000095367432,0.6000000238418579
2026-01-13,2026-01-13T15:00:00Z,15,STATION,0.7986275553703308,0.6217526197433472,7.724386692047119,0.9916666746139526,0.5816666483879089
2026-01-13,2026-01-13T16:00:00Z,16,STATION,0.7402500510215759,0.48733222484588623,7.024040222167969,0.9925000071525574,0.44333332777023315
2026-01-13,2026-01-13T17:00:00Z,17,STATION,0.6125761270523071,0.3543020486831665,6.25349235534668,0.9200000166893005,0.27166667580604553
2026-01-13,2026-01-13T18:00:00Z,18,STATION,0.5365195870399475,0.2498837560415268,5.494187831878662,0.9491666555404663,0.18333333730697632
2026-01-13,2026-01-13T19:00:00Z,19,STATION,0.3936726450920105,0.20257268846035004,5.103263854980469,0.8241666555404663,0.16083332896232605
2026-01-13,2026-01-13T20:00:00Z,20,STATION,0.333408385515213,0.18861372768878937,4.912914276123047,0.753333330154419,0.18833333253860474
2026-01-13,2026-01-13T21:00:00Z,21,STATION,0.24319812655448914,0.13126227259635925,4.474565029144287,0.8833333253860474,0.11833333224058151
2026-01-13,2026-01-13T22:00:00Z,22,STATION,0.228355273604393,0.08857685327529907,3.697324514389038,0.8508333563804626,0.21916666626930237
2026-01-13,2026-01-13T23:00:00Z,23,STATION,0.1863269954919815,0.05933339521288872,3.248335838317871,0.7316666841506958,0.2108333259820938
2026-01-13,2026-01-14T00:00:00Z,24,STATION,0.11324276030063629,0.10023254156112671,3.8580925464630127,0.4350000023841858,0.10999999940395355
2026-01-13,2026-01-14T01:00:00Z,25,STATION,0.008841769769787788,0.0,1.431101679801941,0.16333332657814026,0.009999999776482582
2026-01-13,2026-01-14T02:00:00Z,26,STATION,0.001190414885058999,0.022187380120158195,1.7812141180038452,0.011666666716337204,0.009999999776482582
2026-01-13,2026-01-14T03:00:00Z,27,STATION,0.0,0.027492322027683258,2.1896440982818604,0.21916666626930237,0.009999999776482582
2026-01-13,2026-01-14T04:00:00Z,28,STATION,0.03940419852733612,0.04386482760310173,2.725497245788574,0.29750001430511475,0.009999999776482582
2026-01-13,2026-01-14T05:00:00Z,29,STATION,0.019039105623960495,0.03660909831523895,2.4913649559020996,0.14916667342185974,0.009999999776482582
2026-01-13,2026-01-14T06:00:00Z,30,STATION,0.06149309128522873,0.02832215279340744,2.20808482170105,0.01666666753590107,0.009999999776482582
2026-01-13,2026-01-14T07:00:00Z,31,STATION,0.015018867328763008,0.039880070835351944,2.6625800132751465,0.03916666656732559,0.009166666306555271
2026-01-13,2026-01-14T08:00:00Z,32,STATION,0.07588563114404678,0.05631180852651596,3.127472400665283,0.09666666388511658,0.040833331644535065
2026-01-13,2026-01-14T09:00:00Z,33,STATION,0.09879286587238312,0.09842661023139954,3.8331830501556396,0.11749999970197678,0.15333333611488342
2026-01-13,2026-01-14T10:00:00Z,34,STATION,0.15734606981277466,0.10295925289392471,3.9065983295440674,0.16333332657814026,0.12166666984558105
2026-01-13,2026-01-14T11:00:00Z,35,STATION,0.15236416459083557,0.1182016134262085,4.394601821899414,0.14083333313465118,0.05000000074505806
2026-01-13,2026-01-14T12:00:00Z,36,STATION,0.13109058141708374,0.25121819972991943,5.560909271240234,0.12083332985639572,0.41749998927116394
2026-01-13,2026-01-14T13:00:00Z,37,STATION,0.18483351171016693,0.29839494824409485,6.054451942443848,0.17083333432674408,0.5674999952316284
2026-01-13,2026-01-14T14:00:00Z,38,STATION,0.1921456754207611,0.30803436040878296,6.1368513107299805,0.14249999821186066,0.6000000238418579
2026-01-13,2026-01-14T15:00:00Z,39,STATION,0.2357831746339798,0.34135308861732483,6.220848083496094,0.1391666680574417,0.5816666483879089
2026-01-13,2026-01-14T16:00:00Z,40,STATION,0.3018382787704468,0.40596890449523926,6.403907299041748,0.3166666626930237,0.44333332777023315
2026-01-13,2026-01-14T17:00:00Z,41,STATION,0.3623065948486328,0.30066800117492676,6.086923599243164,0.3050000071525574,0.27166667580604553
2026-01-13,2026-01-14T18:00:00Z,42,STATION,0.3360934555530548,0.2802601754665375,5.8332014083862305,0.1783333271741867,0.18333333730697632
2026-01-13,2026-01-14T19:00:00Z,43,STATION,0.21765214204788208,0.2507953345775604,5.539766311645508,0.09083333611488342,0.16083332896232605
2026-01-13,2026-01-14T20:00:00Z,44,STATION,0.2151089459657669,0.1486535370349884,4.581042289733887,0.032499998807907104,0.18833333253860474
2026-01-13,2026-01-14T21:00:00Z,45,STATION,0.1766015738248825,0.07117684185504913,3.4791221618652344,0.019166667014360428,0.11833333224058151
2026-01-13,2026-01-14T22:00:00Z,46,STATION,0.0956328883767128,0.053486477583646774,2.8881266117095947,0.014166667126119137,0.21916666626930237
2026-01-13,2026-01-14T23:00:00Z,47,STATION,0.09312300384044647,0.033171478658914566,2.315847635269165,0.009999999776482582,0.2108333259820938
2026-01-13,2026-01-15T00:00:00Z,48,STATION,0.040878746658563614,0.028691889718174934,2.216301202774048,0.009999999776482582,0.10999999940395355
2026-01-13,2026-01-13T01:00:00Z,1,T1,0.005020827054977417,0.0,1.0032888650894165,0.009999999776482582,0.009999999776482582
2026-01-13,2026-01-13T02:00:00Z,2,T1,0.023642648011446,0.0,0.7931287288665771,0.011666666716337204,0.009999999776482582
2026-01-13,2026-01-13T03:00:00Z,3,T1,0.0,0.02721894346177578,2.166605234146118,0.05000000074505806,0.009999999776482582
2026-01-13,2026-01-13T04:00:00Z,4,T1,0.07582419365644455,0.10462819784879684,3.855971574783325,0.1483333259820938,0.009999999776482582
2026-01-13,2026-01-13T05:00:00Z,5,T1,0.18361355364322662,0.2827031910419464,5.791158199310303,0.1850000023841858,0.009999999776482582
2026-01-13,2026-01-13T06:00:00Z,6,T1,0.17483851313591003,0.2690396010875702,5.697997093200684,0.1616666615009308,0.009999999776482582
2026-01-13,2026-01-13T07:00:00Z,7,T1,0.22191131114959717,0.3030545711517334,6.0260233879089355,0.38333332538604736,0.009999999776482582
2026-01-13,2026-01-13T08:00:00Z,8,T1,0.41662052273750305,0.29746872186660767,5.92128849029541,0.6083333492279053,0.0416666679084301
2026-01-13,2026-01-13T09:00:00Z,9,T1,0.4290432333946228,0.36723095178604126,6.267494201660156,0.6333333253860474,0.14166666567325592
2026-01-13,2026-01-13T10:00:00Z,10,T1,0.4743865728378296,0.4860040247440338,6.988715171813965,0.9516666531562805,0.1133333370089531
2026-01-13,2026-01-13T11:00:00Z,11,T1,0.6906725764274597,0.6018519401550293,7.648662567138672,0.9866666793823242,0.05000000074505806
2026-01-13,2026-01-13T12:00:00Z,12,T1,0.8156386613845825,0.7457687258720398,8.980340003967285,0.9900000095367432,0.41499999165534973
2026-01-13,2026-01-13T13:00:00Z,13,T1,0.9051340222358704,0.7785013914108276,9.089448928833008,0.9900000095367432,0.5633333325386047
2026-01-13,2026-01-13T14:00:00Z,14,T1,0.9666674137115479,0.6885263919830322,8.398762702941895,0.9900000095367432,0.5849999785423279
2026-01-13,2026-01-13T15:00:00Z,15,T1,0.7853955626487732,0.6291125416755676,7.724386692047119,0.9900000095367432,0.5849999785423279
2026-01-13,2026-01-13T16:00:00Z,16,T1,0.7271291613578796,0.4945998191833496,7.024040222167969,0.9900000095367432,0.4399999976158142
2026-01-13,2026-01-13T17:00:00Z,17,T1,0.5886446237564087,0.3614436089992523,6.25349235534668,0.8883333206176758,0.27000001072883606
2026-01-13,2026-01-13T18:00:00Z,18,T1,0.5445084571838379,0.2565891742706299,5.494187831878662,0.9700000286102295,0.18166667222976685
2026-01-13,2026-01-13T19:00:00Z,19,T1,0.37863487005233765,0.2084060162305832,5.103263854980469,0.8566666841506958,0.16333332657814026
2026-01-13,2026-01-13T20:00:00Z,20,T1,0.31339383125305176,0.19444705545902252,4.912914276123047,0.7733333110809326,0.18833333253860474
2026-01-13,2026-01-13T21:00:00Z,21,T1,0.22012853622436523,0.13526661694049835,4.474565029144287,0.9016666412353516,0.11833333224058151
2026-01-13,2026-01-13T22:00:00Z,22,T1,0.2313535511493683,0.09458054602146149,3.697324514389038,0.8883333206176758,0.22166666388511658
2026-01-13,2026-01-13T23:00:00Z,23,T1,0.1868470460176468,0.06286673992872238,3.248335838317871,0.7749999761581421,0.2133333384990692
2026-01-13,2026-01-14T00:00:00Z,24,T1,0.11324449628591537,0.10476252436637878,3.8580925464630127,0.47999998927116394,0.10999999940395355
2026-01-13,2026-01-14T01:00:00Z,25,T1,0.01290462352335453,0.0,1.431101679801941,0.17666666209697723,0.009999999776482582
2026-01-13,2026-01-14T02:00:00Z,26,T1,0.002380829770117998,0.022708093747496605,1.7812141180038452,0.013333333656191826,0.009999999776482582
2026-01-13,2026-01-14T03:00:00Z,27,T1,0.0,0.028447691351175308,2.1896440982818604,0.2199999988079071,0.009999999776482582
2026-01-13,2026-01-14T04:00:00Z,28,T1,0.0552636943757534,0.04602983593940735,2.725497245788574,0.2750000059604645,0.009999999776482582
2026-01-13,2026-01-14T05:00:00Z,29,T1,0.03807821124792099,0.03910909965634346,2.4913649559020996,0.15166667103767395,0.009999999776482582
2026-01-13,2026-01-14T06:00:00Z,30,T1,0.059309639036655426,0.029431194067001343,2.20808482170105,0.011666666716337204,0.009999999776482582
2026-01-13,2026-01-14T07:00:00Z,31,T1,0.030037734657526016,0.04225480556488037,2.6625800132751465,0.03333333507180214,0.009999999776482582
2026-01-13,2026-01-14T08:00:00Z,32,T1,0.0567590594291687,0.05924084037542343,3.127472400665283,0.09166666865348816,0.0416666679084301
2026-01-13,2026-01-14T09:00:00Z,33,T1,0.1011701375246048,0.10318493098020554,3.8331830501556396,0.11500000208616257,0.14166666567325592
2026-01-13,2026-01-14T10:00:00Z,34,T1,0.15895900130271912,0.10741324722766876,3.9065983295440674,0.1666666716337204,0.1133333370089531
2026-01-13,2026-01-14T11:00:00Z,35,T1,0.14938907325267792,0.12300559878349304,4.394601821899414,0.15000000596046448,0.05000000074505806
2026-01-13,2026-01-14T12:00:00Z,36,T1,0.12203459441661835,0.257478803396225,5.560909271240234,0.11666666716337204,0.41499999165534973
2026-01-13,2026-01-14T13:00:00Z,37,T1,0.14396776258945465,0.3045707643032074,6.054451942443848,0.16833333671092987,0.5633333325386047
2026-01-13,2026-01-14T14:00:00Z,38,T1,0.18668116629123688,0.313231885433197,6.1368513107299805,0.14000000059604645,0.5849999785423279
2026-01-13,2026-01-14T15:00:00Z,39,T1,0.21772262454032898,0.3479505777359009,6.220848083496094,0.13333334028720856,0.5849999785423279
2026-01-13,2026-01-14T16:00:00Z,40,T1,0.245531365275383,0.41513556241989136,6.403907299041748,0.3216666579246521,0.4399999976158142
2026-01-13,2026-01-14T17:00:00Z,41,T1,0.3175859749317169,0.30630260705947876,6.086923599243164,0.2933333218097687,0.27000001072883606
2026-01-13,2026-01-14T18:00:00Z,42,T1,0.3243162930011749,0.2888695299625397,5.8332014083862305,0.15833333134651184,0.18166667222976685
2026-01-13,2026-01-14T19:00:00Z,43,T1,0.2359549105167389,0.2571968734264374,5.539766311645508,0.0833333358168602,0.16333332657814026
2026-01-13,2026-01-14T20:00:00Z,44,T1,0.23634125292301178,0.15159311890602112,4.581042289733887,0.03166666626930237,0.18833333253860474
2026-01-13,2026-01-14T21:00:00Z,45,T1,0.17483681440353394,0.07638472318649292,3.4791221618652344,0.021666666492819786,0.11833333224058151
2026-01-13,2026-01-14T22:00:00Z,46,T1,0.09218310564756393,0.05521877855062485,2.8881266117095947,0.014999999664723873,0.22166666388511658
2026-01-13,2026-01-14T23:00:00Z,47,T1,0.10626155883073807,0.035178542137145996,2.315847635269165,0.009999999776482582,0.2133333384990692
2026-01-13,2026-01-15T00:00:00Z,48,T1,0.04799284040927887,0.029869399964809418,2.216301202774048,0.009999999776482582,0.10999999940395355
2026-01-13,2026-01-13T01:00:00Z,1,T2,0.0,0.0,1.0032888650894165,0.009999999776482582,0.009999999776482582
2026-01-13,2026-01-13T02:00:00Z,2,T2,0.021669618785381317,0.0,0.7931287288665771,0.009999999776482582,0.009999999776482582
2026-01-13,2026-01-13T03:00:00Z,3,T2,0.0,0.02569218911230564,2.166605234146118,0.05000000074505806,0.009999999776482582
2026-01-13,2026-01-13T04:00:00Z,4,T2,0.0,0.09552934765815735,3.855971574783325,0.12666666507720947,0.009999999776482582
2026-01-13,2026-01-13T05:00:00Z,5,T2,0.05607077479362488,0.2666056454181671,5.791158199310303,0.1599999964237213,0.009999999776482582
2026-01-13,2026-01-13T06:00:00Z,6,T2,0.19677165150642395,0.2554263472557068,5.697997093200684,0.14166666567325592,0.009999999776482582
2026-01-13,2026-01-13T07:00:00Z,7,T2,0.23701907694339752,0.28975537419319153,6.0260233879089355,0.38333332538604736,0.008333333767950535
2026-01-13,2026-01-13T08:00:00Z,8,T2,0.4585760235786438,0.2806783616542816,5.92128849029541,0.6333333253860474,0.03999999910593033
2026-01-13,2026-01-13T09:00:00Z,9,T2,0.42677098512649536,0.3524811565876007,6.267494201660156,0.70333331823349,0.16500000655651093
2026-01-13,2026-01-13T10:00:00Z,10,T2,0.4833255410194397,0.47017356753349304,6.988715171813965,0.9566666483879089,0.12999999523162842
2026-01-13,2026-01-13T11:00:00Z,11,T2,0.6410924792289734,0.5805693864822388,7.648662567138672,0.9866666793823242,0.05000000074505806
2026-01-13,2026-01-13T12:00:00Z,12,T2,0.7686952352523804,0.7409418821334839,8.980340003967285,0.9900000095367432,0.41999998688697815
2026-01-13,2026-01-13T13:00:00Z,13,T2,0.8510405421257019,0.7704012989997864,9.089448928833008,0.9900000095367432,0.5716666579246521
2026-01-13,2026-01-13T14:00:00Z,14,T2,0.9128594994544983,0.6872632503509521,8.398762702941895,0.9900000095367432,0.6150000095367432
2026-01-13,2026-01-13T15:00:00Z,15,T2,0.8118594884872437,0.6143926978111267,7.724386692047119,0.9933333396911621,0.57833331823349
2026-01-13,2026-01-13T16:00:00Z,16,T2,0.7533708810806274,0.48006463050842285,7.024040222167969,0.9950000047683716,0.4466666579246521
2026-01-13,2026-01-13T17:00:00Z,17,T2,0.6365076303482056,0.3471605181694031,6.25349235534668,0.9516666531562805,0.273333340883255
2026-01-13,2026-01-13T18:00:00Z,18,T2,0.5285307168960571,0.2431783378124237,5.494187831878662,0.9283333420753479,0.1850000023841858
2026-01-13,2026-01-13T19:00:00Z,19,T2,0.40871044993400574,0.1967393457889557,5.103263854980469,0.7916666865348816,0.15833333134651184
2026-01-13,2026-01-13T20:00:00Z,20,T2,0.35342293977737427,0.18278038501739502,4.912914276123047,0.7333333492279053,0.18833333253860474
2026-01-13,2026-01-13T21:00:00Z,21,T2,0.26626768708229065,0.12725791335105896,4.474565029144287,0.8650000095367432,0.11833333224058151
2026-01-13,2026-01-13T22:00:00Z,22,T2,0.22535698115825653,0.08257316052913666,3.697324514389038,0.8133333325386047,0.21666666865348816
2026-01-13,2026-01-13T23:00:00Z,23,T2,0.18580695986747742,0.055800050497055054,3.248335838317871,0.6883333325386047,0.2083333283662796
2026-01-13,2026-01-14T00:00:00Z,24,T2,0.11324102431535721,0.09570255875587463,3.8580925464630127,0.38999998569488525,0.10999999940395355
2026-01-13,2026-01-14T01:00:00Z,25,T2,0.004778916481882334,0.0,1.431101679801941,0.15000000596046448,0.009999999776482582
2026-01-13,2026-01-14T02:00:00Z,26,T2,0.0,0.021666666492819786,1.7812141180038452,0.009999999776482582,0.009999999776482582
2026-01-13,2026-01-14T03:00:00Z,27,T2,0.0,0.026536954566836357,2.1896440982818604,0.21833333373069763,0.009999999776482582
2026-01-13,2026-01-14T04:00:00Z,28,T2,0.02354470081627369,0.04169981926679611,2.725497245788574,0.3199999928474426,0.009999999776482582
2026-01-13,2026-01-14T05:00:00Z,29,T2,0.0,0.034109100699424744,2.4913649559020996,0.14666666090488434,0.009999999776482582
2026-01-13,2026-01-14T06:00:00Z,30,T2,0.06367654353380203,0.027213113382458687,2.20808482170105,0.021666666492819786,0.009999999776482582
2026-01-13,2026-01-14T07:00:00Z,31,T2,0.0,0.037505339831113815,2.6625800132751465,0.04500000178813934,0.008333333767950535
2026-01-13,2026-01-14T08:00:00Z,32,T2,0.09501221030950546,0.05338278040289879,3.127472400665283,0.10166666656732559,0.03999999910593033
2026-01-13,2026-01-14T09:00:00Z,33,T2,0.09641558676958084,0.09366828203201294,3.8331830501556396,0.11999999731779099,0.16500000655651093
2026-01-13,2026-01-14T10:00:00Z,34,T2,0.1557331383228302,0.09850525856018066,3.9065983295440674,0.1599999964237213,0.12999999523162842
2026-01-13,2026-01-14T11:00:00Z,35,T2,0.15533927083015442,0.11339762806892395,4.394601821899414,0.1316666603088379,0.05000000074505806
2026-01-13,2026-01-14T12:00:00Z,36,T2,0.14014656841754913,0.2449575811624527,5.560909271240234,0.125,0.41999998688697815
2026-01-13,2026-01-14T13:00:00Z,37,T2,0.2256992608308792,0.2922191619873047,6.054451942443848,0.1733333319425583,0.5716666579246521
2026-01-13,2026-01-14T14:00:00Z,38,T2,0.19761019945144653,0.3028368651866913,6.1368513107299805,0.14499999582767487,0.6150000095367432
2026-01-13,2026-01-14T15:00:00Z,39,T2,0.2538437247276306,0.33475562930107117,6.220848083496094,0.14499999582767487,0.57833331823349
2026-01-13,2026-01-14T16:00:00Z,40,T2,0.35814520716667175,0.39680221676826477,6.403907299041748,0.31166666746139526,0.4466666579246521
2026-01-13,2026-01-14T17:00:00Z,41,T2,0.4070272147655487,0.29503339529037476,6.086923599243164,0.3166666626930237,0.273333340883255
2026-01-13,2026-01-14T18:00:00Z,42,T2,0.3478706181049347,0.2716508209705353,5.8332014083862305,0.19833333790302277,0.1850000023841858
2026-01-13,2026-01-14T19:00:00Z,43,T2,0.19934937357902527,0.24439376592636108,5.539766311645508,0.09833333641290665,0.15833333134651184
2026-01-13,2026-01-14T20:00:00Z,44,T2,0.19387665390968323,0.1457139551639557,4.581042289733887,0.03333333507180214,0.18833333253860474
2026-01-13,2026-01-14T21:00:00Z,45,T2,0.17836633324623108,0.06596895307302475,3.4791221618652344,0.01666666753590107,0.11833333224058151
2026-01-13,2026-01-14T22:00:00Z,46,T2,0.09908267855644226,0.0517541766166687,2.8881266117095947,0.013333333656191826,0.21666666865348816
2026-01-13,2026-01-14T23:00:00Z,47,T2,0.07998445630073547,0.031164415180683136,2.315847635269165,0.009999999776482582,0.2083333283662796
2026-01-13,2026-01-15T00:00:00Z,48,T2,0.03376465290784836,0.02751437947154045,2.216301202774048,0.009999999776482582,0.10999999940395355
2026-01-14,2026-01-14T01:00:00Z,1,STATION,0.08710335195064545,0.059909362345933914,3.271374464035034,0.16333332657814026,0.009999999776482582
2026-01-14,2026-01-14T02:00:00Z,2,STATION,0.06183617562055588,0.022419147193431854,1.8507438898086548,0.011666666716337204,0.010833333246409893
2026-01-14,2026-01-14T03:00:00Z,3,STATION,0.014346498064696789,0.0,1.0302685499191284,0.21916666626930237,0.05000000074505806
2026-01-14,2026-01-14T04:00:00Z,4,STATION,0.0409572534263134,0.0,0.4488268792629242,0.29750001430511475,0.13750000298023224
2026-01-14,2026-01-14T05:00:00Z,5,STATION,0.025752712041139603,0.0,0.7463979125022888,0.14916667342185974,0.17249999940395355
2026-01-14,2026-01-14T06:00:00Z,6,STATION,0.005121950060129166,0.0,0.824560284614563,0.01666666753590107,0.15166667103767395
2026-01-14,2026-01-14T07:00:00Z,7,STATION,0.014816421084105968,0.0,1.4981138706207275,0.03916666656732559,0.38333332538604736
2026-01-14,2026-01-14T08:00:00Z,8,STATION,0.04316972941160202,0.037183571606874466,2.577535629272461,0.09666666388511658,0.6208333373069763
2026-01-14,2026-01-14T09:00:00Z,9,STATION,0.0943266972899437,0.10540265589952469,3.958038330078125,0.11749999970197678,0.6683333516120911
2026-01-14,2026-01-14T10:00:00Z,10,STATION,0.15757492184638977,0.11490808427333832,4.361212730407715,0.16333332657814026,0.9541666507720947
2026-01-14,2026-01-14T11:00:00Z,11,STATION,0.15224647521972656,0.11418775469064713,4.2531633377075195,0.14083333313465118,0.9866666793823242
2026-01-14,2026-01-14T12:00:00Z,12,STATION,0.10256808251142502,0.11625465750694275,4.382681369781494,0.12083332985639572,0.9900000095367432
2026-01-14,2026-01-14T13:00:00Z,13,STATION,0.12921670079231262,0.22514402866363525,5.246023178100586,0.17083333432674408,0.9900000095367432
2026-01-14,2026-01-14T14:00:00Z,14,STATION,0.15189316868782043,0.3002716898918152,6.081262111663818,0.14249999821186066,0.9900000095367432
2026-01-14,2026-01-14T15:00:00Z,15,STATION,0.3103823661804199,0.27890652418136597,5.823049068450928,0.1391666680574417,0.9916666746139526
2026-01-14,2026-01-14T16:00:00Z,16,STATION,0.3447272777557373,0.2858506143093109,5.875246524810791,0.3166666626930237,0.9925000071525574
2026-01-14,2026-01-14T17:00:00Z,17,STATION,0.3029361665248871,0.28611117601394653,5.878969192504883,0.3050000071525574,0.9200000166893005
2026-01-14,2026-01-14T18:00:00Z,18,STATION,0.263099730014801,0.17921197414398193,4.819821834564209,0.1783333271741867,0.9491666555404663
2026-01-14,2026-01-14T19:00:00Z,19,STATION,0.23057951033115387,0.15669888257980347,4.632213115692139,0.09083333611488342,0.8241666555404663
2026-01-14,2026-01-14T20:00:00Z,20,STATION,0.16194015741348267,0.11474835872650146,4.337254047393799,0.032499998807907104,0.753333330154419
2026-01-14,2026-01-14T21:00:00Z,21,STATION,0.13466322422027588,0.05744053050875664,3.172621250152588,0.019166667014360428,0.8833333253860474
2026-01-14,2026-01-14T22:00:00Z,22,STATION,0.10096533596515656,0.058482930064201355,3.2143173217773438,0.014166667126119137,0.8508333563804626
2026-01-14,2026-01-14T23:00:00Z,23,STATION,0.07543999701738358,0.05209808796644211,2.8554961681365967,0.009999999776482582,0.7316666841506958
2026-01-14,2026-01-15T00:00:00Z,24,STATION,0.04638005793094635,0.02455330267548561,2.12139630317688,0.009999999776482582,0.4350000023841858
2026-01-14,2026-01-15T01:00:00Z,25,STATION,0.035449378192424774,0.02409103512763977,2.0659244060516357,0.009999999776482582,0.009999999776482582
2026-01-14,2026-01-15T02:00:00Z,26,STATION,0.058646999299526215,0.07949157059192657,3.5788989067077637,0.009999999776482582,0.010833333246409893
2026-01-14,2026-01-15T03:00:00Z,27,STATION,0.07543723285198212,0.034561071544885635,2.3467273712158203,0.009999999776482582,0.05000000074505806
2026-01-14,2026-01-15T04:00:00Z,28,STATION,0.0018420960986986756,0.02248702384531498,1.8711072206497192,0.009999999776482582,0.13750000298023224
2026-01-14,2026-01-15T05:00:00Z,29,STATION,0.012614542618393898,0.020778894424438477,1.5362226963043213,0.009999999776482582,0.17249999940395355
2026-01-14,2026-01-15T06:00:00Z,30,STATION,0.0,0.04348397254943848,2.7194838523864746,0.009999999776482582,0.15166667103767395
2026-01-14,2026-01-15T07:00:00Z,31,STATION,0.055296871811151505,0.021797506138682365,1.6642515659332275,0.009999999776482582,0.38333332538604736
2026-01-14,2026-01-15T08:00:00Z,32,STATION,0.03871045261621475,0.0,1.081300973892212,0.009166666306555271,0.6208333373069763
2026-01-14,2026-01-15T09:00:00Z,33,STATION,0.05095343664288521,0.022083397954702377,1.7500194311141968,0.009999999776482582,0.6683333516120911
2026-01-14,2026-01-15T10:00:00Z,34,STATION,0.03936764970421791,0.0,1.2609434127807617,0.012500000186264515,0.9541666507720947
2026-01-14,2026-01-15T11:00:00Z,35,STATION,0.08552363514900208,0.022024644538760185,1.7323936223983765,0.034166667610406876,0.9866666793823242
2026-01-14,2026-01-15T12:00:00Z,36,STATION,0.05093482509255409,0.03526400774717331,2.3623483180999756,0.057500001043081284,0.9900000095367432
2026-01-14,2026-01-15T13:00:00Z,37,STATION,0.051967281848192215,0.05118168145418167,2.841026544570923,0.10583333671092987,0.9900000095367432
2026-01-14,2026-01-15T14:00:00Z,38,STATION,0.1285802125930786,0.0,0.5400254726409912,0.08250000327825546,0.9900000095367432
2026-01-14,2026-01-15T15:00:00Z,39,STATION,0.07747127115726471,0.03728693351149559,2.5930399894714355,0.050833333283662796,0.9916666746139526
2026-01-14,2026-01-15T16:00:00Z,40,STATION,0.1281944364309311,0.0,0.8618441224098206,0.2199999988079071,0.9925000071525574
2026-01-14,2026-01-15T17:00:00Z,41,STATION,0.08013054728507996,0.0,1.3335117101669312,0.14083333313465118,0.9200000166893005
2026-01-14,2026-01-15T18:00:00Z,42,STATION,0.058806195855140686,0.022155046463012695,1.771513819694519,0.023333333432674408,0.9491666555404663
2026-01-14,2026-01-15T19:00:00Z,43,STATION,0.12934309244155884,0.0570116750895977,3.1554670333862305,0.014166667126119137,0.8241666555404663
2026-01-14,2026-01-15T20:00:00Z,44,STATION,0.20341143012046814,0.17313525080680847,4.7691826820373535,0.16083332896232605,0.753333330154419
2026-01-14,2026-01-15T21:00:00Z,45,STATION,0.12962569296360016,0.035372912883758545,2.3647685050964355,0.11083333194255829,0.8833333253860474
2026-01-14,2026-01-15T22:00:00Z,46,STATION,0.08415912091732025,0.032706234604120255,2.305508852005005,0.059166666120290756,0.8508333563804626
2026-01-14,2026-01-15T23:00:00Z,47,STATION,0.052820585668087006,0.0620415061712265,3.3566601276397705,0.040833331644535065,0.7316666841506958
2026-01-14,2026-01-16T00:00:00Z,48,STATION,0.10513859242200851,0.07233793288469315,3.4930551052093506,0.025833332911133766,0.4350000023841858
2026-01-14,2026-01-14T01:00:00Z,1,T1,0.07514055073261261,0.06355790048837662,3.271374464035034,0.17666666209697723,0.009999999776482582
2026-01-14,2026-01-14T02:00:00Z,2,T1,0.05748572573065758,0.023171626031398773,1.8507438898086548,0.013333333656191826,0.011666666716337204
2026-01-14,2026-01-14T03:00:00Z,3,T1,0.01515793614089489,0.0,1.0302685499191284,0.2199999988079071,0.05000000074505806
2026-01-14,2026-01-14T04:00:00Z,4,T1,0.05622325465083122,0.0,0.4488268792629242,0.2750000059604645,0.1483333259820938
2026-01-14,2026-01-14T05:00:00Z,5,T1,0.021478837355971336,0.0,0.7463979125022888,0.15166667103767395,0.1850000023841858
2026-01-14,2026-01-14T06:00:00Z,6,T1,0.0,0.0,0.824560284614563,0.011666666716337204,0.1616666615009308
2026-01-14,2026-01-14T07:00:00Z,7,T1,0.014814771711826324,0.0,1.4981138706207275,0.03333333507180214,0.38333332538604736
2026-01-14,2026-01-14T08:00:00Z,8,T1,0.06391458958387375,0.03968357294797897,2.577535629272461,0.09166666865348816,0.6083333492279053
2026-01-14,2026-01-14T09:00:00Z,9,T1,0.09081258624792099,0.10998524725437164,3.958038330078125,0.11500000208616257,0.6333333253860474
2026-01-14,2026-01-14T10:00:00Z,10,T1,0.16062045097351074,0.11990808695554733,4.361212730407715,0.1666666716337204,0.9516666531562805
2026-01-14,2026-01-14T11:00:00Z,11,T1,0.14501488208770752,0.11918775737285614,4.2531633377075195,0.15000000596046448,0.9866666793823242
2026-01-14,2026-01-14T12:00:00Z,12,T1,0.07755047082901001,0.12117784470319748,4.382681369781494,0.11666666716337204,0.9900000095367432
2026-01-14,2026-01-14T13:00:00Z,13,T1,0.10594430565834045,0.2317841798067093,5.246023178100586,0.16833333671092987,0.9900000095367432
2026-01-14,2026-01-14T14:00:00Z,14,T1,0.10652826726436615,0.30600064992904663,6.081262111663818,0.14000000059604645,0.9900000095367432
2026-01-14,2026-01-14T15:00:00Z,15,T1,0.2639441192150116,0.28738051652908325,5.823049068450928,0.13333334028720856,0.9900000095367432
2026-01-14,2026-01-14T16:00:00Z,16,T1,0.30017489194869995,0.2950131595134735,5.875246524810791,0.3216666579246521,0.9900000095367432
2026-01-14,2026-01-14T17:00:00Z,17,T1,0.2607806324958801,0.29521170258522034,5.878969192504883,0.2933333218097687,0.8883333206176758
2026-01-14,2026-01-14T18:00:00Z,18,T1,0.2935933768749237,0.18430960178375244,4.819821834564209,0.15833333134651184,0.9700000286102295
2026-01-14,2026-01-14T19:00:00Z,19,T1,0.23422972857952118,0.15929505228996277,4.632213115692139,0.0833333358168602,0.8566666841506958
2026-01-14,2026-01-14T20:00:00Z,20,T1,0.18765272200107574,0.11974836140871048,4.337254047393799,0.03166666626930237,0.7733333110809326
2026-01-14,2026-01-14T21:00:00Z,21,T1,0.13960865139961243,0.060595300048589706,3.172621250152588,0.021666666492819786,0.9016666412353516
2026-01-14,2026-01-14T22:00:00Z,22,T1,0.08397892862558365,0.061846185475587845,3.2143173217773438,0.014999999664723873,0.8883333206176758
2026-01-14,2026-01-14T23:00:00Z,23,T1,0.08274264633655548,0.05382976680994034,2.8554961681365967,0.009999999776482582,0.7749999761581421
2026-01-14,2026-01-15T00:00:00Z,24,T1,0.04628659039735794,0.02497597597539425,2.12139630317688,0.009999999776482582,0.47999998927116394
2026-01-14,2026-01-15T01:00:00Z,25,T1,0.03458423167467117,0.024606162682175636,2.0659244060516357,0.009999999776482582,0.009999999776482582
2026-01-14,2026-01-15T02:00:00Z,26,T1,0.04607236385345459,0.0856972187757492,3.5788989067077637,0.009999999776482582,0.011666666716337204
2026-01-14,2026-01-15T03:00:00Z,27,T1,0.07387055456638336,0.03682546690106392,2.3467273712158203,0.009999999776482582,0.05000000074505806
2026-01-14,2026-01-15T04:00:00Z,28,T1,0.0036841921973973513,0.023307381197810173,1.8711072206497192,0.009999999776482582,0.1483333259820938
2026-01-14,2026-01-15T05:00:00Z,29,T1,0.01616831123828888,0.021074818447232246,1.5362226963043213,0.009999999776482582,0.1850000023841858
2026-01-14,2026-01-15T06:00:00Z,30,T1,0.0,0.04566902667284012,2.7194838523864746,0.009999999776482582,0.1616666615009308
2026-01-14,2026-01-15T07:00:00Z,31,T1,0.058927491307258606,0.021928343921899796,1.6642515659332275,0.009999999776482582,0.38333332538604736
2026-01-14,2026-01-15T08:00:00Z,32,T1,0.037560515105724335,0.0,1.081300973892212,0.009999999776482582,0.6083333492279053
2026-01-14,2026-01-15T09:00:00Z,33,T1,0.055509086698293686,0.02250012941658497,1.7500194311141968,0.009999999776482582,0.6333333253860474
2026-01-14,2026-01-15T10:00:00Z,34,T1,0.05070534348487854,0.0,1.2609434127807617,0.011666666716337204,0.9516666531562805
2026-01-14,2026-01-15T11:00:00Z,35,T1,0.08137188106775284,0.022382624447345734,1.7323936223983765,0.03333333507180214,0.9866666793823242
2026-01-14,2026-01-15T12:00:00Z,36,T1,0.0665072351694107,0.03765857592225075,2.3623483180999756,0.0533333346247673,0.9900000095367432
2026-01-14,2026-01-15T13:00:00Z,37,T1,0.06027354672551155,0.05296159163117409,2.841026544570923,0.10166666656732559,0.9900000095367432
2026-01-14,2026-01-15T14:00:00Z,38,T1,0.12773866951465607,0.0,0.5400254726409912,0.0833333358168602,0.9900000095367432
2026-01-14,2026-01-15T15:00:00Z,39,T1,0.0739905908703804,0.0397869348526001,2.5930399894714355,0.05000000074505806,0.9900000095367432
2026-01-14,2026-01-15T16:00:00Z,40,T1,0.1312142014503479,0.0,0.8618441224098206,0.2016666680574417,0.9900000095367432
2026-01-14,2026-01-15T17:00:00Z,41,T1,0.09084305167198181,0.0,1.3335117101669312,0.11999999731779099,0.8883333206176758
2026-01-14,2026-01-15T18:00:00Z,42,T1,0.06537266820669174,0.022643424570560455,1.771513819694519,0.019999999552965164,0.9700000286102295
2026-01-14,2026-01-15T19:00:00Z,43,T1,0.13491857051849365,0.06008067727088928,3.1554670333862305,0.014999999664723873,0.8566666841506958
2026-01-14,2026-01-15T20:00:00Z,44,T1,0.1955522894859314,0.17755769193172455,4.7691826820373535,0.1550000011920929,0.7733333110809326
2026-01-14,2026-01-15T21:00:00Z,45,T1,0.15292787551879883,0.037787649780511856,2.3647685050964355,0.11166666448116302,0.9016666412353516
2026-01-14,2026-01-15T22:00:00Z,46,T1,0.1006983146071434,0.03462713956832886,2.305508852005005,0.05666666850447655,0.8883333206176758
2026-01-14,2026-01-15T23:00:00Z,47,T1,0.05232134833931923,0.06611647456884384,3.3566601276397705,0.03999999910593033,0.7749999761581421
2026-01-14,2026-01-16T00:00:00Z,48,T1,0.10344234108924866,0.0776851549744606,3.4930551052093506,0.028333334252238274,0.47999998927116394
2026-01-14,2026-01-14T01:00:00Z,1,T2,0.09906615316867828,0.05626082420349121,3.271374464035034,0.15000000596046448,0.009999999776482582
2026-01-14,2026-01-14T02:00:00Z,2,T2,0.06618662178516388,0.021666666492819786,1.8507438898086548,0.009999999776482582,0.009999999776482582
2026-01-14,2026-01-14T03:00:00Z,3,T2,0.013535059988498688,0.0,1.0302685499191284,0.21833333373069763,0.05000000074505806
2026-01-14,2026-01-14T04:00:00Z,4,T2,0.025691257789731026,0.0,0.4488268792629242,0.3199999928474426,0.12666666507720947
2026-01-14,2026-01-14T05:00:00Z,5,T2,0.03002658486366272,0.0,0.7463979125022888,0.14666666090488434,0.1599999964237213
2026-01-14,2026-01-14T06:00:00Z,6,T2,0.010243900120258331,0.0,0.824560284614563,0.021666666492819786,0.14166666567325592
2026-01-14,2026-01-14T07:00:00Z,7,T2,0.014818069525063038,0.0,1.4981138706207275,0.04500000178813934,0.38333332538604736
2026-01-14,2026-01-14T08:00:00Z,8,T2,0.022424867376685143,0.03468357026576996,2.577535629272461,0.10166666656732559,0.6333333253860474
2026-01-14,2026-01-14T09:00:00Z,9,T2,0.097840815782547,0.10082005709409714,3.958038330078125,0.11999999731779099,0.70333331823349
2026-01-14,2026-01-14T10:00:00Z,10,T2,0.15452940762043,0.1099080815911293,4.361212730407715,0.1599999964237213,0.9566666483879089
2026-01-14,2026-01-14T11:00:00Z,11,T2,0.1594780534505844,0.10918775945901871,4.2531633377075195,0.1316666603088379,0.9866666793823242
2026-01-14,2026-01-14T12:00:00Z,12,T2,0.12758569419384003,0.11133147776126862,4.382681369781494,0.125,0.9900000095367432
2026-01-14,2026-01-14T13:00:00Z,13,T2,0.1524890810251236,0.21850387752056122,5.246023178100586,0.1733333319425583,0.9900000095367432
2026-01-14,2026-01-14T14:00:00Z,14,T2,0.19725807011127472,0.29454270005226135,6.081262111663818,0.14499999582767487,0.9900000095367432
2026-01-14,2026-01-14T15:00:00Z,15,T2,0.35682061314582825,0.2704325318336487,5.823049068450928,0.14499999582767487,0.9933333396911621
2026-01-14,2026-01-14T16:00:00Z,16,T2,0.38927969336509705,0.2766880393028259,5.875246524810791,0.31166666746139526,0.9950000047683716
2026-01-14,2026-01-14T17:00:00Z,17,T2,0.34509167075157166,0.2770106792449951,5.878969192504883,0.3166666626930237,0.9516666531562805
2026-01-14,2026-01-14T18:00:00Z,18,T2,0.23260608315467834,0.17411434650421143,4.819821834564209,0.19833333790302277,0.9283333420753479
2026-01-14,2026-01-14T19:00:00Z,19,T2,0.22692929208278656,0.15410271286964417,4.632213115692139,0.09833333641290665,0.7916666865348816
2026-01-14,2026-01-14T20:00:00Z,20,T2,0.1362275928258896,0.10974836349487305,4.337254047393799,0.03333333507180214,0.7333333492279053
2026-01-14,2026-01-14T21:00:00Z,21,T2,0.12971778213977814,0.05428575724363327,3.172621250152588,0.01666666753590107,0.8650000095367432
2026-01-14,2026-01-14T22:00:00Z,22,T2,0.11795173585414886,0.055119678378105164,3.2143173217773438,0.013333333656191826,0.8133333325386047
2026-01-14,2026-01-14T23:00:00Z,23,T2,0.06813734769821167,0.05036640912294388,2.8554961681365967,0.009999999776482582,0.6883333325386047
2026-01-14,2026-01-15T00:00:00Z,24,T2,0.04647352546453476,0.024130631238222122,2.12139630317688,0.009999999776482582,0.38999998569488525
2026-01-14,2026-01-15T01:00:00Z,25,T2,0.03631452098488808,0.023575909435749054,2.0659244060516357,0.009999999776482582,0.009999999776482582
2026-01-14,2026-01-15T02:00:00Z,26,T2,0.07122163474559784,0.07328591495752335,3.5788989067077637,0.009999999776482582,0.009999999776482582
2026-01-14,2026-01-15T03:00:00Z,27,T2,0.07700391113758087,0.03229667246341705,2.3467273712158203,0.009999999776482582,0.05000000074505806
2026-01-14,2026-01-15T04:00:00Z,28,T2,0.0,0.021666666492819786,1.8711072206497192,0.009999999776482582,0.12666666507720947
2026-01-14,2026-01-15T05:00:00Z,29,T2,0.009060774929821491,0.020482970401644707,1.5362226963043213,0.009999999776482582,0.1599999964237213
2026-01-14,2026-01-15T06:00:00Z,30,T2,0.0,0.041298918426036835,2.7194838523864746,0.009999999776482582,0.14166666567325592
2026-01-14,2026-01-15T07:00:00Z,31,T2,0.0516662523150444,0.021666666492819786,1.6642515659332275,0.009999999776482582,0.38333332538604736
2026-01-14,2026-01-15T08:00:00Z,32,T2,0.03986039385199547,0.0,1.081300973892212,0.008333333767950535,0.6333333253860474
2026-01-14,2026-01-15T09:00:00Z,33,T2,0.04639778658747673,0.021666666492819786,1.7500194311141968,0.009999999776482582,0.70333331823349
2026-01-14,2026-01-15T10:00:00Z,34,T2,0.028029952198266983,0.0,1.2609434127807617,0.013333333656191826,0.9566666483879089
2026-01-14,2026-01-15T11:00:00Z,35,T2,0.08967539668083191,0.021666666492819786,1.7323936223983765,0.03500000014901161,0.9866666793823242
2026-01-14,2026-01-15T12:00:00Z,36,T2,0.03536241501569748,0.03286943957209587,2.3623483180999756,0.061666667461395264,0.9900000095367432
2026-01-14,2026-01-15T13:00:00Z,37,T2,0.04366101697087288,0.049401767551898956,2.841026544570923,0.10999999940395355,0.9900000095367432
2026-01-14,2026-01-15T14:00:00Z,38,T2,0.12942175567150116,0.0,0.5400254726409912,0.08166666328907013,0.9900000095367432
2026-01-14,2026-01-15T15:00:00Z,39,T2,0.08095195144414902,0.03478693217039108,2.5930399894714355,0.05166666582226753,0.9933333396911621
2026-01-14,2026-01-15T16:00:00Z,40,T2,0.12517467141151428,0.0,0.8618441224098206,0.2383333295583725,0.9950000047683716
2026-01-14,2026-01-15T17:00:00Z,41,T2,0.0694180354475975,0.0,1.3335117101669312,0.1616666615009308,0.9516666531562805
2026-01-14,2026-01-15T18:00:00Z,42,T2,0.05223972722887993,0.021666666492819786,1.771513819694519,0.02666666731238365,0.9283333420753479
2026-01-14,2026-01-15T19:00:00Z,43,T2,0.12376760691404343,0.05394267290830612,3.1554670333862305,0.013333333656191826,0.7916666865348816
2026-01-14,2026-01-15T20:00:00Z,44,T2,0.21127057075500488,0.1687128245830536,4.7691826820373535,0.1666666716337204,0.7333333492279053
2026-01-14,2026-01-15T21:00:00Z,45,T2,0.10632351040840149,0.032958175987005234,2.3647685050964355,0.10999999940395355,0.8650000095367432
2026-01-14,2026-01-15T22:00:00Z,46,T2,0.0676199346780777,0.030785325914621353,2.305508852005005,0.061666667461395264,0.8133333325386047
2026-01-14,2026-01-15T23:00:00Z,47,T2,0.053319819271564484,0.05796653777360916,3.3566601276397705,0.0416666679084301,0.6883333325386047
2026-01-14,2026-01-16T00:00:00Z,48,T2,0.10683484375476837,0.06699071824550629,3.4930551052093506,0.023333333432674408,0.38999998569488525
2026-01-15,2026-01-15T01:00:00Z,1,STATION,0.0,0.022315677255392075,1.819703221321106,0.009999999776482582,0.16333332657814026
2026-01-15,2026-01-15T02:00:00Z,2,STATION,0.0008748014224693179,0.0,1.4073998928070068,0.009999999776482582,0.011666666716337204
2026-01-15,2026-01-15T03:00:00Z,3,STATION,0.0,0.0,0.8340879678726196,0.009999999776482582,0.21916666626930237
2026-01-15,2026-01-15T04:00:00Z,4,STATION,0.0,0.024001892656087875,2.1002838611602783,0.009999999776482582,0.29750001430511475
2026-01-15,2026-01-15T05:00:00Z,5,STATION,0.0005771146388724446,0.0,1.355464220046997,0.009999999776482582,0.14916667342185974
2026-01-15,2026-01-15T06:00:00Z,6,STATION,0.0,0.0,1.085157871246338,0.009999999776482582,0.01666666753590107
2026-01-15,2026-01-15T07:00:00Z,7,STATION,0.006804241798818111,0.022266758605837822,1.8050276041030884,0.009999999776482582,0.03916666656732559
2026-01-15,2026-01-15T08:00:00Z,8,STATION,0.10089609771966934,0.11010149121284485,4.051826477050781,0.009166666306555271,0.09666666388511658
2026-01-15,2026-01-15T09:00:00Z,9,STATION,0.22393399477005005,0.07980173081159592,3.582620859146118,0.009999999776482582,0.11749999970197678
2026-01-15,2026-01-15T10:00:00Z,10,STATION,0.22531603276729584,0.10863278061151505,4.0185723304748535,0.012500000186264515,0.16333332657814026
2026-01-15,2026-01-15T11:00:00Z,11,STATION,0.17283526062965393,0.21014843881130219,5.1711602210998535,0.034166667610406876,0.14083333313465118
2026-01-15,2026-01-15T12:00:00Z,12,STATION,0.23354917764663696,0.0,1.4531327486038208,0.057500001043081284,0.12083332985639572
2026-01-15,2026-01-15T13:00:00Z,13,STATION,0.08207496255636215,0.0,0.721299946308136,0.10583333671092987,0.17083333432674408
2026-01-15,2026-01-15T14:00:00Z,14,STATION,0.06771582365036011,0.023012695834040642,1.9519044160842896,0.08250000327825546,0.14249999821186066
2026-01-15,2026-01-15T15:00:00Z,15,STATION,0.12079519778490067,0.0205369982868433,1.512033224105835,0.050833333283662796,0.1391666680574417
2026-01-15,2026-01-15T16:00:00Z,16,STATION,0.08020617067813873,0.0,1.4828033447265625,0.2199999988079071,0.3166666626930237
2026-01-15,2026-01-15T17:00:00Z,17,STATION,0.08142862468957901,0.037104282528162,2.585428237915039,0.14083333313465118,0.3050000071525574
2026-01-15,2026-01-15T18:00:00Z,18,STATION,0.07833747565746307,0.04836379364132881,2.81671404838562,0.023333333432674408,0.1783333271741867
2026-01-15,2026-01-15T19:00:00Z,19,STATION,0.10640035569667816,0.10604541748762131,3.9599905014038086,0.014166667126119137,0.09083333611488342
2026-01-15,2026-01-15T20:00:00Z,20,STATION,0.10683584213256836,0.09126623719930649,3.729609727859497,0.16083332896232605,0.032499998807907104
2026-01-15,2026-01-15T21:00:00Z,21,STATION,0.07610030472278595,0.0577639676630497,3.1973986625671387,0.11083333194255829,0.019166667014360428
2026-01-15,2026-01-15T22:00:00Z,22,STATION,0.07885981351137161,0.10744590312242508,3.991699695587158,0.059166666120290756,0.014166667126119137
2026-01-15,2026-01-15T23:00:00Z,23,STATION,0.06880562007427216,0.051878418773412704,2.887705087661743,0.040833331644535065,0.009999999776482582
2026-01-15,2026-01-16T00:00:00Z,24,STATION,0.031011788174510002,0.05887008085846901,3.238878011703491,0.025833332911133766,0.009999999776482582
2026-01-15,2026-01-16T01:00:00Z,25,STATION,0.1452491730451584,0.18149399757385254,4.855093955993652,0.02500000037252903,0.16333332657814026
2026-01-15,2026-01-16T02:00:00Z,26,STATION,0.16103920340538025,0.19551490247249603,5.0284552574157715,0.03500000014901161,0.011666666716337204
2026-01-15,2026-01-16T03:00:00Z,27,STATION,0.1553841233253479,0.12847602367401123,4.458356857299805,0.014999999664723873,0.21916666626930237
2026-01-15,2026-01-16T04:00:00Z,28,STATION,0.11084607243537903,0.1448412835597992,4.559585094451904,0.050833333283662796,0.29750001430511475
2026-01-15,2026-01-16T05:00:00Z,29,STATION,0.14682899415493011,0.10549864917993546,3.947610855102539,0.024166665971279144,0.14916667342185974
2026-01-15,2026-01-16T06:00:00Z,30,STATION,0.10388371348381042,0.1147879883646965,4.343198299407959,0.028333334252238274,0.01666666753590107
2026-01-15,2026-01-16T07:00:00Z,31,STATION,0.1400359570980072,0.12218910455703735,4.419468879699707,0.03916666656732559,0.03916666656732559
2026-01-15,2026-01-16T08:00:00Z,32,STATION,0.17555764317512512,0.11421406269073486,4.25710916519165,0.07500000298023224,0.09666666388511658
2026-01-15,2026-01-16T09:00:00Z,33,STATION,0.18989358842372894,0.18061374127864838,4.84732723236084,0.125,0.11749999970197678
2026-01-15,2026-01-16T10:00:00Z,34,STATION,0.18628591299057007,0.2867637574672699,5.933142185211182,0.31333333253860474,0.16333332657814026
2026-01-15,2026-01-16T11:00:00Z,35,STATION,0.3264244794845581,0.28845006227493286,5.956137180328369,0.4675000011920929,0.14083333313465118
2026-01-15,2026-01-16T12:00:00Z,36,STATION,0.3081244230270386,0.19852884113788605,5.06776762008667,0.3449999988079071,0.12083332985639572
2026-01-15,2026-01-16T13:00:00Z,37,STATION,0.3116239011287689,0.2265833616256714,5.276063919067383,0.6291666626930237,0.17083333432674408
2026-01-15,2026-01-16T14:00:00Z,38,STATION,0.3355780243873596,0.29978516697883606,6.110706806182861,0.7124999761581421,0.14249999821186066
2026-01-15,2026-01-16T15:00:00Z,39,STATION,0.4473963677883148,0.29437020421028137,6.036866188049316,0.8224999904632568,0.1391666680574417
2026-01-15,2026-01-16T16:00:00Z,40,STATION,0.39610275626182556,0.30669543147087097,6.13996696472168,0.9191666841506958,0.3166666626930237
2026-01-15,2026-01-16T17:00:00Z,41,STATION,0.4902224838733673,0.5162472724914551,7.139003276824951,0.940833330154419,0.3050000071525574
2026-01-15,2026-01-16T18:00:00Z,42,STATION,0.6502028703689575,0.6826572418212891,8.023585319519043,0.8174999952316284,0.1783333271741867
2026-01-15,2026-01-16T19:00:00Z,43,STATION,0.593833863735199,0.7133333086967468,8.672733306884766,0.8916666507720947,0.09083333611488342
2026-01-15,2026-01-16T20:00:00Z,44,STATION,0.6115052700042725,0.7133333086967468,8.626505851745605,0.95333331823349,0.032499998807907104
2026-01-15,2026-01-16T21:00:00Z,45,STATION,0.6946465373039246,0.8071994781494141,9.20765495300293,0.9166666865348816,0.019166667014360428
2026-01-15,2026-01-16T22:00:00Z,46,STATION,0.6025171875953674,0.9054597616195679,10.780220031738281,0.8816666603088379,0.014166667126119137
2026-01-15,2026-01-16T23:00:00Z,47,STATION,0.7121830582618713,0.9054597616195679,10.618382453918457,0.7325000166893005,0.009999999776482582
2026-01-15,2026-01-17T00:00:00Z,48,STATION,0.7049458622932434,0.9475275874137878,11.898035049438477,0.875,0.009999999776482582
2026-01-15,2026-01-15T01:00:00Z,1,T1,0.0,0.022964688017964363,1.819703221321106,0.009999999776482582,0.17666666209697723
2026-01-15,2026-01-15T02:00:00Z,2,T1,0.0,0.0,1.4073998928070068,0.009999999776482582,0.013333333656191826
2026-01-15,2026-01-15T03:00:00Z,3,T1,0.0,0.0,0.8340879678726196,0.009999999776482582,0.2199999988079071
2026-01-15,2026-01-15T04:00:00Z,4,T1,0.0,0.02483522519469261,2.1002838611602783,0.009999999776482582,0.2750000059604645
2026-01-15,2026-01-15T05:00:00Z,5,T1,0.0,0.0,1.355464220046997,0.009999999776482582,0.15166667103767395
2026-01-15,2026-01-15T06:00:00Z,6,T1,0.0,0.0,1.085157871246338,0.009999999776482582,0.011666666716337204
2026-01-15,2026-01-15T07:00:00Z,7,T1,0.007451719604432583,0.022866850718855858,1.8050276041030884,0.009999999776482582,0.03333333507180214
2026-01-15,2026-01-15T08:00:00Z,8,T1,0.09680472314357758,0.11491855978965759,4.051826477050781,0.009999999776482582,0.09166666865348816
2026-01-15,2026-01-15T09:00:00Z,9,T1,0.2698952555656433,0.08604460954666138,3.582620859146118,0.009999999776482582,0.11500000208616257
2026-01-15,2026-01-15T10:00:00Z,10,T1,0.21660378575325012,0.11336670815944672,4.0185723304748535,0.011666666716337204,0.1666666716337204
2026-01-15,2026-01-15T11:00:00Z,11,T1,0.15357725322246552,0.21655230224132538,5.1711602210998535,0.03333333507180214,0.15000000596046448
2026-01-15,2026-01-15T12:00:00Z,12,T1,0.22153545916080475,0.0,1.4531327486038208,0.0533333346247673,0.11666666716337204
2026-01-15,2026-01-15T13:00:00Z,13,T1,0.0906037911772728,0.0,0.721299946308136,0.10166666656732559,0.16833333671092987
2026-01-15,2026-01-15T14:00:00Z,14,T1,0.05345071852207184,0.023846030235290527,1.9519044160842896,0.0833333358168602,0.14000000059604645
2026-01-15,2026-01-15T15:00:00Z,15,T1,0.10692733526229858,0.02091355435550213,1.512033224105835,0.05000000074505806,0.13333334028720856
2026-01-15,2026-01-15T16:00:00Z,16,T1,0.07222515344619751,0.0,1.4828033447265625,0.2016666680574417,0.3216666579246521
2026-01-15,2026-01-15T17:00:00Z,17,T1,0.0728936567902565,0.03947237506508827,2.585428237915039,0.11999999731779099,0.2933333218097687
2026-01-15,2026-01-15T18:00:00Z,18,T1,0.0713135376572609,0.05022474750876427,2.81671404838562,0.019999999552965164,0.15833333134651184
2026-01-15,2026-01-15T19:00:00Z,19,T1,0.08574783056974411,0.11063289642333984,3.9599905014038086,0.014999999664723873,0.0833333358168602
2026-01-15,2026-01-15T20:00:00Z,20,T1,0.11092164367437363,0.0969739779829979,3.729609727859497,0.1550000011920929,0.03166666626930237
2026-01-15,2026-01-15T21:00:00Z,21,T1,0.076272152364254,0.06074662506580353,3.1973986625671387,0.11166666448116302,0.021666666492819786
2026-01-15,2026-01-15T22:00:00Z,22,T1,0.06877078860998154,0.11211265623569489,3.991699695587158,0.05666666850447655,0.014999999664723873
2026-01-15,2026-01-15T23:00:00Z,23,T1,0.07747161388397217,0.05358743667602539,2.887705087661743,0.03999999910593033,0.009999999776482582
2026-01-15,2026-01-16T00:00:00Z,24,T1,0.029155220836400986,0.06212926656007767,3.238878011703491,0.028333334252238274,0.009999999776482582
2026-01-15,2026-01-16T01:00:00Z,25,T1,0.12515613436698914,0.18517765402793884,4.855093955993652,0.023333333432674408,0.17666666209697723
2026-01-15,2026-01-16T02:00:00Z,26,T1,0.16065238416194916,0.20079945027828217,5.0284552574157715,0.03166666626930237,0.013333333656191826
2026-01-15,2026-01-16T03:00:00Z,27,T1,0.1625261902809143,0.13278138637542725,4.458356857299805,0.011666666716337204,0.2199999988079071
2026-01-15,2026-01-16T04:00:00Z,28,T1,0.08897361159324646,0.1483030766248703,4.559585094451904,0.06833333522081375,0.2750000059604645
2026-01-15,2026-01-16T05:00:00Z,29,T1,0.16978751122951508,0.11005517840385437,3.947610855102539,0.03500000014901161,0.15166667103767395
2026-01-15,2026-01-16T06:00:00Z,30,T1,0.06619685143232346,0.11978799104690552,4.343198299407959,0.028333334252238274,0.011666666716337204
2026-01-15,2026-01-16T07:00:00Z,31,T1,0.13317883014678955,0.12681853771209717,4.419468879699707,0.04833333194255829,0.03333333507180214
2026-01-15,2026-01-16T08:00:00Z,32,T1,0.12554894387722015,0.11921406537294388,4.25710916519165,0.07000000029802322,0.09166666865348816
2026-01-15,2026-01-16T09:00:00Z,33,T1,0.13278496265411377,0.18427149951457977,4.84732723236084,0.125,0.11500000208616257
2026-01-15,2026-01-16T10:00:00Z,34,T1,0.16253481805324554,0.2960466146469116,5.933142185211182,0.3100000023841858,0.1666666716337204
2026-01-15,2026-01-16T11:00:00Z,35,T1,0.2932070791721344,0.29711973667144775,5.956137180328369,0.4283333420753479,0.15000000596046448
2026-01-15,2026-01-16T12:00:00Z,36,T1,0.3459888994693756,0.20420651137828827,5.06776762008667,0.3166666626930237,0.11666666716337204
2026-01-15,2026-01-16T13:00:00Z,37,T1,0.31697022914886475,0.2333368957042694,5.276063919067383,0.6349999904632568,0.16833333671092987
2026-01-15,2026-01-16T14:00:00Z,38,T1,0.2912762761116028,0.304332971572876,6.110706806182861,0.6866666674613953,0.14000000059604645
2026-01-15,2026-01-16T15:00:00Z,39,T1,0.4235950708389282,0.3008871078491211,6.036866188049316,0.8316666483879089,0.13333334028720856
2026-01-15,2026-01-16T16:00:00Z,40,T1,0.37052127718925476,0.31093692779541016,6.13996696472168,0.9283333420753479,0.3216666579246521
2026-01-15,2026-01-16T17:00:00Z,41,T1,0.43561649322509766,0.521453857421875,7.139003276824951,0.95333331823349,0.2933333218097687
2026-01-15,2026-01-16T18:00:00Z,42,T1,0.6140897274017334,0.6833333373069763,8.023585319519043,0.8133333325386047,0.15833333134651184
2026-01-15,2026-01-16T19:00:00Z,43,T1,0.5640131831169128,0.7141666412353516,8.672733306884766,0.9283333420753479,0.0833333358168602
2026-01-15,2026-01-16T20:00:00Z,44,T1,0.5981325507164001,0.7141666412353516,8.626505851745605,0.95333331823349,0.03166666626930237
2026-01-15,2026-01-16T21:00:00Z,45,T1,0.6445577144622803,0.8120549321174622,9.20765495300293,0.92166668176651,0.021666666492819786
2026-01-15,2026-01-16T22:00:00Z,46,T1,0.5951977372169495,0.9056230187416077,10.780220031738281,0.8733333349227905,0.014999999664723873
2026-01-15,2026-01-16T23:00:00Z,47,T1,0.7027211785316467,0.9056230187416077,10.618382453918457,0.7699999809265137,0.009999999776482582
2026-01-15,2026-01-17T00:00:00Z,48,T1,0.7420266270637512,0.956307053565979,11.898035049438477,0.8833333253860474,0.009999999776482582
2026-01-15,2026-01-15T01:00:00Z,1,T2,0.0,0.021666666492819786,1.819703221321106,0.009999999776482582,0.15000000596046448
2026-01-15,2026-01-15T02:00:00Z,2,T2,0.0017496028449386358,0.0,1.4073998928070068,0.009999999776482582,0.009999999776482582
2026-01-15,2026-01-15T03:00:00Z,3,T2,0.0,0.0,0.8340879678726196,0.009999999776482582,0.21833333373069763
2026-01-15,2026-01-15T04:00:00Z,4,T2,0.0,0.02316855825483799,2.1002838611602783,0.009999999776482582,0.3199999928474426
2026-01-15,2026-01-15T05:00:00Z,5,T2,0.0011542292777448893,0.0,1.355464220046997,0.009999999776482582,0.14666666090488434
2026-01-15,2026-01-15T06:00:00Z,6,T2,0.0,0.0,1.085157871246338,0.009999999776482582,0.021666666492819786
2026-01-15,2026-01-15T07:00:00Z,7,T2,0.00615676399320364,0.021666666492819786,1.8050276041030884,0.009999999776482582,0.04500000178813934
2026-01-15,2026-01-15T08:00:00Z,8,T2,0.10498747229576111,0.1052844300866127,4.051826477050781,0.008333333767950535,0.10166666656732559
2026-01-15,2026-01-15T09:00:00Z,9,T2,0.1779727339744568,0.07355885952711105,3.582620859146118,0.009999999776482582,0.11999999731779099
2026-01-15,2026-01-15T10:00:00Z,10,T2,0.23402827978134155,0.10389884561300278,4.0185723304748535,0.013333333656191826,0.1599999964237213
2026-01-15,2026-01-15T11:00:00Z,11,T2,0.19209326803684235,0.2037445604801178,5.1711602210998535,0.03500000014901161,0.1316666603088379
2026-01-15,2026-01-15T12:00:00Z,12,T2,0.24556288123130798,0.0,1.4531327486038208,0.061666667461395264,0.125
2026-01-15,2026-01-15T13:00:00Z,13,T2,0.07354613393545151,0.0,0.721299946308136,0.10999999940395355,0.1733333319425583
2026-01-15,2026-01-15T14:00:00Z,14,T2,0.08198093622922897,0.022179363295435905,1.9519044160842896,0.08166666328907013,0.14499999582767487
2026-01-15,2026-01-15T15:00:00Z,15,T2,0.13466306030750275,0.02016044221818447,1.512033224105835,0.05166666582226753,0.14499999582767487
2026-01-15,2026-01-15T16:00:00Z,16,T2,0.08818718045949936,0.0,1.4828033447265625,0.2383333295583725,0.31166666746139526
2026-01-15,2026-01-15T17:00:00Z,17,T2,0.08996360003948212,0.034736186265945435,2.585428237915039,0.1616666615009308,0.3166666626930237
2026-01-15,2026-01-15T18:00:00Z,18,T2,0.08536140620708466,0.046502839773893356,2.81671404838562,0.02666666731238365,0.19833333790302277
2026-01-15,2026-01-15T19:00:00Z,19,T2,0.12705287337303162,0.10145793855190277,3.9599905014038086,0.013333333656191826,0.09833333641290665
2026-01-15,2026-01-15T20:00:00Z,20,T2,0.10275004059076309,0.08555848896503448,3.729609727859497,0.1666666716337204,0.03333333507180214
2026-01-15,2026-01-15T21:00:00Z,21,T2,0.0759284496307373,0.05478130653500557,3.1973986625671387,0.10999999940395355,0.01666666753590107
2026-01-15,2026-01-15T22:00:00Z,22,T2,0.08894883096218109,0.10277915745973587,3.991699695587158,0.061666667461395264,0.013333333656191826
2026-01-15,2026-01-15T23:00:00Z,23,T2,0.060139622539281845,0.05016940087080002,2.887705087661743,0.0416666679084301,0.009999999776482582
2026-01-15,2026-01-16T00:00:00Z,24,T2,0.03286835551261902,0.05561089515686035,3.238878011703491,0.023333333432674408,0.009999999776482582
2026-01-15,2026-01-16T01:00:00Z,25,T2,0.16534221172332764,0.17781035602092743,4.855093955993652,0.02666666731238365,0.15000000596046448
2026-01-15,2026-01-16T02:00:00Z,26,T2,0.16142600774765015,0.1902303546667099,5.0284552574157715,0.038333334028720856,0.009999999776482582
2026-01-15,2026-01-16T03:00:00Z,27,T2,0.1482420414686203,0.12417066842317581,4.458356857299805,0.018333332613110542,0.21833333373069763
2026-01-15,2026-01-16T04:00:00Z,28,T2,0.1327185332775116,0.1413794904947281,4.559585094451904,0.03333333507180214,0.3199999928474426
2026-01-15,2026-01-16T05:00:00Z,29,T2,0.12387048453092575,0.10094211995601654,3.947610855102539,0.013333333656191826,0.14666666090488434
2026-01-15,2026-01-16T06:00:00Z,30,T2,0.1415705680847168,0.10978798568248749,4.343198299407959,0.028333334252238274,0.021666666492819786
2026-01-15,2026-01-16T07:00:00Z,31,T2,0.14689309895038605,0.11755967885255814,4.419468879699707,0.029999999329447746,0.04500000178813934
2026-01-15,2026-01-16T08:00:00Z,32,T2,0.2255663275718689,0.10921406000852585,4.25710916519165,0.07999999821186066,0.10166666656732559
2026-01-15,2026-01-16T09:00:00Z,33,T2,0.24700221419334412,0.17695599794387817,4.84732723236084,0.125,0.11999999731779099
2026-01-15,2026-01-16T10:00:00Z,34,T2,0.2100370079278946,0.2774808704853058,5.933142185211182,0.3166666626930237,0.1599999964237213
2026-01-15,2026-01-16T11:00:00Z,35,T2,0.3596418797969818,0.27978041768074036,5.956137180328369,0.5066666603088379,0.1316666603088379
2026-01-15,2026-01-16T12:00:00Z,36,T2,0.27025994658470154,0.19285115599632263,5.06776762008667,0.3733333349227905,0.125
2026-01-15,2026-01-16T13:00:00Z,37,T2,0.3062775731086731,0.21982981264591217,5.276063919067383,0.6233333349227905,0.1733333319425583
2026-01-15,2026-01-16T14:00:00Z,38,T2,0.37987977266311646,0.29523733258247375,6.110706806182861,0.7383333444595337,0.14499999582767487
2026-01-15,2026-01-16T15:00:00Z,39,T2,0.47119763493537903,0.28785330057144165,6.036866188049316,0.8133333325386047,0.14499999582767487
2026-01-15,2026-01-16T16:00:00Z,40,T2,0.421684205532074,0.3024539351463318,6.13996696472168,0.9100000262260437,0.31166666746139526
2026-01-15,2026-01-16T17:00:00Z,41,T2,0.544828474521637,0.5110406279563904,7.139003276824951,0.9283333420753479,0.3166666626930237
2026-01-15,2026-01-16T18:00:00Z,42,T2,0.6863160133361816,0.6819811463356018,8.023585319519043,0.8216666579246521,0.19833333790302277
2026-01-15,2026-01-16T19:00:00Z,43,T2,0.6236545443534851,0.7124999761581421,8.672733306884766,0.8550000190734863,0.09833333641290665
2026-01-15,2026-01-16T20:00:00Z,44,T2,0.6248779296875,0.7124999761581421,8.626505851745605,0.95333331823349,0.03333333507180214
2026-01-15,2026-01-16T21:00:00Z,45,T2,0.7447353601455688,0.802344024181366,9.20765495300293,0.9116666913032532,0.01666666753590107
2026-01-15,2026-01-16T22:00:00Z,46,T2,0.6098366975784302,0.9052965044975281,10.780220031738281,0.8899999856948853,0.013333333656191826
2026-01-15,2026-01-16T23:00:00Z,47,T2,0.7216449975967407,0.9052965044975281,10.618382453918457,0.6949999928474426,0.009999999776482582
2026-01-15,2026-01-17T00:00:00Z,48,T2,0.6678650379180908,0.9387480616569519,11.898035049438477,0.8666666746139526,0.009999999776482582
2026-01-16,2026-01-16T01:00:00Z,1,STATION,0.016440225765109062,0.07450181990861893,3.51902174949646,0.02500000037252903,0.009999999776482582
2026-01-16,2026-01-16T02:00:00Z,2,STATION,0.011922742240130901,0.10916463285684586,4.030614376068115,0.03500000014901161,0.009999999776482582
2026-01-16,2026-01-16T03:00:00Z,3,STATION,0.07391000539064407,0.10177160799503326,3.8681421279907227,0.014999999664723873,0.009999999776482582
2026-01-16,2026-01-16T04:00:00Z,4,STATION,0.09677904844284058,0.048780009150505066,2.824059009552002,0.050833333283662796,0.009999999776482582
2026-01-16,2026-01-16T05:00:00Z,5,STATION,0.06803248077630997,0.059221163392066956,3.2520437240600586,0.024166665971279144,0.009999999776482582
2026-01-16,2026-01-16T06:00:00Z,6,STATION,0.054061923176050186,0.053309116512537,2.9735469818115234,0.028333334252238274,0.009999999776482582
2026-01-16,2026-01-16T07:00:00Z,7,STATION,0.04547497630119324,0.053943101316690445,3.0115861892700195,0.03916666656732559,0.009999999776482582
2026-01-16,2026-01-16T08:00:00Z,8,STATION,0.04421857371926308,0.051925163716077805,2.890509843826294,0.07500000298023224,0.009166666306555271
2026-01-16,2026-01-16T09:00:00Z,9,STATION,0.13853266835212708,0.17114406824111938,4.763771057128906,0.125,0.009999999776482582
2026-01-16,2026-01-16T10:00:00Z,10,STATION,0.18800994753837585,0.12156269699335098,4.415594100952148,0.31333333253860474,0.012500000186264515
2026-01-16,2026-01-16T11:00:00Z,11,STATION,0.18897804617881775,0.17505528032779694,4.798281669616699,0.4675000011920929,0.034166667610406876
2026-01-16,2026-01-16T12:00:00Z,12,STATION,0.2776920199394226,0.277787446975708,5.838749885559082,0.3449999988079071,0.057500001043081284
2026-01-16,2026-01-16T13:00:00Z,13,STATION,0.4103947877883911,0.2981323003768921,6.088167667388916,0.6291666626930237,0.10583333671092987
2026-01-16,2026-01-16T14:00:00Z,14,STATION,0.4348545968532562,0.42387810349464417,6.600027561187744,0.7124999761581421,0.08250000327825546
2026-01-16,2026-01-16T15:00:00Z,15,STATION,0.5173318982124329,0.436541885137558,6.75966215133667,0.8224999904632568,0.050833333283662796
2026-01-16,2026-01-16T16:00:00Z,16,STATION,0.5557515621185303,0.5835016369819641,7.563762187957764,0.9191666841506958,0.2199999988079071
2026-01-16,2026-01-16T17:00:00Z,17,STATION,0.657335102558136,0.6455493569374084,7.774673938751221,0.940833330154419,0.14083333313465118
2026-01-16,2026-01-16T18:00:00Z,18,STATION,0.5745017528533936,0.7610291838645935,9.035772323608398,0.8174999952316284,0.023333333432674408
2026-01-16,2026-01-16T19:00:00Z,19,STATION,0.830131471157074,0.8798693418502808,9.796602249145508,0.8916666507720947,0.014166667126119137
2026-01-16,2026-01-16T20:00:00Z,20,STATION,0.7801299095153809,0.9054597616195679,10.335921287536621,0.95333331823349,0.16083332896232605
2026-01-16,2026-01-16T21:00:00Z,21,STATION,0.7910475134849548,0.9054597616195679,10.130999565124512,0.9166666865348816,0.11083333194255829
2026-01-16,2026-01-16T22:00:00Z,22,STATION,0.6721231341362,0.9054597616195679,11.080806732177734,0.8816666603088379,0.059166666120290756
2026-01-16,2026-01-16T23:00:00Z,23,STATION,0.7483412027359009,0.9132456183433533,11.171269416809082,0.7325000166893005,0.040833331644535065
2026-01-16,2026-01-17T00:00:00Z,24,STATION,0.7863098382949829,0.9054597616195679,10.802077293395996,0.875,0.025833332911133766
2026-01-16,2026-01-17T01:00:00Z,25,STATION,0.8199460506439209,0.9475275874137878,11.554308891296387,0.8658333420753479,0.009999999776482582
2026-01-16,2026-01-17T02:00:00Z,26,STATION,0.7744020819664001,0.9106169939041138,11.155648231506348,0.621666669845581,0.009999999776482582
2026-01-16,2026-01-17T03:00:00Z,27,STATION,0.7169384956359863,0.9054597616195679,10.650301933288574,0.5183333158493042,0.009999999776482582
2026-01-16,2026-01-17T04:00:00Z,28,STATION,0.6769519448280334,0.8742795586585999,9.58420181274414,0.41083332896232605,0.009999999776482582
2026-01-16,2026-01-17T05:00:00Z,29,STATION,0.4856295883655548,0.6841069459915161,8.357084274291992,0.33500000834465027,0.009999999776482582
2026-01-16,2026-01-17T06:00:00Z,30,STATION,0.29099535942077637,0.5844793915748596,7.5710954666137695,0.1875,0.009999999776482582
2026-01-16,2026-01-17T07:00:00Z,31,STATION,0.28861573338508606,0.4041843116283417,6.423665523529053,0.05999999865889549,0.009999999776482582
2026-01-16,2026-01-17T08:00:00Z,32,STATION,0.1785738170146942,0.17318326234817505,4.781764030456543,0.03999999910593033,0.009166666306555271
2026-01-16,2026-01-17T09:00:00Z,33,STATION,0.0719117820262909,0.10990375280380249,4.047348976135254,0.07750000059604645,0.009999999776482582
2026-01-16,2026-01-17T10:00:00Z,34,STATION,0.0944882184267044,0.06872707605361938,3.4497249126434326,0.07666666805744171,0.012500000186264515
2026-01-16,2026-01-17T11:00:00Z,35,STATION,0.1426105499267578,0.055356092751026154,3.096365451812744,0.04833333194255829,0.034166667610406876
2026-01-16,2026-01-17T12:00:00Z,36,STATION,0.17264395952224731,0.03551164269447327,2.426164388656616,0.01666666753590107,0.057500001043081284
2026-01-16,2026-01-17T13:00:00Z,37,STATION,0.20638246834278107,0.022199952974915504,1.784986138343811,0.009166666306555271,0.10583333671092987
2026-01-16,2026-01-17T14:00:00Z,38,STATION,0.14686885476112366,0.022064154967665672,1.7442466020584106,0.019166667014360428,0.08250000327825546
2026-01-16,2026-01-17T15:00:00Z,39,STATION,0.17924045026302338,0.0240098237991333,2.101473569869995,0.024166665971279144,0.050833333283662796
2026-01-16,2026-01-17T16:00:00Z,40,STATION,0.2745770514011383,0.02271973341703415,1.9079599380493164,0.009999999776482582,0.2199999988079071
2026-01-16,2026-01-17T17:00:00Z,41,STATION,0.2915812134742737,0.021228326484560966,1.5811659097671509,0.009999999776482582,0.14083333313465118
2026-01-16,2026-01-17T18:00:00Z,42,STATION,0.17124643921852112,0.0,1.122512698173523,0.009999999776482582,0.023333333432674408
2026-01-16,2026-01-17T19:00:00Z,43,STATION,0.1270640641450882,0.02165156975388527,1.623490333557129,0.009999999776482582,0.014166667126119137
2026-01-16,2026-01-17T20:00:00Z,44,STATION,0.16265548765659332,0.0,1.2770766019821167,0.009999999776482582,0.16083332896232605
2026-01-16,2026-01-17T21:00:00Z,45,STATION,0.14450596272945404,0.0,0.664097011089325,0.009999999776482582,0.11083333194255829
2026-01-16,2026-01-17T22:00:00Z,46,STATION,0.09794888645410538,0.0,0.6233262419700623,0.009999999776482582,0.059166666120290756
2026-01-16,2026-01-17T23:00:00Z,47,STATION,0.10711677372455597,0.0,0.5212046504020691,0.009999999776482582,0.040833331644535065
2026-01-16,2026-01-18T00:00:00Z,48,STATION,0.04431447759270668,0.0,1.1752654314041138,0.009999999776482582,0.025833332911133766
2026-01-16,2026-01-16T01:00:00Z,1,T1,0.022385450080037117,0.08010870963335037,3.51902174949646,0.023333333432674408,0.009999999776482582
2026-01-16,2026-01-16T02:00:00Z,2,T1,0.0,0.1139286682009697,4.030614376068115,0.03166666626930237,0.009999999776482582
2026-01-16,2026-01-16T03:00:00Z,3,T1,0.060693081468343735,0.10620947182178497,3.8681421279907227,0.011666666716337204,0.009999999776482582
2026-01-16,2026-01-16T04:00:00Z,4,T1,0.1125507652759552,0.05061648041009903,2.824059009552002,0.06833333522081375,0.009999999776482582
2026-01-16,2026-01-16T05:00:00Z,5,T1,0.06423599272966385,0.06256812065839767,3.2520437240600586,0.03500000014901161,0.009999999776482582
2026-01-16,2026-01-16T06:00:00Z,6,T1,0.035653870552778244,0.05530427396297455,2.9735469818115234,0.028333334252238274,0.009999999776482582
2026-01-16,2026-01-16T07:00:00Z,7,T1,0.0385778583586216,0.05606505647301674,3.0115861892700195,0.04833333194255829,0.009999999776482582
2026-01-16,2026-01-16T08:00:00Z,8,T1,0.03348492085933685,0.05364353209733963,2.890509843826294,0.07000000029802322,0.009999999776482582
2026-01-16,2026-01-16T09:00:00Z,9,T1,0.0948442816734314,0.17452330887317657,4.763771057128906,0.125,0.009999999776482582
2026-01-16,2026-01-16T10:00:00Z,10,T1,0.1520547866821289,0.12622441351413727,4.415594100952148,0.3100000023841858,0.011666666716337204
2026-01-16,2026-01-16T11:00:00Z,11,T1,0.1948007345199585,0.17854954302310944,4.798281669616699,0.4283333420753479,0.03333333507180214
2026-01-16,2026-01-16T12:00:00Z,12,T1,0.281341016292572,0.2877749502658844,5.838749885559082,0.3166666626930237,0.0533333346247673
2026-01-16,2026-01-16T13:00:00Z,13,T1,0.3766493499279022,0.30328115820884705,6.088167667388916,0.6349999904632568,0.10166666656732559
2026-01-16,2026-01-16T14:00:00Z,14,T1,0.37359818816185,0.4319200813770294,6.600027561187744,0.6866666674613953,0.0833333358168602
2026-01-16,2026-01-16T15:00:00Z,15,T1,0.47103843092918396,0.44487524032592773,6.75966215133667,0.8316666483879089,0.05000000074505806
2026-01-16,2026-01-16T16:00:00Z,16,T1,0.5261468887329102,0.5990108847618103,7.563762187957764,0.9283333420753479,0.2016666680574417
2026-01-16,2026-01-16T17:00:00Z,17,T1,0.6246284246444702,0.6545732617378235,7.774673938751221,0.95333331823349,0.11999999731779099
2026-01-16,2026-01-16T18:00:00Z,18,T1,0.6297381520271301,0.7640061378479004,9.035772323608398,0.8133333325386047,0.019999999552965164
2026-01-16,2026-01-16T19:00:00Z,19,T1,0.8305016160011292,0.8899999856948853,9.796602249145508,0.9283333420753479,0.014999999664723873
2026-01-16,2026-01-16T20:00:00Z,20,T1,0.789490818977356,0.9056230187416077,10.335921287536621,0.95333331823349,0.1550000011920929
2026-01-16,2026-01-16T21:00:00Z,21,T1,0.7827178835868835,0.9056230187416077,10.130999565124512,0.92166668176651,0.11166666448116302
2026-01-16,2026-01-16T22:00:00Z,22,T1,0.6728034615516663,0.9056230187416077,11.080806732177734,0.8733333349227905,0.05666666850447655
2026-01-16,2026-01-16T23:00:00Z,23,T1,0.7387570142745972,0.9150035977363586,11.171269416809082,0.7699999809265137,0.03999999910593033
2026-01-16,2026-01-17T00:00:00Z,24,T1,0.7685465812683105,0.9056230187416077,10.802077293395996,0.8833333253860474,0.028333334252238274
2026-01-16,2026-01-17T01:00:00Z,25,T1,0.8028776049613953,0.956307053565979,11.554308891296387,0.8233333230018616,0.009999999776482582
2026-01-16,2026-01-17T02:00:00Z,26,T1,0.7347123026847839,0.9118365049362183,11.155648231506348,0.621666669845581,0.009999999776482582
2026-01-16,2026-01-17T03:00:00Z,27,T1,0.7639052867889404,0.9056230187416077,10.650301933288574,0.5416666865348816,0.009999999776482582
2026-01-16,2026-01-17T04:00:00Z,28,T1,0.7402413487434387,0.8840162754058838,9.58420181274414,0.4333333373069763,0.009999999776482582
2026-01-16,2026-01-17T05:00:00Z,29,T1,0.5455800890922546,0.6848805546760559,8.357084274291992,0.3700000047683716,0.009999999776482582
2026-01-16,2026-01-17T06:00:00Z,30,T1,0.2786778211593628,0.6005263328552246,7.5710954666137695,0.20999999344348907,0.009999999776482582
2026-01-16,2026-01-17T07:00:00Z,31,T1,0.34102293848991394,0.41016873717308044,6.423665523529053,0.06666667014360428,0.009999999776482582
2026-01-16,2026-01-17T08:00:00Z,32,T1,0.1528937667608261,0.17662248015403748,4.781764030456543,0.054999999701976776,0.009999999776482582
2026-01-16,2026-01-17T09:00:00Z,33,T1,0.07533253729343414,0.11470962315797806,4.047348976135254,0.07999999821186066,0.009999999776482582
2026-01-16,2026-01-17T10:00:00Z,34,T1,0.12445873767137527,0.07364099472761154,3.4497249126434326,0.07666666805744171,0.011666666716337204
2026-01-16,2026-01-17T11:00:00Z,35,T1,0.13475856184959412,0.05776064470410347,3.096365451812744,0.046666666865348816,0.03333333507180214
2026-01-16,2026-01-17T12:00:00Z,36,T1,0.15178413689136505,0.03734885901212692,2.426164388656616,0.014999999664723873,0.0533333346247673
2026-01-16,2026-01-17T13:00:00Z,37,T1,0.24301420152187347,0.022733241319656372,1.784986138343811,0.009999999776482582,0.10166666656732559
2026-01-16,2026-01-17T14:00:00Z,38,T1,0.16751311719417572,0.02246164344251156,1.7442466020584106,0.018333332613110542,0.0833333358168602
2026-01-16,2026-01-17T15:00:00Z,39,T1,0.19761888682842255,0.024843158200383186,2.101473569869995,0.023333333432674408,0.05000000074505806
2026-01-16,2026-01-17T16:00:00Z,40,T1,0.2980613708496094,0.023553065955638885,1.9079599380493164,0.009999999776482582,0.2016666680574417
2026-01-16,2026-01-17T17:00:00Z,41,T1,0.2991689443588257,0.02137443982064724,1.5811659097671509,0.009999999776482582,0.11999999731779099
2026-01-16,2026-01-17T18:00:00Z,42,T1,0.18103547394275665,0.0,1.122512698173523,0.009999999776482582,0.019999999552965164
2026-01-16,2026-01-17T19:00:00Z,43,T1,0.12876306474208832,0.02165660262107849,1.623490333557129,0.009999999776482582,0.014999999664723873
2026-01-16,2026-01-17T20:00:00Z,44,T1,0.166715607047081,0.0,1.2770766019821167,0.009999999776482582,0.1550000011920929
2026-01-16,2026-01-17T21:00:00Z,45,T1,0.15034517645835876,0.0,0.664097011089325,0.009999999776482582,0.11166666448116302
2026-01-16,2026-01-17T22:00:00Z,46,T1,0.12861132621765137,0.0,0.6233262419700623,0.009999999776482582,0.05666666850447655
2026-01-16,2026-01-17T23:00:00Z,47,T1,0.12205304950475693,0.0,0.5212046504020691,0.009999999776482582,0.03999999910593033
2026-01-16,2026-01-18T00:00:00Z,48,T1,0.05853259563446045,0.0,1.1752654314041138,0.009999999776482582,0.028333334252238274
2026-01-16,2026-01-16T01:00:00Z,1,T2,0.010495001450181007,0.06889493763446808,3.51902174949646,0.02666666731238365,0.009999999776482582
2026-01-16,2026-01-16T02:00:00Z,2,T2,0.023845484480261803,0.10440059751272202,4.030614376068115,0.038333334028720856,0.009999999776482582
2026-01-16,2026-01-16T03:00:00Z,3,T2,0.08712692558765411,0.09733374416828156,3.8681421279907227,0.018333332613110542,0.009999999776482582
2026-01-16,2026-01-16T04:00:00Z,4,T2,0.08100733906030655,0.0469435378909111,2.824059009552002,0.03333333507180214,0.009999999776482582
2026-01-16,2026-01-16T05:00:00Z,5,T2,0.07182896137237549,0.05587420612573624,3.2520437240600586,0.013333333656191826,0.009999999776482582
2026-01-16,2026-01-16T06:00:00Z,6,T2,0.07246997207403183,0.05131395906209946,2.9735469818115234,0.028333334252238274,0.009999999776482582
2026-01-16,2026-01-16T07:00:00Z,7,T2,0.05237209424376488,0.05182114616036415,3.0115861892700195,0.029999999329447746,0.009999999776482582
2026-01-16,2026-01-16T08:00:00Z,8,T2,0.0549522265791893,0.05020679906010628,2.890509843826294,0.07999999821186066,0.008333333767950535
2026-01-16,2026-01-16T09:00:00Z,9,T2,0.18222106993198395,0.1677648276090622,4.763771057128906,0.125,0.009999999776482582
2026-01-16,2026-01-16T10:00:00Z,10,T2,0.2239650934934616,0.1169009804725647,4.415594100952148,0.3166666626930237,0.013333333656191826
2026-01-16,2026-01-16T11:00:00Z,11,T2,0.1831553429365158,0.17156100273132324,4.798281669616699,0.5066666603088379,0.03500000014901161
2026-01-16,2026-01-16T12:00:00Z,12,T2,0.2740430235862732,0.267799973487854,5.838749885559082,0.3733333349227905,0.061666667461395264
2026-01-16,2026-01-16T13:00:00Z,13,T2,0.44414022564888,0.29298344254493713,6.088167667388916,0.6233333349227905,0.10999999940395355
2026-01-16,2026-01-16T14:00:00Z,14,T2,0.49611103534698486,0.4158360958099365,6.600027561187744,0.7383333444595337,0.08166666328907013
2026-01-16,2026-01-16T15:00:00Z,15,T2,0.5636253952980042,0.4282085597515106,6.75966215133667,0.8133333325386047,0.05166666582226753
2026-01-16,2026-01-16T16:00:00Z,16,T2,0.5853562355041504,0.5679923892021179,7.563762187957764,0.9100000262260437,0.2383333295583725
2026-01-16,2026-01-16T17:00:00Z,17,T2,0.690041720867157,0.6365254521369934,7.774673938751221,0.9283333420753479,0.1616666615009308
2026-01-16,2026-01-16T18:00:00Z,18,T2,0.519265353679657,0.7580521702766418,9.035772323608398,0.8216666579246521,0.02666666731238365
2026-01-16,2026-01-16T19:00:00Z,19,T2,0.829761266708374,0.8697386980056763,9.796602249145508,0.8550000190734863,0.013333333656191826
2026-01-16,2026-01-16T20:00:00Z,20,T2,0.7707690000534058,0.9052965044975281,10.335921287536621,0.95333331823349,0.1666666716337204
2026-01-16,2026-01-16T21:00:00Z,21,T2,0.7993770837783813,0.9052965044975281,10.130999565124512,0.9116666913032532,0.10999999940395355
2026-01-16,2026-01-16T22:00:00Z,22,T2,0.6714427471160889,0.9052965044975281,11.080806732177734,0.8899999856948853,0.061666667461395264
2026-01-16,2026-01-16T23:00:00Z,23,T2,0.7579253315925598,0.9114876985549927,11.171269416809082,0.6949999928474426,0.0416666679084301
2026-01-16,2026-01-17T00:00:00Z,24,T2,0.8040730953216553,0.9052965044975281,10.802077293395996,0.8666666746139526,0.023333333432674408
2026-01-16,2026-01-17T01:00:00Z,25,T2,0.8370144367218018,0.9387480616569519,11.554308891296387,0.9083333611488342,0.009999999776482582
2026-01-16,2026-01-17T02:00:00Z,26,T2,0.8140918016433716,0.9093974232673645,11.155648231506348,0.621666669845581,0.009999999776482582
2026-01-16,2026-01-17T03:00:00Z,27,T2,0.669971764087677,0.9052965044975281,10.650301933288574,0.4950000047683716,0.009999999776482582
2026-01-16,2026-01-17T04:00:00Z,28,T2,0.6136625409126282,0.8645429015159607,9.58420181274414,0.3883333206176758,0.009999999776482582
2026-01-16,2026-01-17T05:00:00Z,29,T2,0.425679087638855,0.6833333373069763,8.357084274291992,0.30000001192092896,0.009999999776482582
2026-01-16,2026-01-17T06:00:00Z,30,T2,0.30331286787986755,0.5684323906898499,7.5710954666137695,0.16500000655651093,0.009999999776482582
2026-01-16,2026-01-17T07:00:00Z,31,T2,0.2362084984779358,0.3981998860836029,6.423665523529053,0.0533333346247673,0.009999999776482582
2026-01-16,2026-01-17T08:00:00Z,32,T2,0.20425386726856232,0.16974404454231262,4.781764030456543,0.02500000037252903,0.008333333767950535
2026-01-16,2026-01-17T09:00:00Z,33,T2,0.06849103420972824,0.10509787499904633,4.047348976135254,0.07500000298023224,0.009999999776482582
2026-01-16,2026-01-17T10:00:00Z,34,T2,0.06451770663261414,0.06381316483020782,3.4497249126434326,0.07666666805744171,0.013333333656191826
2026-01-16,2026-01-17T11:00:00Z,35,T2,0.1504625529050827,0.05295154079794884,3.096365451812744,0.05000000074505806,0.03500000014901161
2026-01-16,2026-01-17T12:00:00Z,36,T2,0.19350378215312958,0.03367443010210991,2.426164388656616,0.018333332613110542,0.061666667461395264
2026-01-16,2026-01-17T13:00:00Z,37,T2,0.16975073516368866,0.021666666492819786,1.784986138343811,0.008333333767950535,0.10999999940395355
2026-01-16,2026-01-17T14:00:00Z,38,T2,0.1262245923280716,0.021666666492819786,1.7442466020584106,0.019999999552965164,0.08166666328907013
2026-01-16,2026-01-17T15:00:00Z,39,T2,0.160861998796463,0.023176491260528564,2.101473569869995,0.02500000037252903,0.05166666582226753
2026-01-16,2026-01-17T16:00:00Z,40,T2,0.25109273195266724,0.021886399015784264,1.9079599380493164,0.009999999776482582,0.2383333295583725
2026-01-16,2026-01-17T17:00:00Z,41,T2,0.28399351239204407,0.021082211285829544,1.5811659097671509,0.009999999776482582,0.1616666615009308
2026-01-16,2026-01-17T18:00:00Z,42,T2,0.16145741939544678,0.0,1.122512698173523,0.009999999776482582,0.02666666731238365
2026-01-16,2026-01-17T19:00:00Z,43,T2,0.12536506354808807,0.021646536886692047,1.623490333557129,0.009999999776482582,0.013333333656191826
2026-01-16,2026-01-17T20:00:00Z,44,T2,0.15859536826610565,0.0,1.2770766019821167,0.009999999776482582,0.1666666716337204
2026-01-16,2026-01-17T21:00:00Z,45,T2,0.13866674900054932,0.0,0.664097011089325,0.009999999776482582,0.10999999940395355
2026-01-16,2026-01-17T22:00:00Z,46,T2,0.06728643923997879,0.0,0.6233262419700623,0.009999999776482582,0.061666667461395264
2026-01-16,2026-01-17T23:00:00Z,47,T2,0.09218049794435501,0.0,0.5212046504020691,0.009999999776482582,0.0416666679084301
2026-01-16,2026-01-18T00:00:00Z,48,T2,0.03009636327624321,0.0,1.1752654314041138,0.009999999776482582,0.023333333432674408
2026-01-17,2026-01-17T01:00:00Z,1,STATION,0.7879889607429504,0.9054597616195679,10.543511390686035,0.8658333420753479,0.02500000037252903
2026-01-17,2026-01-17T02:00:00Z,2,STATION,0.7596062421798706,0.9054597616195679,10.42881965637207,0.621666669845581,0.03500000014901161
2026-01-17,2026-01-17T03:00:00Z,3,STATION,0.7431528568267822,0.9054597616195679,10.20197868347168,0.5183333158493042,0.014999999664723873
2026-01-17,2026-01-17T04:00:00Z,4,STATION,0.6371414065361023,0.7830694317817688,9.110065460205078,0.41083332896232605,0.050833333283662796
2026-01-17,2026-01-17T05:00:00Z,5,STATION,0.4688512682914734,0.5515335202217102,7.336870193481445,0.33500000834465027,0.024166665971279144
2026-01-17,2026-01-17T06:00:00Z,6,STATION,0.50699383020401,0.28752821683883667,5.943566799163818,0.1875,0.028333334252238274
2026-01-17,2026-01-17T07:00:00Z,7,STATION,0.29839175939559937,0.1973748356103897,5.052715301513672,0.05999999865889549,0.03916666656732559
2026-01-17,2026-01-17T08:00:00Z,8,STATION,0.25676995515823364,0.12696047127246857,4.448982238769531,0.03999999910593033,0.07500000298023224
2026-01-17,2026-01-17T09:00:00Z,9,STATION,0.24065344035625458,0.09339597076177597,3.7576940059661865,0.07750000059604645,0.125
2026-01-17,2026-01-17T10:00:00Z,10,STATION,0.22431230545043945,0.05551997572183609,3.10619854927063,0.07666666805744171,0.31333333253860474
2026-01-17,2026-01-17T11:00:00Z,11,STATION,0.1706659197807312,0.053183916956186295,2.9660351276397705,0.04833333194255829,0.4675000011920929
2026-01-17,2026-01-17T12:00:00Z,12,STATION,0.24176226556301117,0.036148060113191605,2.4898061752319336,0.01666666753590107,0.3449999988079071
2026-01-17,2026-01-17T13:00:00Z,13,STATION,0.18211595714092255,0.024156661704182625,2.1234993934631348,0.009166666306555271,0.6291666626930237
2026-01-17,2026-01-17T14:00:00Z,14,STATION,0.14109240472316742,0.044412776827812195,2.746990203857422,0.019166667014360428,0.7124999761581421
2026-01-17,2026-01-17T15:00:00Z,15,STATION,0.15287619829177856,0.053279224783182144,2.9717535972595215,0.024166665971279144,0.8224999904632568
2026-01-17,2026-01-17T16:00:00Z,16,STATION,0.195517435669899,0.03637053072452545,2.5120530128479004,0.009999999776482582,0.9191666841506958
2026-01-17,2026-01-17T17:00:00Z,17,STATION,0.21686089038848877,0.02593347616493702,2.1657724380493164,0.009999999776482582,0.940833330154419
2026-01-17,2026-01-17T18:00:00Z,18,STATION,0.2219492644071579,0.0,1.420231580734253,0.009999999776482582,0.8174999952316284
2026-01-17,2026-01-17T19:00:00Z,19,STATION,0.10754919052124023,0.0,1.2773960828781128,0.009999999776482582,0.8916666507720947
2026-01-17,2026-01-17T20:00:00Z,20,STATION,0.10016273707151413,0.0,1.3595483303070068,0.009999999776482582,0.95333331823349
2026-01-17,2026-01-17T21:00:00Z,21,STATION,0.17493920028209686,0.0,0.4088760316371918,0.009999999776482582,0.9166666865348816
2026-01-17,2026-01-17T22:00:00Z,22,STATION,0.0815727487206459,0.0,0.3065856099128723,0.009999999776482582,0.8816666603088379
2026-01-17,2026-01-17T23:00:00Z,23,STATION,0.31013134121894836,0.0,0.3064825236797333,0.009999999776482582,0.7325000166893005
2026-01-17,2026-01-18T00:00:00Z,24,STATION,0.0528445839881897,0.0,1.0125644207000732,0.009999999776482582,0.875
2026-01-17,2026-01-18T01:00:00Z,25,STATION,0.02475801855325699,0.0,1.3793140649795532,0.009166666306555271,0.02500000037252903
2026-01-17,2026-01-18T02:00:00Z,26,STATION,0.075942762196064,0.0,1.0212916135787964,0.015833333134651184,0.03500000014901161
2026-01-17,2026-01-18T03:00:00Z,27,STATION,0.0,0.0,1.3880252838134766,0.009999999776482582,0.014999999664723873
2026-01-17,2026-01-18T04:00:00Z,28,STATION,0.0035933246836066246,0.02373274229466915,2.0599112510681152,0.032499998807907104,0.050833333283662796
2026-01-17,2026-01-18T05:00:00Z,29,STATION,0.0,0.04169640317559242,2.69905424118042,0.10166666656732559,0.024166665971279144
2026-01-17,2026-01-18T06:00:00Z,30,STATION,0.04325024411082268,0.18704216182231903,4.917941093444824,0.06083333492279053,0.028333334252238274
2026-01-17,2026-01-18T07:00:00Z,31,STATION,0.11530009657144547,0.27948063611984253,5.851774215698242,0.19750000536441803,0.03916666656732559
2026-01-17,2026-01-18T08:00:00Z,32,STATION,0.217679962515831,0.29920780658721924,6.1028337478637695,0.28999999165534973,0.07500000298023224
2026-01-17,2026-01-18T09:00:00Z,33,STATION,0.23951028287410736,0.29072195291519165,5.987117767333984,0.4375,0.125
2026-01-17,2026-01-18T10:00:00Z,34,STATION,0.3205287456512451,0.24972324073314667,5.616260051727295,0.3216666579246521,0.31333333253860474
2026-01-17,2026-01-18T11:00:00Z,35,STATION,0.34962382912635803,0.24310170114040375,5.407158851623535,0.21250000596046448,0.4675000011920929
2026-01-17,2026-01-18T12:00:00Z,36,STATION,0.3553835153579712,0.18730756640434265,4.921402931213379,0.14749999344348907,0.3449999988079071
2026-01-17,2026-01-18T13:00:00Z,37,STATION,0.2267780900001526,0.17315267026424408,4.781494140625,0.14249999821186066,0.6291666626930237
2026-01-17,2026-01-18T14:00:00Z,38,STATION,0.1790926456451416,0.18599049746990204,4.904223918914795,0.20666666328907013,0.7124999761581421
2026-01-17,2026-01-18T15:00:00Z,39,STATION,0.18552462756633759,0.19389499723911285,5.007326126098633,0.21666666865348816,0.8224999904632568
2026-01-17,2026-01-18T16:00:00Z,40,STATION,0.167643740773201,0.23070412874221802,5.302366733551025,0.3166666626930237,0.9191666841506958
2026-01-17,2026-01-18T17:00:00Z,41,STATION,0.1976468861103058,0.2926044762134552,6.01278829574585,0.25833332538604736,0.940833330154419
2026-01-17,2026-01-18T18:00:00Z,42,STATION,0.1468939334154129,0.31187933683395386,6.153202533721924,0.25,0.8174999952316284
2026-01-17,2026-01-18T19:00:00Z,43,STATION,0.22697050869464874,0.3526427745819092,6.257279396057129,0.2866666615009308,0.8916666507720947
2026-01-17,2026-01-18T20:00:00Z,44,STATION,0.2669868469238281,0.3714202046394348,6.305222034454346,0.503333330154419,0.95333331823349
2026-01-17,2026-01-18T21:00:00Z,45,STATION,0.2480655312538147,0.41494518518447876,6.520031452178955,0.4933333396911621,0.9166666865348816
2026-01-17,2026-01-18T22:00:00Z,46,STATION,0.23777726292610168,0.42035233974456787,6.568453788757324,0.47083333134651184,0.8816666603088379
2026-01-17,2026-01-18T23:00:00Z,47,STATION,0.21254847943782806,0.4243408441543579,6.6041717529296875,0.35083332657814026,0.7325000166893005
2026-01-17,2026-01-19T00:00:00Z,48,STATION,0.3606887757778168,0.5243188738822937,7.184264659881592,0.4358333349227905,0.875
2026-01-17,2026-01-17T01:00:00Z,1,T1,0.8333166241645813,0.9056230187416077,10.543511390686035,0.8233333230018616,0.023333333432674408
2026-01-17,2026-01-17T02:00:00Z,2,T1,0.8018254041671753,0.9056230187416077,10.42881965637207,0.621666669845581,0.03166666626930237
2026-01-17,2026-01-17T03:00:00Z,3,T1,0.7891106605529785,0.9056230187416077,10.20197868347168,0.5416666865348816,0.011666666716337204
2026-01-17,2026-01-17T04:00:00Z,4,T1,0.7085822820663452,0.7870369553565979,9.110065460205078,0.4333333373069763,0.06833333522081375
2026-01-17,2026-01-17T05:00:00Z,5,T1,0.5338824987411499,0.5537721514701843,7.336870193481445,0.3700000047683716,0.03500000014901161
2026-01-17,2026-01-17T06:00:00Z,6,T1,0.5575037598609924,0.29653310775756836,5.943566799163818,0.20999999344348907,0.028333334252238274
2026-01-17,2026-01-17T07:00:00Z,7,T1,0.3442623019218445,0.20290198922157288,5.052715301513672,0.06666667014360428,0.04833333194255829
2026-01-17,2026-01-17T08:00:00Z,8,T1,0.2925044894218445,0.13134396076202393,4.448982238769531,0.054999999701976776,0.07000000029802322
2026-01-17,2026-01-17T09:00:00Z,9,T1,0.30377963185310364,0.09884627163410187,3.7576940059661865,0.07999999821186066,0.125
2026-01-17,2026-01-17T10:00:00Z,10,T1,0.28430140018463135,0.057957302778959274,3.10619854927063,0.07666666805744171,0.3100000023841858
2026-01-17,2026-01-17T11:00:00Z,11,T1,0.2105230987071991,0.05515403673052788,2.9660351276397705,0.046666666865348816,0.4283333420753479
2026-01-17,2026-01-17T12:00:00Z,12,T1,0.33872538805007935,0.038197413086891174,2.4898061752319336,0.014999999664723873,0.3166666626930237
2026-01-17,2026-01-17T13:00:00Z,13,T1,0.26539191603660583,0.02498999610543251,2.1234993934631348,0.009999999776482582,0.6349999904632568
2026-01-17,2026-01-17T14:00:00Z,14,T1,0.156743124127388,0.04650614410638809,2.746990203857422,0.018333332613110542,0.6866666674613953
2026-01-17,2026-01-17T15:00:00Z,15,T1,0.18314650654792786,0.05526840314269066,2.9717535972595215,0.023333333432674408,0.8316666483879089
2026-01-17,2026-01-17T16:00:00Z,16,T1,0.18429242074489594,0.038494039326906204,2.5120530128479004,0.009999999776482582,0.9283333420753479
2026-01-17,2026-01-17T17:00:00Z,17,T1,0.24516816437244415,0.02690271846950054,2.1657724380493164,0.009999999776482582,0.95333331823349
2026-01-17,2026-01-17T18:00:00Z,18,T1,0.2726094126701355,0.0,1.420231580734253,0.009999999776482582,0.8133333325386047
2026-01-17,2026-01-17T19:00:00Z,19,T1,0.11748895049095154,0.0,1.2773960828781128,0.009999999776482582,0.9283333420753479
2026-01-17,2026-01-17T20:00:00Z,20,T1,0.09344789385795593,0.0,1.3595483303070068,0.009999999776482582,0.95333331823349
2026-01-17,2026-01-17T21:00:00Z,21,T1,0.24123847484588623,0.0,0.4088760316371918,0.009999999776482582,0.92166668176651
2026-01-17,2026-01-17T22:00:00Z,22,T1,0.08223392069339752,0.0,0.3065856099128723,0.009999999776482582,0.8733333349227905
2026-01-17,2026-01-17T23:00:00Z,23,T1,0.3754820227622986,0.0,0.3064825236797333,0.009999999776482582,0.7699999809265137
2026-01-17,2026-01-18T00:00:00Z,24,T1,0.05397261306643486,0.0,1.0125644207000732,0.009999999776482582,0.8833333253860474
2026-01-17,2026-01-18T01:00:00Z,25,T1,0.032198499888181686,0.0,1.3793140649795532,0.009999999776482582,0.023333333432674408
2026-01-17,2026-01-18T02:00:00Z,26,T1,0.08111341297626495,0.0,1.0212916135787964,0.013333333656191826,0.03166666626930237
2026-01-17,2026-01-18T03:00:00Z,27,T1,0.0,0.0,1.3880252838134766,0.009999999776482582,0.011666666716337204
2026-01-17,2026-01-18T04:00:00Z,28,T1,0.007186649367213249,0.024566074833273888,2.0599112510681152,0.03333333507180214,0.06833333522081375
2026-01-17,2026-01-18T05:00:00Z,29,T1,0.0,0.04394955560564995,2.69905424118042,0.11166666448116302,0.03500000014901161
2026-01-17,2026-01-18T06:00:00Z,30,T1,0.08650048822164536,0.19122156500816345,4.917941093444824,0.05666666850447655,0.028333334252238274
2026-01-17,2026-01-18T07:00:00Z,31,T1,0.11612164229154587,0.28977203369140625,5.851774215698242,0.20499999821186066,0.04833333194255829
2026-01-17,2026-01-18T08:00:00Z,32,T1,0.16803061962127686,0.30396556854248047,6.1028337478637695,0.273333340883255,0.07000000029802322
2026-01-17,2026-01-18T09:00:00Z,33,T1,0.21806830167770386,0.29856547713279724,5.987117767333984,0.4183333218097687,0.125
2026-01-17,2026-01-18T10:00:00Z,34,T1,0.3205215036869049,0.2547960579395294,5.616260051727295,0.29499998688697815,0.3100000023841858
2026-01-17,2026-01-18T11:00:00Z,35,T1,0.3340974450111389,0.24991704523563385,5.407158851623535,0.19833333790302277,0.4283333420753479
2026-01-17,2026-01-18T12:00:00Z,36,T1,0.3161727488040924,0.19152159988880157,4.921402931213379,0.14000000059604645,0.3166666626930237
2026-01-17,2026-01-18T13:00:00Z,37,T1,0.21037639677524567,0.17659097909927368,4.781494140625,0.14166666567325592,0.6349999904632568
2026-01-17,2026-01-18T14:00:00Z,38,T1,0.1572568416595459,0.1900327354669571,4.904223918914795,0.2150000035762787,0.6866666674613953
2026-01-17,2026-01-18T15:00:00Z,39,T1,0.13741548359394073,0.19896826148033142,5.007326126098633,0.23333333432674408,0.8316666483879089
2026-01-17,2026-01-18T16:00:00Z,40,T1,0.13726049661636353,0.23754535615444183,5.302366733551025,0.34833332896232605,0.9283333420753479
2026-01-17,2026-01-18T17:00:00Z,41,T1,0.1991213709115982,0.2997634708881378,6.01278829574585,0.273333340883255,0.95333331823349
2026-01-17,2026-01-18T18:00:00Z,42,T1,0.12168138474225998,0.3161870241165161,6.153202533721924,0.26499998569488525,0.8133333325386047
2026-01-17,2026-01-18T19:00:00Z,43,T1,0.17004843056201935,0.357470840215683,6.257279396057129,0.273333340883255,0.9283333420753479
2026-01-17,2026-01-18T20:00:00Z,44,T1,0.2370670884847641,0.37648800015449524,6.305222034454346,0.5433333516120911,0.95333331823349
2026-01-17,2026-01-18T21:00:00Z,45,T1,0.19595950841903687,0.42205387353897095,6.520031452178955,0.5249999761581421,0.92166668176651
2026-01-17,2026-01-18T22:00:00Z,46,T1,0.20191256701946259,0.4280259609222412,6.568453788757324,0.47833332419395447,0.8733333349227905
2026-01-17,2026-01-18T23:00:00Z,47,T1,0.19229017198085785,0.4324311912059784,6.6041717529296875,0.3683333396911621,0.7699999809265137
2026-01-17,2026-01-19T00:00:00Z,48,T1,0.2676829695701599,0.5288465619087219,7.184264659881592,0.4099999964237213,0.8833333253860474
2026-01-17,2026-01-17T01:00:00Z,1,T2,0.7426612973213196,0.9052965044975281,10.543511390686035,0.9083333611488342,0.02666666731238365
2026-01-17,2026-01-17T02:00:00Z,2,T2,0.7173870801925659,0.9052965044975281,10.42881965637207,0.621666669845581,0.038333334028720856
2026-01-17,2026-01-17T03:00:00Z,3,T2,0.6971949934959412,0.9052965044975281,10.20197868347168,0.4950000047683716,0.018333332613110542
2026-01-17,2026-01-17T04:00:00Z,4,T2,0.5657004714012146,0.7791019082069397,9.110065460205078,0.3883333206176758,0.03333333507180214
2026-01-17,2026-01-17T05:00:00Z,5,T2,0.4038200378417969,0.5492949485778809,7.336870193481445,0.30000001192092896,0.013333333656191826
2026-01-17,2026-01-17T06:00:00Z,6,T2,0.4564838707447052,0.278523325920105,5.943566799163818,0.16500000655651093,0.028333334252238274
2026-01-17,2026-01-17T07:00:00Z,7,T2,0.25252118706703186,0.19184768199920654,5.052715301513672,0.0533333346247673,0.029999999329447746
2026-01-17,2026-01-17T08:00:00Z,8,T2,0.2210354208946228,0.1225769892334938,4.448982238769531,0.02500000037252903,0.07999999821186066
2026-01-17,2026-01-17T09:00:00Z,9,T2,0.1775272637605667,0.08794566243886948,3.7576940059661865,0.07500000298023224,0.125
2026-01-17,2026-01-17T10:00:00Z,10,T2,0.16432319581508636,0.05308264493942261,3.10619854927063,0.07666666805744171,0.3166666626930237
2026-01-17,2026-01-17T11:00:00Z,11,T2,0.1308087259531021,0.05121380090713501,2.9660351276397705,0.05000000074505806,0.5066666603088379
2026-01-17,2026-01-17T12:00:00Z,12,T2,0.1447991281747818,0.034098707139492035,2.4898061752319336,0.018333332613110542,0.3733333349227905
2026-01-17,2026-01-17T13:00:00Z,13,T2,0.09883999079465866,0.02332332916557789,2.1234993934631348,0.008333333767950535,0.6233333349227905
2026-01-17,2026-01-17T14:00:00Z,14,T2,0.12544170022010803,0.0423194095492363,2.746990203857422,0.019999999552965164,0.7383333444595337
2026-01-17,2026-01-17T15:00:00Z,15,T2,0.12260589003562927,0.05129004642367363,2.9717535972595215,0.02500000037252903,0.8133333325386047
2026-01-17,2026-01-17T16:00:00Z,16,T2,0.20674246549606323,0.0342470183968544,2.5120530128479004,0.009999999776482582,0.9100000262260437
2026-01-17,2026-01-17T17:00:00Z,17,T2,0.18855363130569458,0.024964233860373497,2.1657724380493164,0.009999999776482582,0.9283333420753479
2026-01-17,2026-01-17T18:00:00Z,18,T2,0.1712891310453415,0.0,1.420231580734253,0.009999999776482582,0.8216666579246521
2026-01-17,2026-01-17T19:00:00Z,19,T2,0.09760943800210953,0.0,1.2773960828781128,0.009999999776482582,0.8550000190734863
2026-01-17,2026-01-17T20:00:00Z,20,T2,0.10687758028507233,0.0,1.3595483303070068,0.009999999776482582,0.95333331823349
2026-01-17,2026-01-17T21:00:00Z,21,T2,0.1086399033665657,0.0,0.4088760316371918,0.009999999776482582,0.9116666913032532
2026-01-17,2026-01-17T22:00:00Z,22,T2,0.08091158419847488,0.0,0.3065856099128723,0.009999999776482582,0.8899999856948853
2026-01-17,2026-01-17T23:00:00Z,23,T2,0.24478067457675934,0.0,0.3064825236797333,0.009999999776482582,0.6949999928474426
2026-01-17,2026-01-18T00:00:00Z,24,T2,0.05171655863523483,0.0,1.0125644207000732,0.009999999776482582,0.8666666746139526
2026-01-17,2026-01-18T01:00:00Z,25,T2,0.01731753535568714,0.0,1.3793140649795532,0.008333333767950535,0.02666666731238365
2026-01-17,2026-01-18T02:00:00Z,26,T2,0.07077211141586304,0.0,1.0212916135787964,0.018333332613110542,0.038333334028720856
2026-01-17,2026-01-18T03:00:00Z,27,T2,0.0,0.0,1.3880252838134766,0.009999999776482582,0.018333332613110542
2026-01-17,2026-01-18T04:00:00Z,28,T2,0.0,0.022899409756064415,2.0599112510681152,0.03166666626930237,0.03333333507180214
2026-01-17,2026-01-18T05:00:00Z,29,T2,0.0,0.0394432507455349,2.69905424118042,0.09166666865348816,0.013333333656191826
2026-01-17,2026-01-18T06:00:00Z,30,T2,0.0,0.18286274373531342,4.917941093444824,0.06499999761581421,0.028333334252238274
2026-01-17,2026-01-18T07:00:00Z,31,T2,0.11447855085134506,0.2691892385482788,5.851774215698242,0.1899999976158142,0.029999999329447746
2026-01-17,2026-01-18T08:00:00Z,32,T2,0.26732930541038513,0.294450044631958,6.1028337478637695,0.30666667222976685,0.07999999821186066
2026-01-17,2026-01-18T09:00:00Z,33,T2,0.26095226407051086,0.28287842869758606,5.987117767333984,0.4566666781902313,0.125
2026-01-17,2026-01-18T10:00:00Z,34,T2,0.3205359876155853,0.24465039372444153,5.616260051727295,0.34833332896232605,0.3166666626930237
2026-01-17,2026-01-18T11:00:00Z,35,T2,0.36515018343925476,0.23628635704517365,5.407158851623535,0.2266666740179062,0.5066666603088379
2026-01-17,2026-01-18T12:00:00Z,36,T2,0.39459431171417236,0.18309353291988373,4.921402931213379,0.1550000011920929,0.3733333349227905
2026-01-17,2026-01-18T13:00:00Z,37,T2,0.2431797832250595,0.16971434652805328,4.781494140625,0.1433333307504654,0.6233333349227905
2026-01-17,2026-01-18T14:00:00Z,38,T2,0.2009284645318985,0.18194825947284698,4.904223918914795,0.19833333790302277,0.7383333444595337
2026-01-17,2026-01-18T15:00:00Z,39,T2,0.23363377153873444,0.18882174789905548,5.007326126098633,0.20000000298023224,0.8133333325386047
2026-01-17,2026-01-18T16:00:00Z,40,T2,0.19802699983119965,0.2238629013299942,5.302366733551025,0.2849999964237213,0.9100000262260437
2026-01-17,2026-01-18T17:00:00Z,41,T2,0.19617240130901337,0.28544551134109497,6.01278829574585,0.2433333396911621,0.9283333420753479
2026-01-17,2026-01-18T18:00:00Z,42,T2,0.17210648953914642,0.3075716495513916,6.153202533721924,0.23499999940395355,0.8216666579246521
2026-01-17,2026-01-18T19:00:00Z,43,T2,0.28389260172843933,0.3478147089481354,6.257279396057129,0.30000001192092896,0.8550000190734863
2026-01-17,2026-01-18T20:00:00Z,44,T2,0.29690659046173096,0.3663524389266968,6.305222034454346,0.4633333384990692,0.95333331823349
2026-01-17,2026-01-18T21:00:00Z,45,T2,0.30017155408859253,0.4078364968299866,6.520031452178955,0.46166667342185974,0.9116666913032532
2026-01-17,2026-01-18T22:00:00Z,46,T2,0.2736419439315796,0.41267871856689453,6.568453788757324,0.4633333384990692,0.8899999856948853
2026-01-17,2026-01-18T23:00:00Z,47,T2,0.23280677199363708,0.4162504971027374,6.6041717529296875,0.3333333432674408,0.6949999928474426
2026-01-17,2026-01-19T00:00:00Z,48,T2,0.453694611787796,0.5197911858558655,7.184264659881592,0.46166667342185974,0.8666666746139526
2026-01-18,2026-01-18T01:00:00Z,1,STATION,0.019116409122943878,0.021938426420092583,1.7065277099609375,0.009166666306555271,0.8658333420753479
2026-01-18,2026-01-18T02:00:00Z,2,STATION,0.030185770243406296,0.0,1.3282397985458374,0.015833333134651184,0.621666669845581
2026-01-18,2026-01-18T03:00:00Z,3,STATION,0.0,0.0,1.1947673559188843,0.009999999776482582,0.5183333158493042
2026-01-18,2026-01-18T04:00:00Z,4,STATION,0.0,0.02230175957083702,1.8155279159545898,0.032499998807907104,0.41083332896232605
2026-01-18,2026-01-18T05:00:00Z,5,STATION,0.0,0.02331116609275341,1.9966750144958496,0.10166666656732559,0.33500000834465027
2026-01-18,2026-01-18T06:00:00Z,6,STATION,0.009713524952530861,0.05710647255182266,3.1727426052093506,0.06083333492279053,0.1875
2026-01-18,2026-01-18T07:00:00Z,7,STATION,0.06672591716051102,0.11474909633398056,4.337364673614502,0.19750000536441803,0.05999999865889549
2026-01-18,2026-01-18T08:00:00Z,8,STATION,0.09480278939008713,0.17449098825454712,4.7933030128479,0.28999999165534973,0.03999999910593033
2026-01-18,2026-01-18T09:00:00Z,9,STATION,0.14779914915561676,0.166028693318367,4.718635559082031,0.4375,0.07750000059604645
2026-01-18,2026-01-18T10:00:00Z,10,STATION,0.22309346497058868,0.1411513388156891,4.5367608070373535,0.3216666579246521,0.07666666805744171
2026-01-18,2026-01-18T11:00:00Z,11,STATION,0.18852302432060242,0.11495884507894516,4.368826866149902,0.21250000596046448,0.04833333194255829
2026-01-18,2026-01-18T12:00:00Z,12,STATION,0.2064928561449051,0.11349058151245117,4.148587226867676,0.14749999344348907,0.01666666753590107
2026-01-18,2026-01-18T13:00:00Z,13,STATION,0.2986258864402771,0.06185133382678032,3.350674867630005,0.14249999821186066,0.009166666306555271
2026-01-18,2026-01-18T14:00:00Z,14,STATION,0.11225473880767822,0.07817636430263519,3.5631163120269775,0.20666666328907013,0.019166667014360428
2026-01-18,2026-01-18T15:00:00Z,15,STATION,0.22266441583633423,0.11358801275491714,4.163201808929443,0.21666666865348816,0.024166665971279144
2026-01-18,2026-01-18T16:00:00Z,16,STATION,0.2369750440120697,0.18753905594348907,4.924422264099121,0.3166666626930237,0.009999999776482582
2026-01-18,2026-01-18T17:00:00Z,17,STATION,0.23052093386650085,0.2588815987110138,5.693320274353027,0.25833332538604736,0.009999999776482582
2026-01-18,2026-01-18T18:00:00Z,18,STATION,0.3038082718849182,0.3414670526981354,6.228745460510254,0.25,0.009999999776482582
2026-01-18,2026-01-18T19:00:00Z,19,STATION,0.31597092747688293,0.38459980487823486,6.338871955871582,0.2866666615009308,0.009999999776482582
2026-01-18,2026-01-18T20:00:00Z,20,STATION,0.3459230363368988,0.43976446986198425,6.803606033325195,0.503333330154419,0.009999999776482582
2026-01-18,2026-01-18T21:00:00Z,21,STATION,0.35774335265159607,0.45026496052742004,6.894145488739014,0.4933333396911621,0.009999999776482582
2026-01-18,2026-01-18T22:00:00Z,22,STATION,0.3584561347961426,0.4892754852771759,7.036001682281494,0.47083333134651184,0.009999999776482582
2026-01-18,2026-01-18T23:00:00Z,23,STATION,0.3883678913116455,0.4802660346031189,7.00324010848999,0.35083332657814026,0.009999999776482582
2026-01-18,2026-01-19T00:00:00Z,24,STATION,0.36967000365257263,0.4807110130786896,7.004858016967773,0.4358333349227905,0.009999999776482582
2026-01-18,2026-01-19T01:00:00Z,25,STATION,0.3993265926837921,0.5495721697807312,7.32587194442749,0.4258333444595337,0.8658333420753479
2026-01-18,2026-01-19T02:00:00Z,26,STATION,0.3420720398426056,0.5628073215484619,7.408555030822754,0.22833333909511566,0.621666669845581
2026-01-18,2026-01-19T03:00:00Z,27,STATION,0.3920353651046753,0.5147120952606201,7.13039493560791,0.1458333283662796,0.5183333158493042
2026-01-18,2026-01-19T04:00:00Z,28,STATION,0.3603689670562744,0.5706085562705994,7.467063903808594,0.27166667580604553,0.41083332896232605
2026-01-18,2026-01-19T05:00:00Z,29,STATION,0.39617741107940674,0.5479643940925598,7.316856384277344,0.33000001311302185,0.33500000834465027
2026-01-18,2026-01-19T06:00:00Z,30,STATION,0.2607274651527405,0.6837505102157593,8.250162124633789,0.27250000834465027,0.1875
2026-01-18,2026-01-19T07:00:00Z,31,STATION,0.3657086193561554,0.7133333086967468,8.719006538391113,0.32083332538604736,0.05999999865889549
2026-01-18,2026-01-19T08:00:00Z,32,STATION,0.46891990303993225,0.7133333086967468,8.74409294128418,0.36000001430511475,0.03999999910593033
2026-01-18,2026-01-19T09:00:00Z,33,STATION,0.5376684665679932,0.6846978664398193,8.379552841186523,0.32249999046325684,0.07750000059604645
2026-01-18,2026-01-19T10:00:00Z,34,STATION,0.47735467553138733,0.6012194752693176,7.651535511016846,0.2874999940395355,0.07666666805744171
2026-01-18,2026-01-19T11:00:00Z,35,STATION,0.434336394071579,0.6825501918792725,8.007529258728027,0.2549999952316284,0.04833333194255829
2026-01-18,2026-01-19T12:00:00Z,36,STATION,0.5847873091697693,0.5096591114997864,7.110124111175537,0.20999999344348907,0.01666666753590107
2026-01-18,2026-01-19T13:00:00Z,37,STATION,0.39376014471054077,0.27426233887672424,5.811633110046387,0.4283333420753479,0.009166666306555271
2026-01-18,2026-01-19T14:00:00Z,38,STATION,0.25803738832473755,0.22617995738983154,5.273488998413086,0.3050000071525574,0.019166667014360428
2026-01-18,2026-01-19T15:00:00Z,39,STATION,0.1842063069343567,0.20056840777397156,5.0943708419799805,0.3941666781902313,0.024166665971279144
2026-01-18,2026-01-19T16:00:00Z,40,STATION,0.22477106750011444,0.12218446284532547,4.419439792633057,0.11500000208616257,0.009999999776482582
2026-01-18,2026-01-19T17:00:00Z,41,STATION,0.18280738592147827,0.09617448598146439,3.7943339347839355,0.03500000014901161,0.009999999776482582
2026-01-18,2026-01-19T18:00:00Z,42,STATION,0.09342702478170395,0.09490860253572464,3.7776408195495605,0.04916666820645332,0.009999999776482582
2026-01-18,2026-01-19T19:00:00Z,43,STATION,0.056311365216970444,0.10694599151611328,3.9803807735443115,0.009999999776482582,0.009999999776482582
2026-01-18,2026-01-19T20:00:00Z,44,STATION,0.07243901491165161,0.11358053982257843,4.162080764770508,0.009999999776482582,0.009999999776482582
2026-01-18,2026-01-19T21:00:00Z,45,STATION,0.07764633744955063,0.11184389144182205,4.0912766456604,0.009999999776482582,0.009999999776482582
2026-01-18,2026-01-19T22:00:00Z,46,STATION,0.0923604667186737,0.11092888563871384,4.070559501647949,0.009166666306555271,0.009999999776482582
2026-01-18,2026-01-19T23:00:00Z,47,STATION,0.0640210285782814,0.07846259325742722,3.5665512084960938,0.009999999776482582,0.009999999776482582
2026-01-18,2026-01-20T00:00:00Z,48,STATION,0.041030269116163254,0.0794382244348526,3.578258752822876,0.04500000178813934,0.009999999776482582
2026-01-18,2026-01-18T01:00:00Z,1,T1,0.02499033510684967,0.02221018448472023,1.7065277099609375,0.009999999776482582,0.8233333230018616
2026-01-18,2026-01-18T02:00:00Z,2,T1,0.03175476938486099,0.0,1.3282397985458374,0.013333333656191826,0.621666669845581
2026-01-18,2026-01-18T03:00:00Z,3,T1,0.0,0.0,1.1947673559188843,0.009999999776482582,0.5416666865348816
2026-01-18,2026-01-18T04:00:00Z,4,T1,0.0,0.022936852648854256,1.8155279159545898,0.03333333507180214,0.4333333373069763
2026-01-18,2026-01-18T05:00:00Z,5,T1,0.0,0.024144500494003296,1.9966750144958496,0.11166666448116302,0.3700000047683716
2026-01-18,2026-01-18T06:00:00Z,6,T1,0.019427049905061722,0.05992475524544716,3.1727426052093506,0.05666666850447655,0.20999999344348907
2026-01-18,2026-01-18T07:00:00Z,7,T1,0.079075887799263,0.11974909901618958,4.337364673614502,0.20499999821186066,0.06666667014360428
2026-01-18,2026-01-18T08:00:00Z,8,T1,0.11311712116003036,0.17796866595745087,4.7933030128479,0.273333340883255,0.054999999701976776
2026-01-18,2026-01-18T09:00:00Z,9,T1,0.1518523097038269,0.16925747692584991,4.718635559082031,0.4183333218097687,0.07999999821186066
2026-01-18,2026-01-18T10:00:00Z,10,T1,0.2356167733669281,0.14480333030223846,4.5367608070373535,0.29499998688697815,0.07666666805744171
2026-01-18,2026-01-18T11:00:00Z,11,T1,0.17892995476722717,0.11995884776115417,4.368826866149902,0.19833333790302277,0.046666666865348816
2026-01-18,2026-01-18T12:00:00Z,12,T1,0.23480121791362762,0.11849058419466019,4.148587226867676,0.14000000059604645,0.014999999664723873
2026-01-18,2026-01-18T13:00:00Z,13,T1,0.341126412153244,0.06585583090782166,3.350674867630005,0.14166666567325592,0.009999999776482582
2026-01-18,2026-01-18T14:00:00Z,14,T1,0.10690025240182877,0.08422419428825378,3.5631163120269775,0.2150000035762787,0.018333332613110542
2026-01-18,2026-01-18T15:00:00Z,15,T1,0.2062973827123642,0.11858801543712616,4.163201808929443,0.23333333432674408,0.023333333432674408
2026-01-18,2026-01-18T16:00:00Z,16,T1,0.22425375878810883,0.19178327918052673,4.924422264099121,0.34833332896232605,0.009999999776482582
2026-01-18,2026-01-18T17:00:00Z,17,T1,0.22375455498695374,0.2654757499694824,5.693320274353027,0.273333340883255,0.009999999776482582
2026-01-18,2026-01-18T18:00:00Z,18,T1,0.2823674976825714,0.3461524248123169,6.228745460510254,0.26499998569488525,0.009999999776482582
2026-01-18,2026-01-18T19:00:00Z,19,T1,0.2740301787853241,0.38983583450317383,6.338871955871582,0.273333340883255,0.009999999776482582
2026-01-18,2026-01-18T20:00:00Z,20,T1,0.31418293714523315,0.4480977952480316,6.803606033325195,0.5433333516120911,0.009999999776482582
2026-01-18,2026-01-18T21:00:00Z,21,T1,0.30905261635780334,0.45837491750717163,6.894145488739014,0.5249999761581421,0.009999999776482582
2026-01-18,2026-01-18T22:00:00Z,22,T1,0.2948363721370697,0.495730459690094,7.036001682281494,0.47833332419395447,0.009999999776482582
2026-01-18,2026-01-18T23:00:00Z,23,T1,0.34042391180992126,0.48710325360298157,7.00324010848999,0.3683333396911621,0.009999999776482582
2026-01-18,2026-01-19T00:00:00Z,24,T1,0.32114484906196594,0.48752933740615845,7.004858016967773,0.4099999964237213,0.009999999776482582
2026-01-18,2026-01-19T01:00:00Z,25,T1,0.343553751707077,0.5519757866859436,7.32587194442749,0.4283333420753479,0.8233333230018616
2026-01-18,2026-01-19T02:00:00Z,26,T1,0.2666860520839691,0.5669347047805786,7.408555030822754,0.22499999403953552,0.621666669845581
2026-01-18,2026-01-19T03:00:00Z,27,T1,0.34625041484832764,0.5200478434562683,7.13039493560791,0.1616666615009308,0.5416666865348816
2026-01-18,2026-01-19T04:00:00Z,28,T1,0.34883037209510803,0.5790265798568726,7.467063903808594,0.28333333134651184,0.4333333373069763
2026-01-18,2026-01-19T05:00:00Z,29,T1,0.3806647062301636,0.5505031943321228,7.316856384277344,0.36000001430511475,0.3700000047683716
2026-01-18,2026-01-19T06:00:00Z,30,T1,0.17252479493618011,0.684167742729187,8.250162124633789,0.3016666769981384,0.20999999344348907
2026-01-18,2026-01-19T07:00:00Z,31,T1,0.31913959980010986,0.7141666412353516,8.719006538391113,0.30666667222976685,0.06666667014360428
2026-01-18,2026-01-19T08:00:00Z,32,T1,0.4964751601219177,0.7141666412353516,8.74409294128418,0.398333340883255,0.054999999701976776
2026-01-18,2026-01-19T09:00:00Z,33,T1,0.5679950714111328,0.6855311989784241,8.379552841186523,0.3466666638851166,0.07999999821186066
2026-01-18,2026-01-19T10:00:00Z,34,T1,0.4975035488605499,0.6192735433578491,7.651535511016846,0.2549999952316284,0.07666666805744171
2026-01-18,2026-01-19T11:00:00Z,35,T1,0.4435389041900635,0.6833333373069763,8.007529258728027,0.31333333253860474,0.046666666865348816
2026-01-18,2026-01-19T12:00:00Z,36,T1,0.6078718304634094,0.5152493119239807,7.110124111175537,0.2133333384990692,0.014999999664723873
2026-01-18,2026-01-19T13:00:00Z,37,T1,0.4090281128883362,0.2836171090602875,5.811633110046387,0.3816666603088379,0.009999999776482582
2026-01-18,2026-01-19T14:00:00Z,38,T1,0.25740328431129456,0.2329249233007431,5.273488998413086,0.3016666769981384,0.018333332613110542
2026-01-18,2026-01-19T15:00:00Z,39,T1,0.16502636671066284,0.20651212334632874,5.0943708419799805,0.4483333230018616,0.023333333432674408
2026-01-18,2026-01-19T16:00:00Z,40,T1,0.27197569608688354,0.1268141269683838,4.419439792633057,0.1366666704416275,0.009999999776482582
2026-01-18,2026-01-19T17:00:00Z,41,T1,0.20078450441360474,0.10128892213106155,3.7943339347839355,0.038333334028720856,0.009999999776482582
2026-01-18,2026-01-19T18:00:00Z,42,T1,0.08458903431892395,0.10017605870962143,3.7776408195495605,0.05000000074505806,0.009999999776482582
2026-01-18,2026-01-19T19:00:00Z,43,T1,0.08675343543291092,0.11158443987369537,3.9803807735443115,0.009999999776482582,0.009999999776482582
2026-01-18,2026-01-19T20:00:00Z,44,T1,0.10579521209001541,0.11858054250478745,4.162080764770508,0.009999999776482582,0.009999999776482582
2026-01-18,2026-01-19T21:00:00Z,45,T1,0.10783123970031738,0.11675958335399628,4.0912766456604,0.009999999776482582,0.009999999776482582
2026-01-18,2026-01-19T22:00:00Z,46,T1,0.09597007185220718,0.11579278111457825,4.070559501647949,0.009999999776482582,0.009999999776482582
2026-01-18,2026-01-19T23:00:00Z,47,T1,0.09518534690141678,0.08454477041959763,3.5665512084960938,0.009999999776482582,0.009999999776482582
2026-01-18,2026-01-20T00:00:00Z,48,T1,0.03935394808650017,0.08563748002052307,3.578258752822876,0.054999999701976776,0.009999999776482582
2026-01-18,2026-01-18T01:00:00Z,1,T2,0.01324248407036066,0.021666666492819786,1.7065277099609375,0.008333333767950535,0.9083333611488342
2026-01-18,2026-01-18T02:00:00Z,2,T2,0.02861676923930645,0.0,1.3282397985458374,0.018333332613110542,0.621666669845581
2026-01-18,2026-01-18T03:00:00Z,3,T2,0.0,0.0,1.1947673559188843,0.009999999776482582,0.4950000047683716
2026-01-18,2026-01-18T04:00:00Z,4,T2,0.0,0.021666666492819786,1.8155279159545898,0.03166666626930237,0.3883333206176758
2026-01-18,2026-01-18T05:00:00Z,5,T2,0.0,0.022477833554148674,1.9966750144958496,0.09166666865348816,0.30000001192092896
2026-01-18,2026-01-18T06:00:00Z,6,T2,0.0,0.05428818613290787,3.1727426052093506,0.06499999761581421,0.16500000655651093
2026-01-18,2026-01-18T07:00:00Z,7,T2,0.054375942796468735,0.10974910110235214,4.337364673614502,0.1899999976158142,0.0533333346247673
2026-01-18,2026-01-18T08:00:00Z,8,T2,0.0764884501695633,0.17101331055164337,4.7933030128479,0.30666667222976685,0.02500000037252903
2026-01-18,2026-01-18T09:00:00Z,9,T2,0.14374598860740662,0.1627999097108841,4.718635559082031,0.4566666781902313,0.07500000298023224
2026-01-18,2026-01-18T10:00:00Z,10,T2,0.21057014167308807,0.1374993473291397,4.5367608070373535,0.34833332896232605,0.07666666805744171
2026-01-18,2026-01-18T11:00:00Z,11,T2,0.19811607897281647,0.10995884239673615,4.368826866149902,0.2266666740179062,0.05000000074505806
2026-01-18,2026-01-18T12:00:00Z,12,T2,0.17818449437618256,0.10849057883024216,4.148587226867676,0.1550000011920929,0.018333332613110542
2026-01-18,2026-01-18T13:00:00Z,13,T2,0.2561253607273102,0.057846833020448685,3.350674867630005,0.1433333307504654,0.008333333767950535
2026-01-18,2026-01-18T14:00:00Z,14,T2,0.11760922521352768,0.0721285343170166,3.5631163120269775,0.19833333790302277,0.019999999552965164
2026-01-18,2026-01-18T15:00:00Z,15,T2,0.23903144896030426,0.10858801007270813,4.163201808929443,0.20000000298023224,0.02500000037252903
2026-01-18,2026-01-18T16:00:00Z,16,T2,0.24969632923603058,0.18329483270645142,4.924422264099121,0.2849999964237213,0.009999999776482582
2026-01-18,2026-01-18T17:00:00Z,17,T2,0.23728731274604797,0.25228747725486755,5.693320274353027,0.2433333396911621,0.009999999776482582
2026-01-18,2026-01-18T18:00:00Z,18,T2,0.325249046087265,0.33678165078163147,6.228745460510254,0.23499999940395355,0.009999999776482582
2026-01-18,2026-01-18T19:00:00Z,19,T2,0.35791170597076416,0.3793637752532959,6.338871955871582,0.30000001192092896,0.009999999776482582
2026-01-18,2026-01-18T20:00:00Z,20,T2,0.37766316533088684,0.4314311146736145,6.803606033325195,0.4633333384990692,0.009999999776482582
2026-01-18,2026-01-18T21:00:00Z,21,T2,0.4064340591430664,0.44215497374534607,6.894145488739014,0.46166667342185974,0.009999999776482582
2026-01-18,2026-01-18T22:00:00Z,22,T2,0.42207589745521545,0.4828204810619354,7.036001682281494,0.4633333384990692,0.009999999776482582
2026-01-18,2026-01-18T23:00:00Z,23,T2,0.43631187081336975,0.4734288454055786,7.00324010848999,0.3333333432674408,0.009999999776482582
2026-01-18,2026-01-19T00:00:00Z,24,T2,0.4181951582431793,0.4738926887512207,7.004858016967773,0.46166667342185974,0.009999999776482582
2026-01-18,2026-01-19T01:00:00Z,25,T2,0.4550994038581848,0.5471686124801636,7.32587194442749,0.4233333468437195,0.9083333611488342
2026-01-18,2026-01-19T02:00:00Z,26,T2,0.41745802760124207,0.55867999792099,7.408555030822754,0.2316666692495346,0.621666669845581
2026-01-18,2026-01-19T03:00:00Z,27,T2,0.43782028555870056,0.5093763470649719,7.13039493560791,0.12999999523162842,0.4950000047683716
2026-01-18,2026-01-19T04:00:00Z,28,T2,0.3719075620174408,0.5621905326843262,7.467063903808594,0.25999999046325684,0.3883333206176758
2026-01-18,2026-01-19T05:00:00Z,29,T2,0.4116901159286499,0.545425534248352,7.316856384277344,0.30000001192092896,0.30000001192092896
2026-01-18,2026-01-19T06:00:00Z,30,T2,0.34893015027046204,0.6833333373069763,8.250162124633789,0.2433333396911621,0.16500000655651093
2026-01-18,2026-01-19T07:00:00Z,31,T2,0.4122776389122009,0.7124999761581421,8.719006538391113,0.33500000834465027,0.0533333346247673
2026-01-18,2026-01-19T08:00:00Z,32,T2,0.4413646161556244,0.7124999761581421,8.74409294128418,0.3216666579246521,0.02500000037252903
2026-01-18,2026-01-19T09:00:00Z,33,T2,0.5073419213294983,0.6838645339012146,8.379552841186523,0.2983333468437195,0.07500000298023224
2026-01-18,2026-01-19T10:00:00Z,34,T2,0.45720580220222473,0.5831654071807861,7.651535511016846,0.3199999928474426,0.07666666805744171
2026-01-18,2026-01-19T11:00:00Z,35,T2,0.4251338839530945,0.6817670464515686,8.007529258728027,0.1966666728258133,0.05000000074505806
2026-01-18,2026-01-19T12:00:00Z,36,T2,0.5617027282714844,0.5040688514709473,7.110124111175537,0.20666666328907013,0.018333332613110542
2026-01-18,2026-01-19T13:00:00Z,37,T2,0.378492146730423,0.264907568693161,5.811633110046387,0.4749999940395355,0.008333333767950535
2026-01-18,2026-01-19T14:00:00Z,38,T2,0.25867152214050293,0.21943499147891998,5.273488998413086,0.3083333373069763,0.019999999552965164
2026-01-18,2026-01-19T15:00:00Z,39,T2,0.20338623225688934,0.19462470710277557,5.0943708419799805,0.3400000035762787,0.02500000037252903
2026-01-18,2026-01-19T16:00:00Z,40,T2,0.17756642401218414,0.11755479127168655,4.419439792633057,0.09333333373069763,0.009999999776482582
2026-01-18,2026-01-19T17:00:00Z,41,T2,0.1648302674293518,0.09106004238128662,3.7943339347839355,0.03166666626930237,0.009999999776482582
2026-01-18,2026-01-19T18:00:00Z,42,T2,0.10226501524448395,0.08964114636182785,3.7776408195495605,0.04833333194255829,0.009999999776482582
2026-01-18,2026-01-19T19:00:00Z,43,T2,0.025869296863675117,0.10230753570795059,3.9803807735443115,0.009999999776482582,0.009999999776482582
2026-01-18,2026-01-19T20:00:00Z,44,T2,0.03908282518386841,0.10858053714036942,4.162080764770508,0.009999999776482582,0.009999999776482582
2026-01-18,2026-01-19T21:00:00Z,45,T2,0.047461435198783875,0.10692819952964783,4.0912766456604,0.009999999776482582,0.009999999776482582
2026-01-18,2026-01-19T22:00:00Z,46,T2,0.08875086158514023,0.10606498271226883,4.070559501647949,0.008333333767950535,0.009999999776482582
2026-01-18,2026-01-19T23:00:00Z,47,T2,0.03285671025514603,0.0723804160952568,3.5665512084960938,0.009999999776482582,0.009999999776482582
2026-01-18,2026-01-20T00:00:00Z,48,T2,0.04270658642053604,0.07323897629976273,3.578258752822876,0.03500000014901161,0.009999999776482582
2026-01-19,2026-01-19T01:00:00Z,1,STATION,0.3801244795322418,0.5156205892562866,7.135488986968994,0.4258333444595337,0.009166666306555271
2026-01-19,2026-01-19T02:00:00Z,2,STATION,0.33551108837127686,0.5338596701622009,7.237764358520508,0.22833333909511566,0.015833333134651184
2026-01-19,2026-01-19T03:00:00Z,3,STATION,0.39136144518852234,0.490878701210022,7.0418314933776855,0.1458333283662796,0.009999999776482582
2026-01-19,2026-01-19T04:00:00Z,4,STATION,0.5154592394828796,0.6819598078727722,7.91897439956665,0.27166667580604553,0.032499998807907104
2026-01-19,2026-01-19T05:00:00Z,5,STATION,0.5387647747993469,0.6822471618652344,7.962071418762207,0.33000001311302185,0.10166666656732559
2026-01-19,2026-01-19T06:00:00Z,6,STATION,0.37643393874168396,0.6828081011772156,8.04621410369873,0.27250000834465027,0.06083333492279053
2026-01-19,2026-01-19T07:00:00Z,7,STATION,0.3586648404598236,0.7026306986808777,8.533263206481934,0.32083332538604736,0.19750000536441803
2026-01-19,2026-01-19T08:00:00Z,8,STATION,0.41620922088623047,0.6964741349220276,8.48049259185791,0.36000001430511475,0.28999999165534973
2026-01-19,2026-01-19T09:00:00Z,9,STATION,0.5294240117073059,0.6823769807815552,7.981551170349121,0.32249999046325684,0.4375
2026-01-19,2026-01-19T10:00:00Z,10,STATION,0.48892638087272644,0.6432727575302124,7.768350124359131,0.2874999940395355,0.3216666579246521
2026-01-19,2026-01-19T11:00:00Z,11,STATION,0.6563299894332886,0.5339755415916443,7.238414287567139,0.2549999952316284,0.21250000596046448
2026-01-19,2026-01-19T12:00:00Z,12,STATION,0.43696528673171997,0.3128780126571655,6.155752182006836,0.20999999344348907,0.14749999344348907
2026-01-19,2026-01-19T13:00:00Z,13,STATION,0.26836568117141724,0.22892192006111145,5.290990829467773,0.4283333420753479,0.14249999821186066
2026-01-19,2026-01-19T14:00:00Z,14,STATION,0.252101868391037,0.16430996358394623,4.703470230102539,0.3050000071525574,0.20666666328907013
2026-01-19,2026-01-19T15:00:00Z,15,STATION,0.23188993334770203,0.10818994790315628,4.008545875549316,0.3941666781902313,0.21666666865348816
2026-01-19,2026-01-19T16:00:00Z,16,STATION,0.11927682161331177,0.06600667536258698,3.4170801639556885,0.11500000208616257,0.3166666626930237
2026-01-19,2026-01-19T17:00:00Z,17,STATION,0.12217782437801361,0.04623320698738098,2.7791154384613037,0.03500000014901161,0.25833332538604736
2026-01-19,2026-01-19T18:00:00Z,18,STATION,0.02000010572373867,0.054473429918289185,3.043405771255493,0.04916666820645332,0.25
2026-01-19,2026-01-19T19:00:00Z,19,STATION,0.0182033721357584,0.055484525859355927,3.104071617126465,0.009999999776482582,0.2866666615009308
2026-01-19,2026-01-19T20:00:00Z,20,STATION,0.015329874120652676,0.05462442710995674,3.0524656772613525,0.009999999776482582,0.503333330154419
2026-01-19,2026-01-19T21:00:00Z,21,STATION,0.040115293115377426,0.04912794008851051,2.8301990032196045,0.009999999776482582,0.4933333396911621
2026-01-19,2026-01-19T22:00:00Z,22,STATION,0.08281859755516052,0.02394549734890461,2.091824531555176,0.009166666306555271,0.47083333134651184
2026-01-19,2026-01-19T23:00:00Z,23,STATION,0.0896637961268425,0.0,1.4138693809509277,0.009999999776482582,0.35083332657814026
2026-01-19,2026-01-20T00:00:00Z,24,STATION,0.008842124603688717,0.024150684475898743,2.122602701187134,0.04500000178813934,0.4358333349227905
2026-01-19,2026-01-20T01:00:00Z,25,STATION,0.048992451280355453,0.06482601165771484,3.402912139892578,0.07666666805744171,0.009166666306555271
2026-01-19,2026-01-20T02:00:00Z,26,STATION,0.03882013261318207,0.05391152575612068,3.0096914768218994,0.009999999776482582,0.015833333134651184
2026-01-19,2026-01-20T03:00:00Z,27,STATION,0.05055819824337959,0.0,1.3216197490692139,0.009166666306555271,0.009999999776482582
2026-01-19,2026-01-20T04:00:00Z,28,STATION,0.04646999016404152,0.0,0.3631120026111603,0.009166666306555271,0.032499998807907104
2026-01-19,2026-01-20T05:00:00Z,29,STATION,0.00026201855507679284,0.0,1.0377495288848877,0.009999999776482582,0.10166666656732559
2026-01-19,2026-01-20T06:00:00Z,30,STATION,0.016171205788850784,0.022281620651483536,1.8094863891601562,0.054999999701976776,0.06083333492279053
2026-01-19,2026-01-20T07:00:00Z,31,STATION,0.008176376111805439,0.02696085162460804,2.189481258392334,0.021666666492819786,0.19750000536441803
2026-01-19,2026-01-20T08:00:00Z,32,STATION,0.0,0.05322987213730812,2.96879243850708,0.018333332613110542,0.28999999165534973
2026-01-19,2026-01-20T09:00:00Z,33,STATION,0.020605556666851044,0.04095815494656563,2.6860263347625732,0.06666667014360428,0.4375
2026-01-19,2026-01-20T10:00:00Z,34,STATION,0.032786011695861816,0.04044909030199051,2.6770427227020264,0.06416666507720947,0.3216666579246521
2026-01-19,2026-01-20T11:00:00Z,35,STATION,0.04542006552219391,0.07264238595962524,3.496708631515503,0.02666666731238365,0.21250000596046448
2026-01-19,2026-01-20T12:00:00Z,36,STATION,0.1377609372138977,0.024702293798327446,2.1373605728149414,0.009999999776482582,0.14749999344348907
2026-01-19,2026-01-20T13:00:00Z,37,STATION,0.035687439143657684,0.0,1.4733318090438843,0.009166666306555271,0.14249999821186066
2026-01-19,2026-01-20T14:00:00Z,38,STATION,0.07554813474416733,0.0220711138099432,1.746334433555603,0.009999999776482582,0.20666666328907013
2026-01-19,2026-01-20T15:00:00Z,39,STATION,0.10058281570672989,0.03557416424155235,2.4324164390563965,0.009999999776482582,0.21666666865348816
2026-01-19,2026-01-20T16:00:00Z,40,STATION,0.10177557915449142,0.056173160672187805,3.1377434730529785,0.009999999776482582,0.3166666626930237
2026-01-19,2026-01-20T17:00:00Z,41,STATION,0.1192387267947197,0.11486848443746567,4.35527229309082,0.013333333656191826,0.25833332538604736
2026-01-19,2026-01-20T18:00:00Z,42,STATION,0.29875653982162476,0.2464195191860199,5.511932373046875,0.1041666641831398,0.25
2026-01-19,2026-01-20T19:00:00Z,43,STATION,0.2667020559310913,0.25441303849220276,5.658946514129639,0.21916666626930237,0.2866666615009308
2026-01-19,2026-01-20T20:00:00Z,44,STATION,0.3052368462085724,0.29999762773513794,6.1136040687561035,0.2541666626930237,0.503333330154419
2026-01-19,2026-01-20T21:00:00Z,45,STATION,0.43583041429519653,0.45766377449035645,6.921050071716309,0.4233333468437195,0.4933333396911621
2026-01-19,2026-01-20T22:00:00Z,46,STATION,0.5484426617622375,0.5812124609947205,7.546593189239502,0.43416666984558105,0.47083333134651184
2026-01-19,2026-01-20T23:00:00Z,47,STATION,0.6336972117424011,0.6829077005386353,8.061155319213867,0.7941666841506958,0.35083332657814026
2026-01-19,2026-01-21T00:00:00Z,48,STATION,0.762030303478241,0.800360918045044,9.178961753845215,0.8991666436195374,0.4358333349227905
2026-01-19,2026-01-19T01:00:00Z,1,T1,0.3185361325740814,0.5208799242973328,7.135488986968994,0.4283333420753479,0.009999999776482582
2026-01-19,2026-01-19T02:00:00Z,2,T1,0.2789788544178009,0.5375849008560181,7.237764358520508,0.22499999403953552,0.013333333656191826
2026-01-19,2026-01-19T03:00:00Z,3,T1,0.347255676984787,0.49726566672325134,7.0418314933776855,0.1616666615009308,0.009999999776482582
2026-01-19,2026-01-19T04:00:00Z,4,T1,0.5166836977005005,0.6833333373069763,7.91897439956665,0.28333333134651184,0.03333333507180214
2026-01-19,2026-01-19T05:00:00Z,5,T1,0.5189017653465271,0.6833333373069763,7.962071418762207,0.36000001430511475,0.11166666448116302
2026-01-19,2026-01-19T06:00:00Z,6,T1,0.3353338837623596,0.6833333373069763,8.04621410369873,0.3016666769981384,0.05666666850447655
2026-01-19,2026-01-19T07:00:00Z,7,T1,0.331485778093338,0.7034640312194824,8.533263206481934,0.30666667222976685,0.20499999821186066
2026-01-19,2026-01-19T08:00:00Z,8,T1,0.3635600209236145,0.6973074674606323,8.48049259185791,0.398333340883255,0.273333340883255
2026-01-19,2026-01-19T09:00:00Z,9,T1,0.5319165587425232,0.6833333373069763,7.981551170349121,0.3466666638851166,0.4183333218097687
2026-01-19,2026-01-19T10:00:00Z,10,T1,0.46963685750961304,0.65276038646698,7.768350124359131,0.2549999952316284,0.29499998688697815
2026-01-19,2026-01-19T11:00:00Z,11,T1,0.6619839668273926,0.5376909971237183,7.238414287567139,0.31333333253860474,0.19833333790302277
2026-01-19,2026-01-19T12:00:00Z,12,T1,0.4635228216648102,0.31719842553138733,6.155752182006836,0.2133333384990692,0.14000000059604645
2026-01-19,2026-01-19T13:00:00Z,13,T1,0.27464559674263,0.23572522401809692,5.290990829467773,0.3816666603088379,0.14166666567325592
2026-01-19,2026-01-19T14:00:00Z,14,T1,0.25559988617897034,0.1674882024526596,4.703470230102539,0.3016666769981384,0.2150000035762787
2026-01-19,2026-01-19T15:00:00Z,15,T1,0.2508442997932434,0.1128988191485405,4.008545875549316,0.4483333230018616,0.23333333432674408
2026-01-19,2026-01-19T16:00:00Z,16,T1,0.1506253182888031,0.07059414684772491,3.4170801639556885,0.1366666704416275,0.34833332896232605
2026-01-19,2026-01-19T17:00:00Z,17,T1,0.14707882702350616,0.04821949079632759,2.7791154384613037,0.038333334028720856,0.273333340883255
2026-01-19,2026-01-19T18:00:00Z,18,T1,0.04000021144747734,0.05670144781470299,3.043405771255493,0.05000000074505806,0.26499998569488525
2026-01-19,2026-01-19T19:00:00Z,19,T1,0.0364067442715168,0.057914767414331436,3.104071617126465,0.009999999776482582,0.273333340883255
2026-01-19,2026-01-19T20:00:00Z,20,T1,0.03065974824130535,0.056882645934820175,3.0524656772613525,0.009999999776482582,0.5433333516120911
2026-01-19,2026-01-19T21:00:00Z,21,T1,0.05692986398935318,0.05094394460320473,2.8301990032196045,0.009999999776482582,0.5249999761581421
2026-01-19,2026-01-19T22:00:00Z,22,T1,0.122584268450737,0.024778829887509346,2.091824531555176,0.009999999776482582,0.47833332419395447
2026-01-19,2026-01-19T23:00:00Z,23,T1,0.09272740036249161,0.0,1.4138693809509277,0.009999999776482582,0.3683333396911621
2026-01-19,2026-01-20T00:00:00Z,24,T1,0.017684249207377434,0.02498401701450348,2.122602701187134,0.054999999701976776,0.4099999964237213
2026-01-19,2026-01-20T01:00:00Z,25,T1,0.039237119257450104,0.06927180290222168,3.402912139892578,0.09166666865348816,0.009999999776482582
2026-01-19,2026-01-20T02:00:00Z,26,T1,0.0,0.05602716654539108,3.0096914768218994,0.009999999776482582,0.013333333656191826
2026-01-19,2026-01-20T03:00:00Z,27,T1,0.05360487848520279,0.0,1.3216197490692139,0.009999999776482582,0.009999999776482582
2026-01-19,2026-01-20T04:00:00Z,28,T1,0.04550817608833313,0.0,0.3631120026111603,0.009999999776482582,0.03333333507180214
2026-01-19,2026-01-20T05:00:00Z,29,T1,0.0,0.0,1.0377495288848877,0.009999999776482582,0.11166666448116302
2026-01-19,2026-01-20T06:00:00Z,30,T1,0.019333766773343086,0.022896576672792435,1.8094863891601562,0.05166666582226753,0.05666666850447655
2026-01-19,2026-01-20T07:00:00Z,31,T1,0.0020056026987731457,0.028009122237563133,2.189481258392334,0.021666666492819786,0.20499999821186066
2026-01-19,2026-01-20T08:00:00Z,32,T1,0.0,0.05520918220281601,2.96879243850708,0.018333332613110542,0.273333340883255
2026-01-19,2026-01-20T09:00:00Z,33,T1,0.027176665142178535,0.043254733085632324,2.6860263347625732,0.06333333253860474,0.4183333218097687
2026-01-19,2026-01-20T10:00:00Z,34,T1,0.03574002906680107,0.04277561232447624,2.6770427227020264,0.0716666653752327,0.29499998688697815
2026-01-19,2026-01-20T11:00:00Z,35,T1,0.04233427345752716,0.07802613824605942,3.496708631515503,0.023333333432674408,0.19833333790302277
2026-01-19,2026-01-20T12:00:00Z,36,T1,0.10880357772111893,0.02557682804763317,2.1373605728149414,0.009999999776482582,0.14000000059604645
2026-01-19,2026-01-20T13:00:00Z,37,T1,0.0,0.0,1.4733318090438843,0.009999999776482582,0.14166666567325592
2026-01-19,2026-01-20T14:00:00Z,38,T1,0.0907827615737915,0.02247556298971176,1.746334433555603,0.009999999776482582,0.2150000035762787
2026-01-19,2026-01-20T15:00:00Z,39,T1,0.10599417239427567,0.037432216107845306,2.4324164390563965,0.009999999776482582,0.23333333432674408
2026-01-19,2026-01-20T16:00:00Z,40,T1,0.09900806844234467,0.05875811725854874,3.1377434730529785,0.009999999776482582,0.34833332896232605
2026-01-19,2026-01-20T17:00:00Z,41,T1,0.15917550027370453,0.11986847966909409,4.35527229309082,0.013333333656191826,0.273333340883255
2026-01-19,2026-01-20T18:00:00Z,42,T1,0.2932839095592499,0.2523617446422577,5.511932373046875,0.11166666448116302,0.26499998569488525
2026-01-19,2026-01-20T19:00:00Z,43,T1,0.2574767470359802,0.26020511984825134,5.658946514129639,0.23000000417232513,0.273333340883255
2026-01-19,2026-01-20T20:00:00Z,44,T1,0.263126939535141,0.30446818470954895,6.1136040687561035,0.2549999952316284,0.5433333516120911
2026-01-19,2026-01-20T21:00:00Z,45,T1,0.3853355348110199,0.4654598534107208,6.921050071716309,0.3933333456516266,0.5249999761581421
2026-01-19,2026-01-20T22:00:00Z,46,T1,0.5230661034584045,0.5954626202583313,7.546593189239502,0.4266666769981384,0.47833332419395447
2026-01-19,2026-01-20T23:00:00Z,47,T1,0.5895191431045532,0.6833333373069763,8.061155319213867,0.7950000166893005,0.3683333396911621
2026-01-19,2026-01-21T00:00:00Z,48,T1,0.7144830226898193,0.8049772381782532,9.178961753845215,0.8899999856948853,0.4099999964237213
2026-01-19,2026-01-19T01:00:00Z,1,T2,0.4417128562927246,0.5103612542152405,7.135488986968994,0.4233333468437195,0.008333333767950535
2026-01-19,2026-01-19T02:00:00Z,2,T2,0.3920432925224304,0.5301344990730286,7.237764358520508,0.2316666692495346,0.018333332613110542
2026-01-19,2026-01-19T03:00:00Z,3,T2,0.4354672133922577,0.4844917356967926,7.0418314933776855,0.12999999523162842,0.009999999776482582
2026-01-19,2026-01-19T04:00:00Z,4,T2,0.514234721660614,0.6805863380432129,7.91897439956665,0.25999999046325684,0.03166666626930237
2026-01-19,2026-01-19T05:00:00Z,5,T2,0.5586277842521667,0.6811609268188477,7.962071418762207,0.30000001192092896,0.09166666865348816
2026-01-19,2026-01-19T06:00:00Z,6,T2,0.4175339937210083,0.6822828650474548,8.04621410369873,0.2433333396911621,0.06499999761581421
2026-01-19,2026-01-19T07:00:00Z,7,T2,0.3858438730239868,0.701797366142273,8.533263206481934,0.33500000834465027,0.1899999976158142
2026-01-19,2026-01-19T08:00:00Z,8,T2,0.46885839104652405,0.6956408023834229,8.48049259185791,0.3216666579246521,0.30666667222976685
2026-01-19,2026-01-19T09:00:00Z,9,T2,0.5269315242767334,0.6814206838607788,7.981551170349121,0.2983333468437195,0.4566666781902313
2026-01-19,2026-01-19T10:00:00Z,10,T2,0.5082159042358398,0.6337851285934448,7.768350124359131,0.3199999928474426,0.34833332896232605
2026-01-19,2026-01-19T11:00:00Z,11,T2,0.6506759524345398,0.5302600860595703,7.238414287567139,0.1966666728258133,0.2266666740179062
2026-01-19,2026-01-19T12:00:00Z,12,T2,0.4104077219963074,0.30855756998062134,6.155752182006836,0.20666666328907013,0.1550000011920929
2026-01-19,2026-01-19T13:00:00Z,13,T2,0.26208579540252686,0.22211861610412598,5.290990829467773,0.4749999940395355,0.1433333307504654
2026-01-19,2026-01-19T14:00:00Z,14,T2,0.24860382080078125,0.16113172471523285,4.703470230102539,0.3083333373069763,0.19833333790302277
2026-01-19,2026-01-19T15:00:00Z,15,T2,0.21293556690216064,0.10348108410835266,4.008545875549316,0.3400000035762787,0.20000000298023224
2026-01-19,2026-01-19T16:00:00Z,16,T2,0.08792832493782043,0.061419207602739334,3.4170801639556885,0.09333333373069763,0.2849999964237213
2026-01-19,2026-01-19T17:00:00Z,17,T2,0.09727682918310165,0.04424692690372467,2.7791154384613037,0.03166666626930237,0.2433333396911621
2026-01-19,2026-01-19T18:00:00Z,18,T2,0.0,0.05224540829658508,3.043405771255493,0.04833333194255829,0.23499999940395355
2026-01-19,2026-01-19T19:00:00Z,19,T2,0.0,0.053054288029670715,3.104071617126465,0.009999999776482582,0.30000001192092896
2026-01-19,2026-01-19T20:00:00Z,20,T2,0.0,0.05236620828509331,3.0524656772613525,0.009999999776482582,0.4633333384990692
2026-01-19,2026-01-19T21:00:00Z,21,T2,0.023300718516111374,0.0473119392991066,2.8301990032196045,0.009999999776482582,0.46166667342185974
2026-01-19,2026-01-19T22:00:00Z,22,T2,0.04305292293429375,0.023112162947654724,2.091824531555176,0.008333333767950535,0.4633333384990692
2026-01-19,2026-01-19T23:00:00Z,23,T2,0.08660019189119339,0.0,1.4138693809509277,0.009999999776482582,0.3333333432674408
2026-01-19,2026-01-20T00:00:00Z,24,T2,0.0,0.023317350074648857,2.122602701187134,0.03500000014901161,0.46166667342185974
2026-01-19,2026-01-20T01:00:00Z,25,T2,0.0587477870285511,0.060380224138498306,3.402912139892578,0.061666667461395264,0.008333333767950535
2026-01-19,2026-01-20T02:00:00Z,26,T2,0.07764026522636414,0.05179588869214058,3.0096914768218994,0.009999999776482582,0.018333332613110542
2026-01-19,2026-01-20T03:00:00Z,27,T2,0.047511521726846695,0.0,1.3216197490692139,0.008333333767950535,0.009999999776482582
2026-01-19,2026-01-20T04:00:00Z,28,T2,0.04743180796504021,0.0,0.3631120026111603,0.008333333767950535,0.03166666626930237
2026-01-19,2026-01-20T05:00:00Z,29,T2,0.0005240371101535857,0.0,1.0377495288848877,0.009999999776482582,0.09166666865348816
2026-01-19,2026-01-20T06:00:00Z,30,T2,0.013008643873035908,0.021666666492819786,1.8094863891601562,0.05833333358168602,0.06499999761581421
2026-01-19,2026-01-20T07:00:00Z,31,T2,0.014347149059176445,0.025912581011652946,2.189481258392334,0.021666666492819786,0.1899999976158142
2026-01-19,2026-01-20T08:00:00Z,32,T2,0.0,0.05125056579709053,2.96879243850708,0.018333332613110542,0.30666667222976685
2026-01-19,2026-01-20T09:00:00Z,33,T2,0.014034447260200977,0.03866157308220863,2.6860263347625732,0.07000000029802322,0.4566666781902313
2026-01-19,2026-01-20T10:00:00Z,34,T2,0.02983199618756771,0.03812256455421448,2.6770427227020264,0.05666666850447655,0.34833332896232605
2026-01-19,2026-01-20T11:00:00Z,35,T2,0.04850585386157036,0.06725863367319107,3.496708631515503,0.029999999329447746,0.2266666740179062
2026-01-19,2026-01-20T12:00:00Z,36,T2,0.1667182892560959,0.02382775768637657,2.1373605728149414,0.009999999776482582,0.1550000011920929
2026-01-19,2026-01-20T13:00:00Z,37,T2,0.07137487828731537,0.0,1.4733318090438843,0.008333333767950535,0.1433333307504654
2026-01-19,2026-01-20T14:00:00Z,38,T2,0.060313500463962555,0.021666666492819786,1.746334433555603,0.009999999776482582,0.19833333790302277
2026-01-19,2026-01-20T15:00:00Z,39,T2,0.09517145901918411,0.0337161086499691,2.4324164390563965,0.009999999776482582,0.20000000298023224
2026-01-19,2026-01-20T16:00:00Z,40,T2,0.10454308241605759,0.053588204085826874,3.1377434730529785,0.009999999776482582,0.2849999964237213
2026-01-19,2026-01-20T17:00:00Z,41,T2,0.07930195331573486,0.10986848175525665,4.35527229309082,0.013333333656191826,0.2433333396911621
2026-01-19,2026-01-20T18:00:00Z,42,T2,0.30422917008399963,0.2404772937297821,5.511932373046875,0.09666666388511658,0.23499999940395355
2026-01-19,2026-01-20T19:00:00Z,43,T2,0.2759273946285248,0.24862095713615417,5.658946514129639,0.2083333283662796,0.30000001192092896
2026-01-19,2026-01-20T20:00:00Z,44,T2,0.34734678268432617,0.29552707076072693,6.1136040687561035,0.25333333015441895,0.4633333384990692
2026-01-19,2026-01-20T21:00:00Z,45,T2,0.48632532358169556,0.44986769556999207,6.921050071716309,0.4533333480358124,0.46166667342185974
2026-01-19,2026-01-20T22:00:00Z,46,T2,0.5738192796707153,0.5669622421264648,7.546593189239502,0.4416666626930237,0.4633333384990692
2026-01-19,2026-01-20T23:00:00Z,47,T2,0.6778753399848938,0.6824820637702942,8.061155319213867,0.7933333516120911,0.3333333432674408
2026-01-19,2026-01-21T00:00:00Z,48,T2,0.8095776438713074,0.7957445383071899,9.178961753845215,0.9083333611488342,0.46166667342185974
2026-01-20,2026-01-20T01:00:00Z,1,STATION,0.01689985580742359,0.021389499306678772,1.5972833633422852,0.07666666805744171,0.4258333444595337
2026-01-20,2026-01-20T02:00:00Z,2,STATION,0.0829673781991005,0.0,1.0106616020202637,0.009999999776482582,0.22833333909511566
2026-01-20,2026-01-20T03:00:00Z,3,STATION,0.00832812488079071,0.0,0.7075859904289246,0.009166666306555271,0.1458333283662796
2026-01-20,2026-01-20T04:00:00Z,4,STATION,0.04082559421658516,0.0,0.2526894211769104,0.009166666306555271,0.27166667580604553
2026-01-20,2026-01-20T05:00:00Z,5,STATION,0.028817294165492058,0.021041521802544594,1.5624855756759644,0.009999999776482582,0.33000001311302185
2026-01-20,2026-01-20T06:00:00Z,6,STATION,0.0,0.03760218247771263,2.626803159713745,0.054999999701976776,0.27250000834465027
2026-01-20,2026-01-20T07:00:00Z,7,STATION,0.0,0.037496794015169144,2.6246795654296875,0.021666666492819786,0.32083332538604736
2026-01-20,2026-01-20T08:00:00Z,8,STATION,0.0,0.04748665913939476,2.8012351989746094,0.018333332613110542,0.36000001430511475
2026-01-20,2026-01-20T09:00:00Z,9,STATION,0.0029462287202477455,0.03704443573951721,2.5794434547424316,0.06666667014360428,0.32249999046325684
2026-01-20,2026-01-20T10:00:00Z,10,STATION,0.00848720408976078,0.03216218575835228,2.30951189994812,0.06416666507720947,0.2874999940395355
2026-01-20,2026-01-20T11:00:00Z,11,STATION,0.0,0.03529997542500496,2.4049975872039795,0.02666666731238365,0.2549999952316284
2026-01-20,2026-01-20T12:00:00Z,12,STATION,0.0015477341366931796,0.02339031547307968,2.008547306060791,0.009999999776482582,0.20999999344348907
2026-01-20,2026-01-20T13:00:00Z,13,STATION,0.018404923379421234,0.0,1.444649577140808,0.009166666306555271,0.4283333420753479
2026-01-20,2026-01-20T14:00:00Z,14,STATION,0.06724397838115692,0.0,1.0508825778961182,0.009999999776482582,0.3050000071525574
2026-01-20,2026-01-20T15:00:00Z,15,STATION,0.05810323730111122,0.021673813462257385,1.62714421749115,0.009999999776482582,0.3941666781902313
2026-01-20,2026-01-20T16:00:00Z,16,STATION,0.08722411096096039,0.0520937517285347,2.900624990463257,0.009999999776482582,0.11500000208616257
2026-01-20,2026-01-20T17:00:00Z,17,STATION,0.17616355419158936,0.15837591886520386,4.651111125946045,0.013333333656191826,0.03500000014901161
2026-01-20,2026-01-20T18:00:00Z,18,STATION,0.20828869938850403,0.1597825586795807,4.663522720336914,0.1041666641831398,0.04916666820645332
2026-01-20,2026-01-20T19:00:00Z,19,STATION,0.2816603481769562,0.3065892457962036,6.13969612121582,0.21916666626930237,0.009999999776482582
2026-01-20,2026-01-20T20:00:00Z,20,STATION,0.35748210549354553,0.4296427369117737,6.665582656860352,0.2541666626930237,0.009999999776482582
2026-01-20,2026-01-20T21:00:00Z,21,STATION,0.4778301417827606,0.5526869893074036,7.343338489532471,0.4233333468437195,0.009999999776482582
2026-01-20,2026-01-20T22:00:00Z,22,STATION,0.6270399689674377,0.6830229759216309,8.078442573547363,0.43416666984558105,0.009166666306555271
2026-01-20,2026-01-20T23:00:00Z,23,STATION,0.6500441431999207,0.7133333086967468,8.704283714294434,0.7941666841506958,0.009999999776482582
2026-01-20,2026-01-21T00:00:00Z,24,STATION,0.67374587059021,0.7133333086967468,8.86746883392334,0.8991666436195374,0.04500000178813934
2026-01-20,2026-01-21T01:00:00Z,25,STATION,0.6777951717376709,0.7133333086967468,8.863998413085938,0.8525000214576721,0.4258333444595337
2026-01-20,2026-01-21T02:00:00Z,26,STATION,0.6776629686355591,0.7424931526184082,8.973291397094727,0.9916666746139526,0.22833333909511566
2026-01-20,2026-01-21T03:00:00Z,27,STATION,0.6715297102928162,0.7133333086967468,8.87492561340332,0.9858333468437195,0.1458333283662796
2026-01-20,2026-01-21T04:00:00Z,28,STATION,0.6486654281616211,0.7898862361907959,9.13501262664795,0.9900000095367432,0.27166667580604553
2026-01-20,2026-01-21T05:00:00Z,29,STATION,0.5641212463378906,0.8543768525123596,9.431103706359863,0.9850000143051147,0.33000001311302185
2026-01-20,2026-01-21T06:00:00Z,30,STATION,0.7436312437057495,0.8010150194168091,9.181706428527832,0.9441666603088379,0.27250000834465027
2026-01-20,2026-01-21T07:00:00Z,31,STATION,0.7178281545639038,0.8796399235725403,9.65894603729248,0.9900000095367432,0.32083332538604736
2026-01-20,2026-01-21T08:00:00Z,32,STATION,0.893752932548523,0.9054597616195679,10.677597999572754,0.9891666769981384,0.36000001430511475
2026-01-20,2026-01-21T09:00:00Z,33,STATION,0.9043498635292053,0.8798640370368958,9.793427467346191,0.9900000095367432,0.32249999046325684
2026-01-20,2026-01-21T10:00:00Z,34,STATION,0.8905899524688721,0.860375165939331,9.477245330810547,0.9775000214576721,0.2874999940395355
2026-01-20,2026-01-21T11:00:00Z,35,STATION,0.7206313014030457,0.7133333086967468,8.626199722290039,0.9733333587646484,0.2549999952316284
2026-01-20,2026-01-21T12:00:00Z,36,STATION,0.616606593132019,0.6827653646469116,8.039804458618164,0.9900000095367432,0.20999999344348907
2026-01-20,2026-01-21T13:00:00Z,37,STATION,0.844860315322876,0.551862359046936,7.338714122772217,0.7400000095367432,0.4283333420753479
2026-01-20,2026-01-21T14:00:00Z,38,STATION,0.713029146194458,0.6828896403312683,8.058443069458008,0.09749999642372131,0.3050000071525574
2026-01-20,2026-01-21T15:00:00Z,39,STATION,0.6580150723457336,0.735403835773468,8.949395179748535,0.11749999970197678,0.3941666781902313
2026-01-20,2026-01-21T16:00:00Z,40,STATION,0.7127680778503418,0.8186343908309937,9.255633354187012,0.23333333432674408,0.11500000208616257
2026-01-20,2026-01-21T17:00:00Z,41,STATION,0.7657326459884644,0.6819884777069092,7.923272609710693,0.13249999284744263,0.03500000014901161
2026-01-20,2026-01-21T18:00:00Z,42,STATION,0.6523594856262207,0.7133333086967468,8.726737976074219,0.25083333253860474,0.04916666820645332
2026-01-20,2026-01-21T19:00:00Z,43,STATION,0.5952107906341553,0.683647096157074,8.219120025634766,0.3449999988079071,0.009999999776482582
2026-01-20,2026-01-21T20:00:00Z,44,STATION,0.5498275756835938,0.6439213752746582,7.7701520919799805,0.6200000047683716,0.009999999776482582
2026-01-20,2026-01-21T21:00:00Z,45,STATION,0.4010179042816162,0.4873323440551758,7.02893590927124,0.3824999928474426,0.009999999776482582
2026-01-20,2026-01-21T22:00:00Z,46,STATION,0.2794342339038849,0.1863856166601181,4.909377574920654,0.4350000023841858,0.009166666306555271
2026-01-20,2026-01-21T23:00:00Z,47,STATION,0.1672988384962082,0.0,1.3046075105667114,0.3258333206176758,0.009999999776482582
2026-01-20,2026-01-22T00:00:00Z,48,STATION,0.025011934340000153,0.0,0.6723640561103821,0.29499998688697815,0.04500000178813934
2026-01-20,2026-01-20T01:00:00Z,1,T1,0.02630668878555298,0.021481888368725777,1.5972833633422852,0.09166666865348816,0.4283333420753479
2026-01-20,2026-01-20T02:00:00Z,2,T1,0.09826096892356873,0.0,1.0106616020202637,0.009999999776482582,0.22499999403953552
2026-01-20,2026-01-20T03:00:00Z,3,T1,0.01665624976158142,0.0,0.7075859904289246,0.009999999776482582,0.1616666615009308
2026-01-20,2026-01-20T04:00:00Z,4,T1,0.05558524280786514,0.0,0.2526894211769104,0.009999999776482582,0.28333333134651184
2026-01-20,2026-01-20T05:00:00Z,5,T1,0.017043814063072205,0.021249903365969658,1.5624855756759644,0.009999999776482582,0.36000001430511475
2026-01-20,2026-01-20T06:00:00Z,6,T1,0.0,0.04009617120027542,2.626803159713745,0.05166666582226753,0.3016666769981384
2026-01-20,2026-01-20T07:00:00Z,7,T1,0.0,0.03999572619795799,2.6246795654296875,0.021666666492819786,0.30666667222976685
2026-01-20,2026-01-20T08:00:00Z,8,T1,0.0,0.04939920827746391,2.8012351989746094,0.018333332613110542,0.398333340883255
2026-01-20,2026-01-20T09:00:00Z,9,T1,0.005892457440495491,0.03939257934689522,2.5794434547424316,0.06333333253860474,0.3466666638851166
2026-01-20,2026-01-20T10:00:00Z,10,T1,0.0,0.03361055999994278,2.30951189994812,0.0716666653752327,0.2549999952316284
2026-01-20,2026-01-20T11:00:00Z,11,T1,0.0,0.037066634744405746,2.4049975872039795,0.023333333432674408,0.31333333253860474
2026-01-20,2026-01-20T12:00:00Z,12,T1,0.0,0.024223648011684418,2.008547306060791,0.009999999776482582,0.2133333384990692
2026-01-20,2026-01-20T13:00:00Z,13,T1,0.03680984675884247,0.0,1.444649577140808,0.009999999776482582,0.3816666603088379
2026-01-20,2026-01-20T14:00:00Z,14,T1,0.08985787630081177,0.0,1.0508825778961182,0.009999999776482582,0.3016666769981384
2026-01-20,2026-01-20T15:00:00Z,15,T1,0.08174007385969162,0.021680962294340134,1.62714421749115,0.009999999776482582,0.4483333230018616
2026-01-20,2026-01-20T16:00:00Z,16,T1,0.10538653284311295,0.053845833986997604,2.900624990463257,0.009999999776482582,0.1366666704416275
2026-01-20,2026-01-20T17:00:00Z,17,T1,0.2099815160036087,0.1613796204328537,4.651111125946045,0.013333333656191826,0.038333334028720856
2026-01-20,2026-01-20T18:00:00Z,18,T1,0.21284472942352295,0.16282762587070465,4.663522720336914,0.11166666448116302,0.05000000074505806
2026-01-20,2026-01-20T19:00:00Z,19,T1,0.3057042956352234,0.31082940101623535,6.13969612121582,0.23000000417232513,0.009999999776482582
2026-01-20,2026-01-20T20:00:00Z,20,T1,0.35206177830696106,0.43797609210014343,6.665582656860352,0.2549999952316284,0.009999999776482582
2026-01-20,2026-01-20T21:00:00Z,21,T1,0.44529303908348083,0.5548285841941833,7.343338489532471,0.3933333456516266,0.009999999776482582
2026-01-20,2026-01-20T22:00:00Z,22,T1,0.6075653433799744,0.6833333373069763,8.078442573547363,0.4266666769981384,0.009999999776482582
2026-01-20,2026-01-20T23:00:00Z,23,T1,0.6263311505317688,0.7141666412353516,8.704283714294434,0.7950000166893005,0.009999999776482582
2026-01-20,2026-01-21T00:00:00Z,24,T1,0.6511582136154175,0.7141666412353516,8.86746883392334,0.8899999856948853,0.054999999701976776
2026-01-20,2026-01-21T01:00:00Z,25,T1,0.6660679578781128,0.7141666412353516,8.863998413085938,0.8483333587646484,0.4283333420753479
2026-01-20,2026-01-21T02:00:00Z,26,T1,0.6849702000617981,0.7446370720863342,8.973291397094727,0.9983333349227905,0.22499999403953552
2026-01-20,2026-01-21T03:00:00Z,27,T1,0.6429052948951721,0.7141666412353516,8.87492561340332,0.9900000095367432,0.1616666615009308
2026-01-20,2026-01-21T04:00:00Z,28,T1,0.6278710961341858,0.7941363453865051,9.13501262664795,0.9900000095367432,0.28333333134651184
2026-01-20,2026-01-21T05:00:00Z,29,T1,0.5747591853141785,0.8615619540214539,9.431103706359863,0.9866666793823242,0.36000001430511475
2026-01-20,2026-01-21T06:00:00Z,30,T1,0.7312008142471313,0.8056542277336121,9.181706428527832,0.949999988079071,0.3016666769981384
2026-01-20,2026-01-21T07:00:00Z,31,T1,0.6720137596130371,0.8899999856948853,9.65894603729248,0.9900000095367432,0.30666667222976685
2026-01-20,2026-01-21T08:00:00Z,32,T1,0.9177663326263428,0.9056230187416077,10.677597999572754,0.9883333444595337,0.398333340883255
2026-01-20,2026-01-21T09:00:00Z,33,T1,0.9441675543785095,0.8899999856948853,9.793427467346191,0.9900000095367432,0.3466666638851166
2026-01-20,2026-01-21T10:00:00Z,34,T1,0.9397803544998169,0.8683292865753174,9.477245330810547,0.9750000238418579,0.2549999952316284
2026-01-20,2026-01-21T11:00:00Z,35,T1,0.7476812601089478,0.7141666412353516,8.626199722290039,0.9700000286102295,0.31333333253860474
2026-01-20,2026-01-21T12:00:00Z,36,T1,0.6478953957557678,0.6833333373069763,8.039804458618164,0.9900000095367432,0.2133333384990692
2026-01-20,2026-01-21T13:00:00Z,37,T1,0.8938009142875671,0.5540733337402344,7.338714122772217,0.7649999856948853,0.3816666603088379
2026-01-20,2026-01-21T14:00:00Z,38,T1,0.7251213788986206,0.6833333373069763,8.058443069458008,0.11166666448116302,0.3016666769981384
2026-01-20,2026-01-21T15:00:00Z,39,T1,0.6556401252746582,0.7372291088104248,8.949395179748535,0.15333333611488342,0.4483333230018616
2026-01-20,2026-01-21T16:00:00Z,40,T1,0.6820122599601746,0.8238896727561951,9.255633354187012,0.2083333283662796,0.1366666704416275
2026-01-20,2026-01-21T17:00:00Z,41,T1,0.7551900744438171,0.6833333373069763,7.923272609710693,0.14666666090488434,0.038333334028720856
2026-01-20,2026-01-21T18:00:00Z,42,T1,0.6734100580215454,0.7141666412353516,8.726737976074219,0.25833332538604736,0.05000000074505806
2026-01-20,2026-01-21T19:00:00Z,43,T1,0.5813716650009155,0.6839607954025269,8.219120025634766,0.3316666781902313,0.009999999776482582
2026-01-20,2026-01-21T20:00:00Z,44,T1,0.5786706209182739,0.6532768607139587,7.7701520919799805,0.6383333206176758,0.009999999776482582
2026-01-20,2026-01-21T21:00:00Z,45,T1,0.4223194122314453,0.49386975169181824,7.02893590927124,0.37833333015441895,0.009999999776482582
2026-01-20,2026-01-21T22:00:00Z,46,T1,0.3263431489467621,0.19047939777374268,4.909377574920654,0.44333332777023315,0.009999999776482582
2026-01-20,2026-01-21T23:00:00Z,47,T1,0.20298846065998077,0.0,1.3046075105667114,0.3633333444595337,0.009999999776482582
2026-01-20,2026-01-22T00:00:00Z,48,T1,0.04106905311346054,0.0,0.6723640561103821,0.351666659116745,0.054999999701976776
2026-01-20,2026-01-20T01:00:00Z,1,T2,0.007493020500987768,0.021297112107276917,1.5972833633422852,0.061666667461395264,0.4233333468437195
2026-01-20,2026-01-20T02:00:00Z,2,T2,0.06767378747463226,0.0,1.0106616020202637,0.009999999776482582,0.2316666692495346
2026-01-20,2026-01-20T03:00:00Z,3,T2,0.0,0.0,0.7075859904289246,0.008333333767950535,0.12999999523162842
2026-01-20,2026-01-20T04:00:00Z,4,T2,0.026065945625305176,0.0,0.2526894211769104,0.008333333767950535,0.25999999046325684
2026-01-20,2026-01-20T05:00:00Z,5,T2,0.04059077799320221,0.02083314023911953,1.5624855756759644,0.009999999776482582,0.30000001192092896
2026-01-20,2026-01-20T06:00:00Z,6,T2,0.0,0.03510819002985954,2.626803159713745,0.05833333358168602,0.2433333396911621
2026-01-20,2026-01-20T07:00:00Z,7,T2,0.0,0.034997861832380295,2.6246795654296875,0.021666666492819786,0.33500000834465027
2026-01-20,2026-01-20T08:00:00Z,8,T2,0.0,0.04557411000132561,2.8012351989746094,0.018333332613110542,0.3216666579246521
2026-01-20,2026-01-20T09:00:00Z,9,T2,0.0,0.03469628840684891,2.5794434547424316,0.07000000029802322,0.2983333468437195
2026-01-20,2026-01-20T10:00:00Z,10,T2,0.01697440817952156,0.03071381337940693,2.30951189994812,0.05666666850447655,0.3199999928474426
2026-01-20,2026-01-20T11:00:00Z,11,T2,0.0,0.03353331610560417,2.4049975872039795,0.029999999329447746,0.1966666728258133
2026-01-20,2026-01-20T12:00:00Z,12,T2,0.003095468273386359,0.022556982934474945,2.008547306060791,0.009999999776482582,0.20666666328907013
2026-01-20,2026-01-20T13:00:00Z,13,T2,0.0,0.0,1.444649577140808,0.008333333767950535,0.4749999940395355
2026-01-20,2026-01-20T14:00:00Z,14,T2,0.044630080461502075,0.0,1.0508825778961182,0.009999999776482582,0.3083333373069763
2026-01-20,2026-01-20T15:00:00Z,15,T2,0.03446640446782112,0.021666666492819786,1.62714421749115,0.009999999776482582,0.3400000035762787
2026-01-20,2026-01-20T16:00:00Z,16,T2,0.06906169652938843,0.050341665744781494,2.900624990463257,0.009999999776482582,0.09333333373069763
2026-01-20,2026-01-20T17:00:00Z,17,T2,0.14234559237957,0.15537221729755402,4.651111125946045,0.013333333656191826,0.03166666626930237
2026-01-20,2026-01-20T18:00:00Z,18,T2,0.2037326693534851,0.15673747658729553,4.663522720336914,0.09666666388511658,0.04833333194255829
2026-01-20,2026-01-20T19:00:00Z,19,T2,0.25761640071868896,0.30234912037849426,6.13969612121582,0.2083333283662796,0.009999999776482582
2026-01-20,2026-01-20T20:00:00Z,20,T2,0.36290243268013,0.4213094115257263,6.665582656860352,0.25333333015441895,0.009999999776482582
2026-01-20,2026-01-20T21:00:00Z,21,T2,0.510367214679718,0.5505453944206238,7.343338489532471,0.4533333480358124,0.009999999776482582
2026-01-20,2026-01-20T22:00:00Z,22,T2,0.6465145945549011,0.6827125549316406,8.078442573547363,0.4416666626930237,0.008333333767950535
2026-01-20,2026-01-20T23:00:00Z,23,T2,0.6737571358680725,0.7124999761581421,8.704283714294434,0.7933333516120911,0.009999999776482582
2026-01-20,2026-01-21T00:00:00Z,24,T2,0.6963335275650024,0.7124999761581421,8.86746883392334,0.9083333611488342,0.03500000014901161
2026-01-20,2026-01-21T01:00:00Z,25,T2,0.6895223259925842,0.7124999761581421,8.863998413085938,0.8566666841506958,0.4233333468437195
2026-01-20,2026-01-21T02:00:00Z,26,T2,0.6703557372093201,0.740349292755127,8.973291397094727,0.9850000143051147,0.2316666692495346
2026-01-20,2026-01-21T03:00:00Z,27,T2,0.7001541256904602,0.7124999761581421,8.87492561340332,0.9816666841506958,0.12999999523162842
2026-01-20,2026-01-21T04:00:00Z,28,T2,0.6694598197937012,0.7856361269950867,9.13501262664795,0.9900000095367432,0.25999999046325684
2026-01-20,2026-01-21T05:00:00Z,29,T2,0.5534833669662476,0.8471918106079102,9.431103706359863,0.9833333492279053,0.30000001192092896
2026-01-20,2026-01-21T06:00:00Z,30,T2,0.7560616731643677,0.7963758111000061,9.181706428527832,0.9383333325386047,0.2433333396911621
2026-01-20,2026-01-21T07:00:00Z,31,T2,0.7636425495147705,0.8692798018455505,9.65894603729248,0.9900000095367432,0.33500000834465027
2026-01-20,2026-01-21T08:00:00Z,32,T2,0.8697395324707031,0.9052965044975281,10.677597999572754,0.9900000095367432,0.3216666579246521
2026-01-20,2026-01-21T09:00:00Z,33,T2,0.8645322322845459,0.8697280883789062,9.793427467346191,0.9900000095367432,0.2983333468437195
2026-01-20,2026-01-21T10:00:00Z,34,T2,0.8413995504379272,0.8524211049079895,9.477245330810547,0.9800000190734863,0.3199999928474426
2026-01-20,2026-01-21T11:00:00Z,35,T2,0.6935813426971436,0.7124999761581421,8.626199722290039,0.9766666889190674,0.1966666728258133
2026-01-20,2026-01-21T12:00:00Z,36,T2,0.5853177309036255,0.6821973919868469,8.039804458618164,0.9900000095367432,0.20666666328907013
2026-01-20,2026-01-21T13:00:00Z,37,T2,0.7959197163581848,0.5496513843536377,7.338714122772217,0.7149999737739563,0.4749999940395355
2026-01-20,2026-01-21T14:00:00Z,38,T2,0.7009369134902954,0.6824458837509155,8.058443069458008,0.0833333358168602,0.3083333373069763
2026-01-20,2026-01-21T15:00:00Z,39,T2,0.6603900194168091,0.7335785627365112,8.949395179748535,0.08166666328907013,0.3400000035762787
2026-01-20,2026-01-21T16:00:00Z,40,T2,0.743523895740509,0.8133791089057922,9.255633354187012,0.25833332538604736,0.09333333373069763
2026-01-20,2026-01-21T17:00:00Z,41,T2,0.7762752771377563,0.680643618106842,7.923272609710693,0.11833333224058151,0.03166666626930237
2026-01-20,2026-01-21T18:00:00Z,42,T2,0.631308913230896,0.7124999761581421,8.726737976074219,0.2433333396911621,0.04833333194255829
2026-01-20,2026-01-21T19:00:00Z,43,T2,0.6090498566627502,0.6833333373069763,8.219120025634766,0.3583333194255829,0.009999999776482582
2026-01-20,2026-01-21T20:00:00Z,44,T2,0.5209844708442688,0.6345658302307129,7.7701520919799805,0.6016666889190674,0.009999999776482582
2026-01-20,2026-01-21T21:00:00Z,45,T2,0.3797163665294647,0.48079490661621094,7.02893590927124,0.3866666555404663,0.009999999776482582
2026-01-20,2026-01-21T22:00:00Z,46,T2,0.2325253039598465,0.18229183554649353,4.909377574920654,0.4266666769981384,0.008333333767950535
2026-01-20,2026-01-21T23:00:00Z,47,T2,0.1316092163324356,0.0,1.3046075105667114,0.28833332657814026,0.009999999776482582
2026-01-20,2026-01-22T00:00:00Z,48,T2,0.00895481463521719,0.0,0.6723640561103821,0.2383333295583725,0.03500000014901161
2026-01-21,2026-01-21T01:00:00Z,1,STATION,0.7004233002662659,0.7133333086967468,8.8042631149292,0.8525000214576721,0.07666666805744171
2026-01-21,2026-01-21T02:00:00Z,2,STATION,0.6646005511283875,0.7509710788726807,9.001869201660156,0.9916666746139526,0.009999999776482582
2026-01-21,2026-01-21T03:00:00Z,3,STATION,0.6596776843070984,0.7340079545974731,8.944689750671387,0.9858333468437195,0.009166666306555271
2026-01-21,2026-01-21T04:00:00Z,4,STATION,0.6807437539100647,0.7133333086967468,8.770085334777832,0.9900000095367432,0.009166666306555271
2026-01-21,2026-01-21T05:00:00Z,5,STATION,0.787915050983429,0.8996495604515076,10.067947387695312,0.9850000143051147,0.009999999776482582
2026-01-21,2026-01-21T06:00:00Z,6,STATION,0.7970788478851318,0.9054597616195679,10.904267311096191,0.9441666603088379,0.054999999701976776
2026-01-21,2026-01-21T07:00:00Z,7,STATION,0.7763229608535767,0.8850291967391968,9.924384117126465,0.9900000095367432,0.021666666492819786
2026-01-21,2026-01-21T08:00:00Z,8,STATION,0.9257136583328247,0.9054597616195679,10.125643730163574,0.9891666769981384,0.018333332613110542
2026-01-21,2026-01-21T09:00:00Z,9,STATION,0.9276846051216125,0.8841832280158997,9.91607666015625,0.9900000095367432,0.06666667014360428
2026-01-21,2026-01-21T10:00:00Z,10,STATION,0.8595097661018372,0.8364828824996948,9.330522537231445,0.9775000214576721,0.06416666507720947
2026-01-21,2026-01-21T11:00:00Z,11,STATION,0.7496297955513,0.6839762330055237,8.317861557006836,0.9733333587646484,0.02666666731238365
2026-01-21,2026-01-21T12:00:00Z,12,STATION,0.6417986750602722,0.5283982753753662,7.20713996887207,0.9900000095367432,0.009999999776482582
2026-01-21,2026-01-21T13:00:00Z,13,STATION,0.7320278882980347,0.3887892961502075,6.3495683670043945,0.7400000095367432,0.009166666306555271
2026-01-21,2026-01-21T14:00:00Z,14,STATION,0.5630466938018799,0.4338987469673157,6.723618984222412,0.09749999642372131,0.009999999776482582
2026-01-21,2026-01-21T15:00:00Z,15,STATION,0.6219661831855774,0.6817903518676758,7.893550395965576,0.11749999970197678,0.009999999776482582
2026-01-21,2026-01-21T16:00:00Z,16,STATION,0.6569784283638,0.6927568316459656,8.448630332946777,0.23333333432674408,0.009999999776482582
2026-01-21,2026-01-21T17:00:00Z,17,STATION,0.6124829649925232,0.6901066303253174,8.42591381072998,0.13249999284744263,0.013333333656191826
2026-01-21,2026-01-21T18:00:00Z,18,STATION,0.43627896904945374,0.6878751516342163,8.406786918640137,0.25083333253860474,0.1041666641831398
2026-01-21,2026-01-21T19:00:00Z,19,STATION,0.43447020649909973,0.6821635365486145,7.94952917098999,0.3449999988079071,0.21916666626930237
2026-01-21,2026-01-21T20:00:00Z,20,STATION,0.4162141680717468,0.681937038898468,7.915553569793701,0.6200000047683716,0.2541666626930237
2026-01-21,2026-01-21T21:00:00Z,21,STATION,0.2790639400482178,0.47920769453048706,6.999391555786133,0.3824999928474426,0.4233333468437195
2026-01-21,2026-01-21T22:00:00Z,22,STATION,0.29866379499435425,0.2276850938796997,5.2830963134765625,0.4350000023841858,0.43416666984558105
2026-01-21,2026-01-21T23:00:00Z,23,STATION,0.14451216161251068,0.03594871237874031,2.4698710441589355,0.3258333206176758,0.7941666841506958
2026-01-21,2026-01-22T00:00:00Z,24,STATION,0.09684638679027557,0.0,1.1157163381576538,0.29499998688697815,0.8991666436195374
2026-01-21,2026-01-22T01:00:00Z,25,STATION,0.007109418511390686,0.0,1.0148131847381592,0.25999999046325684,0.07666666805744171
2026-01-21,2026-01-22T02:00:00Z,26,STATION,0.04975651949644089,0.0,1.1867831945419312,0.021666666492819786,0.009999999776482582
2026-01-21,2026-01-22T03:00:00Z,27,STATION,0.060162708163261414,0.0205705389380455,1.5153871774673462,0.019166667014360428,0.009166666306555271
2026-01-21,2026-01-22T04:00:00Z,28,STATION,0.013925164006650448,0.3143576681613922,6.159530162811279,0.009999999776482582,0.009166666306555271
2026-01-21,2026-01-22T05:00:00Z,29,STATION,0.281117707490921,0.3870683014392853,6.345174312591553,0.038333334028720856,0.009999999776482582
2026-01-21,2026-01-22T06:00:00Z,30,STATION,0.24968624114990234,0.1040579304099083,3.9149909019470215,0.009999999776482582,0.054999999701976776
2026-01-21,2026-01-22T07:00:00Z,31,STATION,0.21593865752220154,0.024121692404150963,2.1182539463043213,0.009166666306555271,0.021666666492819786
2026-01-21,2026-01-22T08:00:00Z,32,STATION,0.19415362179279327,0.059002313762903214,3.2438366413116455,0.018333332613110542,0.018333332613110542
2026-01-21,2026-01-22T09:00:00Z,33,STATION,0.3000831604003906,0.15251381695270538,4.607044219970703,0.2750000059604645,0.06666667014360428
2026-01-21,2026-01-22T10:00:00Z,34,STATION,0.1821412295103073,0.26354947686195374,5.729226589202881,0.3658333420753479,0.06416666507720947
2026-01-21,2026-01-22T11:00:00Z,35,STATION,0.49092063307762146,0.24599680304527283,5.4985833168029785,0.3141666650772095,0.02666666731238365
2026-01-21,2026-01-22T12:00:00Z,36,STATION,0.331725537776947,0.4285643398761749,6.650876998901367,0.6100000143051147,0.009999999776482582
2026-01-21,2026-01-22T13:00:00Z,37,STATION,0.31803128123283386,0.5145825147628784,7.129668235778809,0.35499998927116394,0.009166666306555271
2026-01-21,2026-01-22T14:00:00Z,38,STATION,0.43503591418266296,0.5501512885093689,7.329119682312012,0.6966666579246521,0.009999999776482582
2026-01-21,2026-01-22T15:00:00Z,39,STATION,0.4236268699169159,0.5362585783004761,7.251216411590576,0.7908333539962769,0.009999999776482582
2026-01-21,2026-01-22T16:00:00Z,40,STATION,0.6169329285621643,0.8985570669174194,10.057219505310059,0.6675000190734863,0.009999999776482582
2026-01-21,2026-01-22T17:00:00Z,41,STATION,0.6017628908157349,0.6948866844177246,8.466885566711426,0.8583333492279053,0.013333333656191826
2026-01-21,2026-01-22T18:00:00Z,42,STATION,0.646933376789093,0.8796348571777344,9.655924797058105,0.9800000190734863,0.1041666641831398
2026-01-21,2026-01-22T19:00:00Z,43,STATION,0.7016167044639587,0.8278149366378784,9.294153213500977,0.9850000143051147,0.21916666626930237
2026-01-21,2026-01-22T20:00:00Z,44,STATION,0.5578938126564026,0.7938909530639648,9.151815414428711,0.9858333468437195,0.2541666626930237
2026-01-21,2026-01-22T21:00:00Z,45,STATION,0.4689439833164215,0.6839063167572021,8.296903610229492,0.9900000095367432,0.4233333468437195
2026-01-21,2026-01-22T22:00:00Z,46,STATION,0.4076663851737976,0.6821184754371643,7.942769527435303,0.9208333492279053,0.43416666984558105
2026-01-21,2026-01-22T23:00:00Z,47,STATION,0.2517230808734894,0.4954223036766052,7.058353900909424,0.6858333349227905,0.7941666841506958
2026-01-21,2026-01-23T00:00:00Z,48,STATION,0.237192302942276,0.43316400051116943,6.713600158691406,0.4025000035762787,0.8991666436195374
2026-01-21,2026-01-21T01:00:00Z,1,T1,0.7127386331558228,0.7141666412353516,8.8042631149292,0.8483333587646484,0.09166666865348816
2026-01-21,2026-01-21T02:00:00Z,2,T1,0.6908659934997559,0.753495991230011,9.001869201660156,0.9983333349227905,0.009999999776482582
2026-01-21,2026-01-21T03:00:00Z,3,T1,0.6491488814353943,0.7357705235481262,8.944689750671387,0.9900000095367432,0.009999999776482582
2026-01-21,2026-01-21T04:00:00Z,4,T1,0.667539119720459,0.7141666412353516,8.770085334777832,0.9900000095367432,0.009999999776482582
2026-01-21,2026-01-21T05:00:00Z,5,T1,0.7679764628410339,0.9020576477050781,10.067947387695312,0.9866666793823242,0.009999999776482582
2026-01-21,2026-01-21T06:00:00Z,6,T1,0.7743280529975891,0.9056230187416077,10.904267311096191,0.949999988079071,0.05166666582226753
2026-01-21,2026-01-21T07:00:00Z,7,T1,0.7084038257598877,0.8930860757827759,9.924384117126465,0.9900000095367432,0.021666666492819786
2026-01-21,2026-01-21T08:00:00Z,8,T1,0.9229050874710083,0.9056230187416077,10.125643730163574,0.9883333444595337,0.018333332613110542
2026-01-21,2026-01-21T09:00:00Z,9,T1,0.9686914682388306,0.892566978931427,9.91607666015625,0.9900000095367432,0.06333333253860474
2026-01-21,2026-01-21T10:00:00Z,10,T1,0.8756020665168762,0.8423622250556946,9.330522537231445,0.9750000238418579,0.0716666653752327
2026-01-21,2026-01-21T11:00:00Z,11,T1,0.760015070438385,0.6846190690994263,8.317861557006836,0.9700000286102295,0.023333333432674408
2026-01-21,2026-01-21T12:00:00Z,12,T1,0.6794698238372803,0.5325828194618225,7.20713996887207,0.9900000095367432,0.009999999776482582
2026-01-21,2026-01-21T13:00:00Z,13,T1,0.8025411367416382,0.39407879114151,6.3495683670043945,0.7649999856948853,0.009999999776482582
2026-01-21,2026-01-21T14:00:00Z,14,T1,0.5773743391036987,0.44223207235336304,6.723618984222412,0.11166666448116302,0.009999999776482582
2026-01-21,2026-01-21T15:00:00Z,15,T1,0.6192580461502075,0.6833333373069763,7.893550395965576,0.15333333611488342,0.009999999776482582
2026-01-21,2026-01-21T16:00:00Z,16,T1,0.669232964515686,0.6935901641845703,8.448630332946777,0.2083333283662796,0.009999999776482582
2026-01-21,2026-01-21T17:00:00Z,17,T1,0.6904584169387817,0.6909399628639221,8.42591381072998,0.14666666090488434,0.013333333656191826
2026-01-21,2026-01-21T18:00:00Z,18,T1,0.5244429707527161,0.688708484172821,8.406786918640137,0.25833332538604736,0.11166666448116302
2026-01-21,2026-01-21T19:00:00Z,19,T1,0.4838370382785797,0.6833333373069763,7.94952917098999,0.3316666781902313,0.23000000417232513
2026-01-21,2026-01-21T20:00:00Z,20,T1,0.4772586226463318,0.6833333373069763,7.915553569793701,0.6383333206176758,0.2549999952316284
2026-01-21,2026-01-21T21:00:00Z,21,T1,0.3251248598098755,0.4860897958278656,6.999391555786133,0.37833333015441895,0.3933333456516266
2026-01-21,2026-01-21T22:00:00Z,22,T1,0.2996862232685089,0.23446208238601685,5.2830963134765625,0.44333332777023315,0.4266666769981384
2026-01-21,2026-01-21T23:00:00Z,23,T1,0.16549856960773468,0.03793161362409592,2.4698710441589355,0.3633333444595337,0.7950000166893005
2026-01-21,2026-01-22T00:00:00Z,24,T1,0.11224303394556046,0.0,1.1157163381576538,0.351666659116745,0.8899999856948853
2026-01-21,2026-01-22T01:00:00Z,25,T1,0.013766717165708542,0.0,1.0148131847381592,0.30666667222976685,0.09166666865348816
2026-01-21,2026-01-22T02:00:00Z,26,T1,0.06434603035449982,0.0,1.1867831945419312,0.02500000037252903,0.009999999776482582
2026-01-21,2026-01-22T03:00:00Z,27,T1,0.09532731771469116,0.020935915410518646,1.5153871774673462,0.018333332613110542,0.009999999776482582
2026-01-21,2026-01-22T04:00:00Z,28,T1,0.0,0.3186969757080078,6.159530162811279,0.009999999776482582,0.009999999776482582
2026-01-21,2026-01-22T05:00:00Z,29,T1,0.29268887639045715,0.39233583211898804,6.345174312591553,0.03999999910593033,0.009999999776482582
2026-01-21,2026-01-22T06:00:00Z,30,T1,0.30515408515930176,0.10853290557861328,3.9149909019470215,0.011666666716337204,0.05166666582226753
2026-01-21,2026-01-22T07:00:00Z,31,T1,0.1998002827167511,0.02495502680540085,2.1182539463043213,0.009999999776482582,0.021666666492819786
2026-01-21,2026-01-22T08:00:00Z,32,T1,0.1653628647327423,0.06229455769062042,3.2438366413116455,0.021666666492819786,0.018333332613110542
2026-01-21,2026-01-22T09:00:00Z,33,T1,0.29294833540916443,0.15558011829853058,4.607044219970703,0.27666667103767395,0.06333333253860474
2026-01-21,2026-01-22T10:00:00Z,34,T1,0.18078139424324036,0.27098143100738525,5.729226589202881,0.351666659116745,0.0716666653752327
2026-01-21,2026-01-22T11:00:00Z,35,T1,0.46718254685401917,0.2520502805709839,5.4985833168029785,0.3149999976158142,0.023333333432674408
2026-01-21,2026-01-22T12:00:00Z,36,T1,0.2814139127731323,0.4368976652622223,6.650876998901367,0.6133333444595337,0.009999999776482582
2026-01-21,2026-01-22T13:00:00Z,37,T1,0.3027615249156952,0.5199291110038757,7.129668235778809,0.3333333432674408,0.009999999776482582
2026-01-21,2026-01-22T14:00:00Z,38,T1,0.3863777816295624,0.5525062084197998,7.329119682312012,0.675000011920929,0.009999999776482582
2026-01-21,2026-01-22T15:00:00Z,39,T1,0.3523308336734772,0.5397820472717285,7.251216411590576,0.7599999904632568,0.009999999776482582
2026-01-21,2026-01-22T16:00:00Z,40,T1,0.6321700811386108,0.9013872742652893,10.057219505310059,0.6516666412353516,0.009999999776482582
2026-01-21,2026-01-22T17:00:00Z,41,T1,0.5308943390846252,0.6957200169563293,8.466885566711426,0.8600000143051147,0.013333333656191826
2026-01-21,2026-01-22T18:00:00Z,42,T1,0.6319656372070312,0.8899999856948853,9.655924797058105,0.9833333492279053,0.11166666448116302
2026-01-21,2026-01-22T19:00:00Z,43,T1,0.6550218462944031,0.8333911895751953,9.294153213500977,0.9900000095367432,0.23000000417232513
2026-01-21,2026-01-22T20:00:00Z,44,T1,0.5300453901290894,0.7982810735702515,9.151815414428711,0.9900000095367432,0.2549999952316284
2026-01-21,2026-01-22T21:00:00Z,45,T1,0.44389092922210693,0.6844793558120728,8.296903610229492,0.9900000095367432,0.3933333456516266
2026-01-21,2026-01-22T22:00:00Z,46,T1,0.3234157860279083,0.6833333373069763,7.942769527435303,0.9200000166893005,0.4266666769981384
2026-01-21,2026-01-22T23:00:00Z,47,T1,0.17613831162452698,0.5016165375709534,7.058353900909424,0.6850000023841858,0.7950000166893005
2026-01-21,2026-01-23T00:00:00Z,48,T1,0.2055487185716629,0.4414973556995392,6.713600158691406,0.4033333361148834,0.8899999856948853
2026-01-21,2026-01-21T01:00:00Z,1,T2,0.688107967376709,0.7124999761581421,8.8042631149292,0.8566666841506958,0.061666667461395264
2026-01-21,2026-01-21T02:00:00Z,2,T2,0.6383350491523743,0.7484461665153503,9.001869201660156,0.9850000143051147,0.009999999776482582
2026-01-21,2026-01-21T03:00:00Z,3,T2,0.6702064275741577,0.7322454452514648,8.944689750671387,0.9816666841506958,0.008333333767950535
2026-01-21,2026-01-21T04:00:00Z,4,T2,0.6939483284950256,0.7124999761581421,8.770085334777832,0.9900000095367432,0.008333333767950535
2026-01-21,2026-01-21T05:00:00Z,5,T2,0.807853639125824,0.8972414135932922,10.067947387695312,0.9833333492279053,0.009999999776482582
2026-01-21,2026-01-21T06:00:00Z,6,T2,0.8198296427726746,0.9052965044975281,10.904267311096191,0.9383333325386047,0.05833333358168602
2026-01-21,2026-01-21T07:00:00Z,7,T2,0.8442420959472656,0.8769722580909729,9.924384117126465,0.9900000095367432,0.021666666492819786
2026-01-21,2026-01-21T08:00:00Z,8,T2,0.9285222291946411,0.9052965044975281,10.125643730163574,0.9900000095367432,0.018333332613110542
2026-01-21,2026-01-21T09:00:00Z,9,T2,0.8866777420043945,0.8757994771003723,9.91607666015625,0.9900000095367432,0.07000000029802322
2026-01-21,2026-01-21T10:00:00Z,10,T2,0.8434174656867981,0.8306035399436951,9.330522537231445,0.9800000190734863,0.05666666850447655
2026-01-21,2026-01-21T11:00:00Z,11,T2,0.7392445206642151,0.6833333373069763,8.317861557006836,0.9766666889190674,0.029999999329447746
2026-01-21,2026-01-21T12:00:00Z,12,T2,0.6041275262832642,0.5242136716842651,7.20713996887207,0.9900000095367432,0.009999999776482582
2026-01-21,2026-01-21T13:00:00Z,13,T2,0.6615146398544312,0.38349977135658264,6.3495683670043945,0.7149999737739563,0.008333333767950535
2026-01-21,2026-01-21T14:00:00Z,14,T2,0.5487189888954163,0.4255653917789459,6.723618984222412,0.0833333358168602,0.009999999776482582
2026-01-21,2026-01-21T15:00:00Z,15,T2,0.6246743202209473,0.6802473664283752,7.893550395965576,0.08166666328907013,0.009999999776482582
2026-01-21,2026-01-21T16:00:00Z,16,T2,0.6447238922119141,0.6919234991073608,8.448630332946777,0.25833332538604736,0.009999999776482582
2026-01-21,2026-01-21T17:00:00Z,17,T2,0.5345075130462646,0.6892732977867126,8.42591381072998,0.11833333224058151,0.013333333656191826
2026-01-21,2026-01-21T18:00:00Z,18,T2,0.3481149673461914,0.6870418190956116,8.406786918640137,0.2433333396911621,0.09666666388511658
2026-01-21,2026-01-21T19:00:00Z,19,T2,0.38510334491729736,0.6809937357902527,7.94952917098999,0.3583333194255829,0.2083333283662796
2026-01-21,2026-01-21T20:00:00Z,20,T2,0.35516971349716187,0.6805407404899597,7.915553569793701,0.6016666889190674,0.25333333015441895
2026-01-21,2026-01-21T21:00:00Z,21,T2,0.23300303518772125,0.4723255932331085,6.999391555786133,0.3866666555404663,0.4533333480358124
2026-01-21,2026-01-21T22:00:00Z,22,T2,0.297641396522522,0.22090810537338257,5.2830963134765625,0.4266666769981384,0.4416666626930237
2026-01-21,2026-01-21T23:00:00Z,23,T2,0.12352574616670609,0.033965807408094406,2.4698710441589355,0.28833332657814026,0.7933333516120911
2026-01-21,2026-01-22T00:00:00Z,24,T2,0.08144973963499069,0.0,1.1157163381576538,0.2383333295583725,0.9083333611488342
2026-01-21,2026-01-22T01:00:00Z,25,T2,0.00045211956603452563,0.0,1.0148131847381592,0.2133333384990692,0.061666667461395264
2026-01-21,2026-01-22T02:00:00Z,26,T2,0.035167012363672256,0.0,1.1867831945419312,0.018333332613110542,0.009999999776482582
2026-01-21,2026-01-22T03:00:00Z,27,T2,0.024998096749186516,0.020205162465572357,1.5153871774673462,0.019999999552965164,0.008333333767950535
2026-01-21,2026-01-22T04:00:00Z,28,T2,0.027850328013300896,0.3100183606147766,6.159530162811279,0.009999999776482582,0.008333333767950535
2026-01-21,2026-01-22T05:00:00Z,29,T2,0.2695465683937073,0.38180074095726013,6.345174312591553,0.036666665226221085,0.009999999776482582
2026-01-21,2026-01-22T06:00:00Z,30,T2,0.19421841204166412,0.09958295524120331,3.9149909019470215,0.008333333767950535,0.05833333358168602
2026-01-21,2026-01-22T07:00:00Z,31,T2,0.23207704722881317,0.023288359865546227,2.1182539463043213,0.008333333767950535,0.021666666492819786
2026-01-21,2026-01-22T08:00:00Z,32,T2,0.22294436395168304,0.055710069835186005,3.2438366413116455,0.014999999664723873,0.018333332613110542
2026-01-21,2026-01-22T09:00:00Z,33,T2,0.30721795558929443,0.1494475156068802,4.607044219970703,0.273333340883255,0.07000000029802322
2026-01-21,2026-01-22T10:00:00Z,34,T2,0.18350106477737427,0.2561175227165222,5.729226589202881,0.3799999952316284,0.05666666850447655
2026-01-21,2026-01-22T11:00:00Z,35,T2,0.5146586894989014,0.23994334042072296,5.4985833168029785,0.31333333253860474,0.029999999329447746
2026-01-21,2026-01-22T12:00:00Z,36,T2,0.3820371627807617,0.4202309846878052,6.650876998901367,0.6066666841506958,0.009999999776482582
2026-01-21,2026-01-22T13:00:00Z,37,T2,0.33330103754997253,0.5092358589172363,7.129668235778809,0.3766666650772095,0.008333333767950535
2026-01-21,2026-01-22T14:00:00Z,38,T2,0.48369404673576355,0.5477964282035828,7.329119682312012,0.7183333039283752,0.009999999776482582
2026-01-21,2026-01-22T15:00:00Z,39,T2,0.494922935962677,0.5327351689338684,7.251216411590576,0.8216666579246521,0.009999999776482582
2026-01-21,2026-01-22T16:00:00Z,40,T2,0.6016958355903625,0.8957268595695496,10.057219505310059,0.6833333373069763,0.009999999776482582
2026-01-21,2026-01-22T17:00:00Z,41,T2,0.6726315021514893,0.6940533518791199,8.466885566711426,0.8566666841506958,0.013333333656191826
2026-01-21,2026-01-22T18:00:00Z,42,T2,0.6619011759757996,0.8692697286605835,9.655924797058105,0.9766666889190674,0.09666666388511658
2026-01-21,2026-01-22T19:00:00Z,43,T2,0.7482115030288696,0.8222386240959167,9.294153213500977,0.9800000190734863,0.2083333283662796
2026-01-21,2026-01-22T20:00:00Z,44,T2,0.5857422351837158,0.7895007729530334,9.151815414428711,0.9816666841506958,0.25333333015441895
2026-01-21,2026-01-22T21:00:00Z,45,T2,0.49399706721305847,0.6833333373069763,8.296903610229492,0.9900000095367432,0.4533333480358124
2026-01-21,2026-01-22T22:00:00Z,46,T2,0.4919169545173645,0.6809036135673523,7.942769527435303,0.92166668176651,0.4416666626930237
2026-01-21,2026-01-22T23:00:00Z,47,T2,0.3273078501224518,0.48922809958457947,7.058353900909424,0.6866666674613953,0.7933333516120911
2026-01-21,2026-01-23T00:00:00Z,48,T2,0.2688358724117279,0.42483067512512207,6.713600158691406,0.40166667103767395,0.9083333611488342
2026-01-22,2026-01-22T01:00:00Z,1,STATION,0.11544272303581238,0.2293100357055664,5.281792163848877,0.25999999046325684,0.8525000214576721
2026-01-22,2026-01-22T02:00:00Z,2,STATION,0.052917368710041046,0.053368616849184036,3.020881414413452,0.021666666492819786,0.9916666746139526
2026-01-22,2026-01-22T03:00:00Z,3,STATION,0.0,0.047340068966150284,2.7986483573913574,0.019166667014360428,0.9858333468437195
2026-01-22,2026-01-22T04:00:00Z,4,STATION,0.02730119228363037,0.2503099739551544,5.633166313171387,0.009999999776482582,0.9900000095367432
2026-01-22,2026-01-22T05:00:00Z,5,STATION,0.14358560740947723,0.18387725949287415,4.901007175445557,0.038333334028720856,0.9850000143051147
2026-01-22,2026-01-22T06:00:00Z,6,STATION,0.21319469809532166,0.02366691455245018,2.050037145614624,0.009999999776482582,0.9441666603088379
2026-01-22,2026-01-22T07:00:00Z,7,STATION,0.19717822968959808,0.11262958496809006,4.216972351074219,0.009166666306555271,0.9900000095367432
2026-01-22,2026-01-22T08:00:00Z,8,STATION,0.20428059995174408,0.03729526698589325,2.594290256500244,0.018333332613110542,0.9891666769981384
2026-01-22,2026-01-22T09:00:00Z,9,STATION,0.18121635913848877,0.04486968368291855,2.7550532817840576,0.2750000059604645,0.9900000095367432
2026-01-22,2026-01-22T10:00:00Z,10,STATION,0.25611814856529236,0.25969845056533813,5.700226783752441,0.3658333420753479,0.9775000214576721
2026-01-22,2026-01-22T11:00:00Z,11,STATION,0.38492757081985474,0.16006098687648773,4.66923189163208,0.3141666650772095,0.9733333587646484
2026-01-22,2026-01-22T12:00:00Z,12,STATION,0.39724451303482056,0.7057129144668579,8.562358856201172,0.6100000143051147,0.9900000095367432
2026-01-22,2026-01-22T13:00:00Z,13,STATION,0.4954773783683777,0.7020135521888733,8.530190467834473,0.35499998927116394,0.7400000095367432
2026-01-22,2026-01-22T14:00:00Z,14,STATION,0.48835307359695435,0.4650864005088806,6.954206943511963,0.6966666579246521,0.09749999642372131
2026-01-22,2026-01-22T15:00:00Z,15,STATION,0.5340144038200378,0.8317624926567078,9.30639934539795,0.7908333539962769,0.11749999970197678
2026-01-22,2026-01-22T16:00:00Z,16,STATION,0.7814235091209412,0.8868129849433899,9.812060356140137,0.6675000190734863,0.23333333432674408
2026-01-22,2026-01-22T17:00:00Z,17,STATION,0.7475765943527222,0.7935513854026794,9.13530445098877,0.8583333492279053,0.13249999284744263
2026-01-22,2026-01-22T18:00:00Z,18,STATION,0.8345419764518738,0.8044418692588806,9.184067726135254,0.9800000190734863,0.25083333253860474
2026-01-22,2026-01-22T19:00:00Z,19,STATION,0.7481492757797241,0.9056716561317444,10.688355445861816,0.9850000143051147,0.3449999988079071
2026-01-22,2026-01-22T20:00:00Z,20,STATION,0.7555155158042908,0.8466222882270813,9.37293529510498,0.9858333468437195,0.6200000047683716
2026-01-22,2026-01-22T21:00:00Z,21,STATION,0.738555371761322,0.8109948039054871,9.213409423828125,0.9900000095367432,0.3824999928474426
2026-01-22,2026-01-22T22:00:00Z,22,STATION,0.5707860589027405,0.6811215281486511,8.084115982055664,0.9208333492279053,0.4350000023841858
2026-01-22,2026-01-22T23:00:00Z,23,STATION,0.5074267387390137,0.7154768109321594,8.72740650177002,0.6858333349227905,0.3258333206176758
2026-01-22,2026-01-23T00:00:00Z,24,STATION,0.39005762338638306,0.5822423696517944,7.566817760467529,0.4025000035762787,0.29499998688697815
2026-01-22,2026-01-23T01:00:00Z,25,STATION,0.2661740481853485,0.4029812812805176,6.421982288360596,0.4675000011920929,0.8525000214576721
2026-01-22,2026-01-23T02:00:00Z,26,STATION,0.22715318202972412,0.2751316726207733,5.810464382171631,0.3191666603088379,0.9916666746139526
2026-01-22,2026-01-23T03:00:00Z,27,STATION,0.19527550041675568,0.33066418766975403,6.202148914337158,0.4350000023841858,0.9858333468437195
2026-01-22,2026-01-23T04:00:00Z,28,STATION,0.15502960979938507,0.1642962098121643,4.709567070007324,0.8924999833106995,0.9900000095367432
2026-01-22,2026-01-23T05:00:00Z,29,STATION,0.1181674674153328,0.05395673215389252,3.071291208267212,0.8824999928474426,0.9850000143051147
2026-01-22,2026-01-23T06:00:00Z,30,STATION,0.06650779396295547,0.07402155548334122,3.5252811908721924,0.7908333539962769,0.9441666603088379
2026-01-22,2026-01-23T07:00:00Z,31,STATION,0.08513179421424866,0.04478705674409866,2.7535951137542725,0.2750000059604645,0.9900000095367432
2026-01-22,2026-01-23T08:00:00Z,32,STATION,0.07997105270624161,0.051992494612932205,2.902928113937378,0.19333332777023315,0.9891666769981384
2026-01-22,2026-01-23T09:00:00Z,33,STATION,0.10168782621622086,0.05806012079119682,3.2347934246063232,0.11249999701976776,0.9900000095367432
2026-01-22,2026-01-23T10:00:00Z,34,STATION,0.1464902013540268,0.03702791780233383,2.554187774658203,0.20749999582767487,0.9775000214576721
2026-01-22,2026-01-23T11:00:00Z,35,STATION,0.17208996415138245,0.07340532541275024,3.5172433853149414,0.5383333563804626,0.9733333587646484
2026-01-22,2026-01-23T12:00:00Z,36,STATION,0.09955677390098572,0.31626954674720764,6.164921283721924,0.6108333468437195,0.9900000095367432
2026-01-22,2026-01-23T13:00:00Z,37,STATION,0.22396314144134521,0.4451269507408142,6.8711371421813965,0.45249998569488525,0.7400000095367432
2026-01-22,2026-01-23T14:00:00Z,38,STATION,0.3538661599159241,0.5270445942878723,7.224379062652588,0.24666666984558105,0.09749999642372131
2026-01-22,2026-01-23T15:00:00Z,39,STATION,0.41299232840538025,0.4289480447769165,6.655418395996094,0.12333333492279053,0.11749999970197678
2026-01-22,2026-01-23T16:00:00Z,40,STATION,0.3803772032260895,0.40860217809677124,6.470161437988281,0.014999999664723873,0.23333333432674408
2026-01-22,2026-01-23T17:00:00Z,41,STATION,0.3997993767261505,0.43581584095954895,6.7469892501831055,0.04583333432674408,0.13249999284744263
2026-01-22,2026-01-23T18:00:00Z,42,STATION,0.4213407337665558,0.43150702118873596,6.68953800201416,0.015833333134651184,0.25083333253860474
2026-01-22,2026-01-23T19:00:00Z,43,STATION,0.41851305961608887,0.4063059091567993,6.450479030609131,0.009999999776482582,0.3449999988079071
2026-01-22,2026-01-23T20:00:00Z,44,STATION,0.28118252754211426,0.24681814014911652,5.48408842086792,0.010833333246409893,0.6200000047683716
2026-01-22,2026-01-23T21:00:00Z,45,STATION,0.18740850687026978,0.1524195671081543,4.606461048126221,0.009999999776482582,0.3824999928474426
2026-01-22,2026-01-23T22:00:00Z,46,STATION,0.10837490856647491,0.10048744082450867,3.894373893737793,0.009999999776482582,0.4350000023841858
2026-01-22,2026-01-23T23:00:00Z,47,STATION,0.06668088585138321,0.05395282432436943,3.0709564685821533,0.009999999776482582,0.3258333206176758
2026-01-22,2026-01-24T00:00:00Z,48,STATION,0.0997791662812233,0.036926429718732834,2.5389647483825684,0.009999999776482582,0.29499998688697815
2026-01-22,2026-01-22T01:00:00Z,1,T1,0.11397118866443634,0.23738928139209747,5.281792163848877,0.30666667222976685,0.8483333587646484
2026-01-22,2026-01-22T02:00:00Z,2,T1,0.0923442617058754,0.055278416723012924,3.020881414413452,0.02500000037252903,0.9983333349227905
2026-01-22,2026-01-22T03:00:00Z,3,T1,0.0,0.049261242151260376,2.7986483573913574,0.018333332613110542,0.9900000095367432
2026-01-22,2026-01-22T04:00:00Z,4,T1,0.0,0.2562794089317322,5.633166313171387,0.009999999776482582,0.9900000095367432
2026-01-22,2026-01-22T05:00:00Z,5,T1,0.1672804206609726,0.18751400709152222,4.901007175445557,0.03999999910593033,0.9866666793823242
2026-01-22,2026-01-22T06:00:00Z,6,T1,0.2848852574825287,0.024500247091054916,2.050037145614624,0.011666666716337204,0.949999988079071
2026-01-22,2026-01-22T07:00:00Z,7,T1,0.24586214125156403,0.11789296567440033,4.216972351074219,0.009999999776482582,0.9900000095367432
2026-01-22,2026-01-22T08:00:00Z,8,T1,0.2322658747434616,0.03979526832699776,2.594290256500244,0.021666666492819786,0.9883333444595337
2026-01-22,2026-01-22T09:00:00Z,9,T1,0.26149776577949524,0.04693617299199104,2.7550532817840576,0.27666667103767395,0.9900000095367432
2026-01-22,2026-01-22T10:00:00Z,10,T1,0.2542183995246887,0.26678556203842163,5.700226783752441,0.351666659116745,0.9750000238418579
2026-01-22,2026-01-22T11:00:00Z,11,T1,0.38604122400283813,0.16305138170719147,4.66923189163208,0.3149999976158142,0.9700000286102295
2026-01-22,2026-01-22T12:00:00Z,12,T1,0.37508776783943176,0.7074830532073975,8.562358856201172,0.6133333444595337,0.9900000095367432
2026-01-22,2026-01-22T13:00:00Z,13,T1,0.5131672620773315,0.7036228775978088,8.530190467834473,0.3333333432674408,0.7649999856948853
2026-01-22,2026-01-22T14:00:00Z,14,T1,0.4936818778514862,0.4728710353374481,6.954206943511963,0.675000011920929,0.11166666448116302
2026-01-22,2026-01-22T15:00:00Z,15,T1,0.49558520317077637,0.8375551104545593,9.30639934539795,0.7599999904632568,0.15333333611488342
2026-01-22,2026-01-22T16:00:00Z,16,T1,0.7585461735725403,0.9036259651184082,9.812060356140137,0.6516666412353516,0.2083333283662796
2026-01-22,2026-01-22T17:00:00Z,17,T1,0.7655129432678223,0.7982034087181091,9.13530445098877,0.8600000143051147,0.14666666090488434
2026-01-22,2026-01-22T18:00:00Z,18,T1,0.8368403911590576,0.8094189763069153,9.184067726135254,0.9833333492279053,0.25833332538604736
2026-01-22,2026-01-22T19:00:00Z,19,T1,0.7455341815948486,0.9059675335884094,10.688355445861816,0.9900000095367432,0.3316666781902313
2026-01-22,2026-01-22T20:00:00Z,20,T1,0.7679367065429688,0.8528585433959961,9.37293529510498,0.9900000095367432,0.6383333206176758
2026-01-22,2026-01-22T21:00:00Z,21,T1,0.7390166521072388,0.8161675333976746,9.213409423828125,0.9900000095367432,0.37833333015441895
2026-01-22,2026-01-22T22:00:00Z,22,T1,0.5624988079071045,0.6820911765098572,8.084115982055664,0.9200000166893005,0.44333332777023315
2026-01-22,2026-01-22T23:00:00Z,23,T1,0.43363749980926514,0.716365396976471,8.72740650177002,0.6850000023841858,0.3633333444595337
2026-01-22,2026-01-23T00:00:00Z,24,T1,0.3800932765007019,0.5966968536376953,7.566817760467529,0.4033333361148834,0.351666659116745
2026-01-22,2026-01-23T01:00:00Z,25,T1,0.28891608119010925,0.40928444266319275,6.421982288360596,0.4533333480358124,0.8483333587646484
2026-01-22,2026-01-23T02:00:00Z,26,T1,0.2352174073457718,0.28405606746673584,5.810464382171631,0.3149999976158142,0.9983333349227905
2026-01-22,2026-01-23T03:00:00Z,27,T1,0.2086578607559204,0.33534517884254456,6.202148914337158,0.43833333253860474,0.9900000095367432
2026-01-22,2026-01-23T04:00:00Z,28,T1,0.14124608039855957,0.1673538237810135,4.709567070007324,0.8899999856948853,0.9900000095367432
2026-01-22,2026-01-23T05:00:00Z,29,T1,0.13220354914665222,0.05595054849982262,3.071291208267212,0.8766666650772095,0.9866666793823242
2026-01-22,2026-01-23T06:00:00Z,30,T1,0.06168406084179878,0.07868915796279907,3.5252811908721924,0.800000011920929,0.949999988079071
2026-01-22,2026-01-23T07:00:00Z,31,T1,0.08791426569223404,0.04685840755701065,2.7535951137542725,0.27166667580604553,0.9900000095367432
2026-01-22,2026-01-23T08:00:00Z,32,T1,0.0909990593791008,0.05370570719242096,2.902928113937378,0.1850000023841858,0.9883333444595337
2026-01-22,2026-01-23T09:00:00Z,33,T1,0.09746076911687851,0.061058398336172104,3.2347934246063232,0.11500000208616257,0.9900000095367432
2026-01-22,2026-01-23T10:00:00Z,34,T1,0.1675427407026291,0.03952791914343834,2.554187774658203,0.20333333313465118,0.9750000238418579
2026-01-22,2026-01-23T11:00:00Z,35,T1,0.18294675648212433,0.07804614305496216,3.5172433853149414,0.5366666913032532,0.9700000286102295
2026-01-22,2026-01-23T12:00:00Z,36,T1,0.13057538866996765,0.32070234417915344,6.164921283721924,0.6033333539962769,0.9900000095367432
2026-01-22,2026-01-23T13:00:00Z,37,T1,0.24224397540092468,0.45305004715919495,6.8711371421813965,0.43833333253860474,0.7649999856948853
2026-01-22,2026-01-23T14:00:00Z,38,T1,0.36254534125328064,0.5322257280349731,7.224379062652588,0.24666666984558105,0.11166666448116302
2026-01-22,2026-01-23T15:00:00Z,39,T1,0.4026128649711609,0.4372306764125824,6.655418395996094,0.12166666984558105,0.15333333611488342
2026-01-22,2026-01-23T16:00:00Z,40,T1,0.35754361748695374,0.4153871238231659,6.470161437988281,0.01666666753590107,0.2083333283662796
2026-01-22,2026-01-23T17:00:00Z,41,T1,0.37106385827064514,0.44394588470458984,6.7469892501831055,0.04500000178813934,0.14666666090488434
2026-01-22,2026-01-23T18:00:00Z,42,T1,0.4177471697330475,0.43973278999328613,6.68953800201416,0.01666666753590107,0.25833332538604736
2026-01-22,2026-01-23T19:00:00Z,43,T1,0.41329631209373474,0.41289404034614563,6.450479030609131,0.009999999776482582,0.3316666781902313
2026-01-22,2026-01-23T20:00:00Z,44,T1,0.2853676676750183,0.25453028082847595,5.48408842086792,0.009999999776482582,0.6383333206176758
2026-01-22,2026-01-23T21:00:00Z,45,T1,0.18266454339027405,0.1554907262325287,4.606461048126221,0.009999999776482582,0.37833333015441895
2026-01-22,2026-01-23T22:00:00Z,46,T1,0.11103381216526031,0.10436660051345825,3.894373893737793,0.009999999776482582,0.44333332777023315
2026-01-22,2026-01-23T23:00:00Z,47,T1,0.06359174847602844,0.05594608560204506,3.0709564685821533,0.009999999776482582,0.3633333444595337
2026-01-22,2026-01-24T00:00:00Z,48,T1,0.1301969587802887,0.03942643105983734,2.5389647483825684,0.009999999776482582,0.351666659116745
2026-01-22,2026-01-22T01:00:00Z,1,T2,0.11691424995660782,0.22123079001903534,5.281792163848877,0.2133333384990692,0.8566666841506958
2026-01-22,2026-01-22T02:00:00Z,2,T2,0.013490474782884121,0.05145881325006485,3.020881414413452,0.018333332613110542,0.9850000143051147
2026-01-22,2026-01-22T03:00:00Z,3,T2,0.0,0.04541889578104019,2.7986483573913574,0.019999999552965164,0.9816666841506958
2026-01-22,2026-01-22T04:00:00Z,4,T2,0.05460238456726074,0.24434052407741547,5.633166313171387,0.009999999776482582,0.9900000095367432
2026-01-22,2026-01-22T05:00:00Z,5,T2,0.11989080905914307,0.18024051189422607,4.901007175445557,0.036666665226221085,0.9833333492279053
2026-01-22,2026-01-22T06:00:00Z,6,T2,0.14150415360927582,0.022833582013845444,2.050037145614624,0.008333333767950535,0.9383333325386047
2026-01-22,2026-01-22T07:00:00Z,7,T2,0.14849433302879333,0.10736620426177979,4.216972351074219,0.008333333767950535,0.9900000095367432
2026-01-22,2026-01-22T08:00:00Z,8,T2,0.17629532516002655,0.03479526937007904,2.594290256500244,0.014999999664723873,0.9900000095367432
2026-01-22,2026-01-22T09:00:00Z,9,T2,0.1009349450469017,0.042803194373846054,2.7550532817840576,0.273333340883255,0.9900000095367432
2026-01-22,2026-01-22T10:00:00Z,10,T2,0.258017897605896,0.25261133909225464,5.700226783752441,0.3799999952316284,0.9800000190734863
2026-01-22,2026-01-22T11:00:00Z,11,T2,0.38381388783454895,0.1570706069469452,4.66923189163208,0.31333333253860474,0.9766666889190674
2026-01-22,2026-01-22T12:00:00Z,12,T2,0.41940125823020935,0.7039427757263184,8.562358856201172,0.6066666841506958,0.9900000095367432
2026-01-22,2026-01-22T13:00:00Z,13,T2,0.4777875244617462,0.7004042863845825,8.530190467834473,0.3766666650772095,0.7149999737739563
2026-01-22,2026-01-22T14:00:00Z,14,T2,0.4830242693424225,0.4573017358779907,6.954206943511963,0.7183333039283752,0.0833333358168602
2026-01-22,2026-01-22T15:00:00Z,15,T2,0.5724436640739441,0.8259698152542114,9.30639934539795,0.8216666579246521,0.08166666328907013
2026-01-22,2026-01-22T16:00:00Z,16,T2,0.804300844669342,0.8700000047683716,9.812060356140137,0.6833333373069763,0.25833332538604736
2026-01-22,2026-01-22T17:00:00Z,17,T2,0.7296403050422668,0.7888993620872498,9.13530445098877,0.8566666841506958,0.11833333224058151
2026-01-22,2026-01-22T18:00:00Z,18,T2,0.8322435021400452,0.799464762210846,9.184067726135254,0.9766666889190674,0.2433333396911621
2026-01-22,2026-01-22T19:00:00Z,19,T2,0.7507643699645996,0.9053757786750793,10.688355445861816,0.9800000190734863,0.3583333194255829
2026-01-22,2026-01-22T20:00:00Z,20,T2,0.7430943250656128,0.8403860926628113,9.37293529510498,0.9816666841506958,0.6016666889190674
2026-01-22,2026-01-22T21:00:00Z,21,T2,0.7380940914154053,0.8058220744132996,9.213409423828125,0.9900000095367432,0.3866666555404663
2026-01-22,2026-01-22T22:00:00Z,22,T2,0.5790732502937317,0.6801519393920898,8.084115982055664,0.92166668176651,0.4266666769981384
2026-01-22,2026-01-22T23:00:00Z,23,T2,0.581216037273407,0.7145882248878479,8.72740650177002,0.6866666674613953,0.28833332657814026
2026-01-22,2026-01-23T00:00:00Z,24,T2,0.4000219404697418,0.5677878260612488,7.566817760467529,0.40166667103767395,0.2383333295583725
2026-01-22,2026-01-23T01:00:00Z,25,T2,0.24343201518058777,0.3966781198978424,6.421982288360596,0.4816666543483734,0.8566666841506958
2026-01-22,2026-01-23T02:00:00Z,26,T2,0.21908894181251526,0.2662072479724884,5.810464382171631,0.3233333230018616,0.9850000143051147
2026-01-22,2026-01-23T03:00:00Z,27,T2,0.18189314007759094,0.3259831964969635,6.202148914337158,0.43166667222976685,0.9816666841506958
2026-01-22,2026-01-23T04:00:00Z,28,T2,0.16881312429904938,0.16123859584331512,4.709567070007324,0.8949999809265137,0.9900000095367432
2026-01-22,2026-01-23T05:00:00Z,29,T2,0.10413138568401337,0.05196291208267212,3.071291208267212,0.8883333206176758,0.9833333492279053
2026-01-22,2026-01-23T06:00:00Z,30,T2,0.07133153080940247,0.06935395300388336,3.5252811908721924,0.7816666960716248,0.9383333325386047
2026-01-22,2026-01-23T07:00:00Z,31,T2,0.08234931528568268,0.042715709656476974,2.7535951137542725,0.2783333361148834,0.9900000095367432
2026-01-22,2026-01-23T08:00:00Z,32,T2,0.06894304603338242,0.05027928203344345,2.902928113937378,0.2016666680574417,0.9900000095367432
2026-01-22,2026-01-23T09:00:00Z,33,T2,0.1059148907661438,0.05506184324622154,3.2347934246063232,0.10999999940395355,0.9900000095367432
2026-01-22,2026-01-23T10:00:00Z,34,T2,0.1254376620054245,0.034527916461229324,2.554187774658203,0.21166667342185974,0.9800000190734863
2026-01-22,2026-01-23T11:00:00Z,35,T2,0.16123318672180176,0.06876451522111893,3.5172433853149414,0.5400000214576721,0.9766666889190674
2026-01-22,2026-01-23T12:00:00Z,36,T2,0.06853815913200378,0.31183674931526184,6.164921283721924,0.6183333396911621,0.9900000095367432
2026-01-22,2026-01-23T13:00:00Z,37,T2,0.20568232238292694,0.43720385432243347,6.8711371421813965,0.46666666865348816,0.7149999737739563
2026-01-22,2026-01-23T14:00:00Z,38,T2,0.3451870083808899,0.5218634009361267,7.224379062652588,0.24666666984558105,0.0833333358168602
2026-01-22,2026-01-23T15:00:00Z,39,T2,0.4233717620372772,0.4206654131412506,6.655418395996094,0.125,0.08166666328907013
2026-01-22,2026-01-23T16:00:00Z,40,T2,0.4032107889652252,0.4018172323703766,6.470161437988281,0.013333333656191826,0.25833332538604736
2026-01-22,2026-01-23T17:00:00Z,41,T2,0.4285348951816559,0.42768582701683044,6.7469892501831055,0.046666666865348816,0.11833333224058151
2026-01-22,2026-01-23T18:00:00Z,42,T2,0.4249343276023865,0.4232812523841858,6.68953800201416,0.014999999664723873,0.2433333396911621
2026-01-22,2026-01-23T19:00:00Z,43,T2,0.423729807138443,0.399717777967453,6.450479030609131,0.009999999776482582,0.3583333194255829
2026-01-22,2026-01-23T20:00:00Z,44,T2,0.2769973874092102,0.2391059845685959,5.48408842086792,0.011666666716337204,0.6016666889190674
2026-01-22,2026-01-23T21:00:00Z,45,T2,0.1921524554491043,0.1493484079837799,4.606461048126221,0.009999999776482582,0.3866666555404663
2026-01-22,2026-01-23T22:00:00Z,46,T2,0.10571599751710892,0.09660828113555908,3.894373893737793,0.009999999776482582,0.4266666769981384
2026-01-22,2026-01-23T23:00:00Z,47,T2,0.06977002322673798,0.0519595630466938,3.0709564685821533,0.009999999776482582,0.28833332657814026
2026-01-22,2026-01-24T00:00:00Z,48,T2,0.0693613812327385,0.034426432102918625,2.5389647483825684,0.009999999776482582,0.2383333295583725
2026-01-23,2026-01-23T01:00:00Z,1,STATION,0.3646392822265625,0.6309489607810974,7.740893363952637,0.4675000011920929,0.25999999046325684
2026-01-23,2026-01-23T02:00:00Z,2,STATION,0.2912179231643677,0.5256600975990295,7.217339515686035,0.3191666603088379,0.021666666492819786
2026-01-23,2026-01-23T03:00:00Z,3,STATION,0.27820613980293274,0.4018573462963104,6.412348747253418,0.4350000023841858,0.019166667014360428
2026-01-23,2026-01-23T04:00:00Z,4,STATION,0.3514712452888489,0.2621425986289978,5.717685222625732,0.8924999833106995,0.009999999776482582
2026-01-23,2026-01-23T05:00:00Z,5,STATION,0.2845866084098816,0.1972874104976654,5.058773517608643,0.8824999928474426,0.038333334028720856
2026-01-23,2026-01-23T06:00:00Z,6,STATION,0.1833249032497406,0.4258395731449127,6.617910385131836,0.7908333539962769,0.009999999776482582
2026-01-23,2026-01-23T07:00:00Z,7,STATION,0.21936172246932983,0.3172263503074646,6.16739559173584,0.2750000059604645,0.009166666306555271
2026-01-23,2026-01-23T08:00:00Z,8,STATION,0.18930239975452423,0.2901776134967804,5.9651641845703125,0.19333332777023315,0.018333332613110542
2026-01-23,2026-01-23T09:00:00Z,9,STATION,0.22407492995262146,0.10042797029018402,3.893099308013916,0.11249999701976776,0.2750000059604645
2026-01-23,2026-01-23T10:00:00Z,10,STATION,0.15249645709991455,0.06699518859386444,3.4336328506469727,0.20749999582767487,0.3658333420753479
2026-01-23,2026-01-23T11:00:00Z,11,STATION,0.17695531249046326,0.03610461205244064,2.415691614151001,0.5383333563804626,0.3141666650772095
2026-01-23,2026-01-23T12:00:00Z,12,STATION,0.12474005669355392,0.19755017757415771,5.061864852905273,0.6108333468437195,0.6100000143051147
2026-01-23,2026-01-23T13:00:00Z,13,STATION,0.21616849303245544,0.12916959822177887,4.462646961212158,0.45249998569488525,0.35499998927116394
2026-01-23,2026-01-23T14:00:00Z,14,STATION,0.2590237855911255,0.36255428194999695,6.284623146057129,0.24666666984558105,0.6966666579246521
2026-01-23,2026-01-23T15:00:00Z,15,STATION,0.3341502547264099,0.3549947440624237,6.265072822570801,0.12333333492279053,0.7908333539962769
2026-01-23,2026-01-23T16:00:00Z,16,STATION,0.3694576919078827,0.2922965884208679,5.996948719024658,0.014999999664723873,0.6675000190734863
2026-01-23,2026-01-23T17:00:00Z,17,STATION,0.29295310378074646,0.24839507043361664,5.578703880310059,0.04583333432674408,0.8583333492279053
2026-01-23,2026-01-23T18:00:00Z,18,STATION,0.24607262015342712,0.2287880927324295,5.27869176864624,0.015833333134651184,0.9800000190734863
2026-01-23,2026-01-23T19:00:00Z,19,STATION,0.24707384407520294,0.13994836807250977,4.529319763183594,0.009999999776482582,0.9850000143051147
2026-01-23,2026-01-23T20:00:00Z,20,STATION,0.12922048568725586,0.053458862006664276,3.0286166667938232,0.010833333246409893,0.9858333468437195
2026-01-23,2026-01-23T21:00:00Z,21,STATION,0.051543332636356354,0.0,1.2328627109527588,0.009999999776482582,0.9900000095367432
2026-01-23,2026-01-23T22:00:00Z,22,STATION,0.059474509209394455,0.0,0.4548534154891968,0.009999999776482582,0.9208333492279053
2026-01-23,2026-01-23T23:00:00Z,23,STATION,0.15027020871639252,0.05492006614804268,3.135633707046509,0.009999999776482582,0.6858333349227905
2026-01-23,2026-01-24T00:00:00Z,24,STATION,0.24469977617263794,0.3755172789096832,6.318148136138916,0.009999999776482582,0.4025000035762787
2026-01-23,2026-01-24T01:00:00Z,25,STATION,0.27962905168533325,0.10184529423713684,3.9234704971313477,0.013333333656191826,0.25999999046325684
2026-01-23,2026-01-24T02:00:00Z,26,STATION,0.2620175778865814,0.18742075562477112,4.942695140838623,0.030833333730697632,0.021666666492819786
2026-01-23,2026-01-24T03:00:00Z,27,STATION,0.41866782307624817,0.2453335076570511,5.395009994506836,0.22833333909511566,0.019166667014360428
2026-01-23,2026-01-24T04:00:00Z,28,STATION,0.5342745780944824,0.43550968170166016,6.7429070472717285,0.4841666519641876,0.009999999776482582
2026-01-23,2026-01-24T05:00:00Z,29,STATION,0.7766473889350891,0.6838900446891785,8.34733772277832,0.5,0.038333334028720856
2026-01-23,2026-01-24T06:00:00Z,30,STATION,0.8587112426757812,0.8857415914535522,9.754463195800781,0.9574999809265137,0.009999999776482582
2026-01-23,2026-01-24T07:00:00Z,31,STATION,0.8534020781517029,0.9056716561317444,10.834476470947266,0.9016666412353516,0.009166666306555271
2026-01-23,2026-01-24T08:00:00Z,32,STATION,0.9079216122627258,0.9056716561317444,11.01431655883789,0.8216666579246521,0.018333332613110542
2026-01-23,2026-01-24T09:00:00Z,33,STATION,0.9619175791740417,0.9056716561317444,10.457216262817383,0.9850000143051147,0.2750000059604645
2026-01-23,2026-01-24T10:00:00Z,34,STATION,0.962089478969574,0.8958135843276978,9.985666275024414,0.9883333444595337,0.3658333420753479
2026-01-23,2026-01-24T11:00:00Z,35,STATION,0.9725186228752136,0.8938226103782654,9.957526206970215,0.9850000143051147,0.3141666650772095
2026-01-23,2026-01-24T12:00:00Z,36,STATION,0.9518038034439087,0.8957673907279968,9.985013008117676,0.9900000095367432,0.6100000143051147
2026-01-23,2026-01-24T13:00:00Z,37,STATION,0.9885701537132263,0.8872421383857727,9.83513069152832,0.9900000095367432,0.35499998927116394
2026-01-23,2026-01-24T14:00:00Z,38,STATION,1.0,0.8833596110343933,9.626413345336914,0.9900000095367432,0.6966666579246521
2026-01-23,2026-01-24T15:00:00Z,39,STATION,0.9875227808952332,0.8612720370292664,9.47285270690918,0.9466666579246521,0.7908333539962769
2026-01-23,2026-01-24T16:00:00Z,40,STATION,0.8459774255752563,0.7478316426277161,8.97441577911377,0.9850000143051147,0.6675000190734863
2026-01-23,2026-01-24T17:00:00Z,41,STATION,0.8205076456069946,0.7130699157714844,8.63113021850586,0.9900000095367432,0.8583333492279053
2026-01-23,2026-01-24T18:00:00Z,42,STATION,0.9017886519432068,0.6834825277328491,8.306584358215332,0.9750000238418579,0.9800000190734863
2026-01-23,2026-01-24T19:00:00Z,43,STATION,0.7390470504760742,0.6817275285720825,8.131089210510254,0.965833306312561,0.9850000143051147
2026-01-23,2026-01-24T20:00:00Z,44,STATION,0.6434798836708069,0.6789437532424927,7.92078161239624,0.8433333039283752,0.9858333468437195
2026-01-23,2026-01-24T21:00:00Z,45,STATION,0.42156726121902466,0.5866618156433105,7.599963665008545,0.34166666865348816,0.9900000095367432
2026-01-23,2026-01-24T22:00:00Z,46,STATION,0.2859196960926056,0.4911858141422272,7.059305191040039,0.3333333432674408,0.9208333492279053
2026-01-23,2026-01-24T23:00:00Z,47,STATION,0.3282116651535034,0.40384671092033386,6.429400444030762,0.7041666507720947,0.6858333349227905
2026-01-23,2026-01-25T00:00:00Z,48,STATION,0.12254466861486435,0.2477080374956131,5.537482738494873,0.2708333432674408,0.4025000035762787
2026-01-23,2026-01-23T01:00:00Z,1,T1,0.36197808384895325,0.6415560841560364,7.740893363952637,0.4533333480358124,0.30666667222976685
2026-01-23,2026-01-23T02:00:00Z,2,T1,0.288888156414032,0.5310055017471313,7.217339515686035,0.3149999976158142,0.02500000037252903
2026-01-23,2026-01-23T03:00:00Z,3,T1,0.3163013756275177,0.4080641567707062,6.412348747253418,0.43833333253860474,0.018333332613110542
2026-01-23,2026-01-23T04:00:00Z,4,T1,0.34967389702796936,0.26952069997787476,5.717685222625732,0.8899999856948853,0.009999999776482582
2026-01-23,2026-01-23T05:00:00Z,5,T1,0.2620864510536194,0.20276476442813873,5.058773517608643,0.8766666650772095,0.03999999910593033
2026-01-23,2026-01-23T06:00:00Z,6,T1,0.18830753862857819,0.43410199880599976,6.617910385131836,0.800000011920929,0.011666666716337204
2026-01-23,2026-01-23T07:00:00Z,7,T1,0.2358778417110443,0.3216756582260132,6.16739559173584,0.27166667580604553,0.009999999776482582
2026-01-23,2026-01-23T08:00:00Z,8,T1,0.19641554355621338,0.29807379841804504,5.9651641845703125,0.1850000023841858,0.021666666492819786
2026-01-23,2026-01-23T09:00:00Z,9,T1,0.22551944851875305,0.10429863631725311,3.893099308013916,0.11500000208616257,0.27666667103767395
2026-01-23,2026-01-23T10:00:00Z,10,T1,0.14561687409877777,0.07135729491710663,3.4336328506469727,0.20333333313465118,0.351666659116745
2026-01-23,2026-01-23T11:00:00Z,11,T1,0.20325405895709991,0.03860460966825485,2.415691614151001,0.5366666913032532,0.3149999976158142
2026-01-23,2026-01-23T12:00:00Z,12,T1,0.1670607477426529,0.20306359231472015,5.061864852905273,0.6033333539962769,0.6133333444595337
2026-01-23,2026-01-23T13:00:00Z,13,T1,0.20052433013916016,0.13343919813632965,4.462646961212158,0.43833333253860474,0.3333333432674408
2026-01-23,2026-01-23T14:00:00Z,14,T1,0.21704621613025665,0.36778509616851807,6.284623146057129,0.24666666984558105,0.675000011920929
2026-01-23,2026-01-23T15:00:00Z,15,T1,0.3260197341442108,0.36009523272514343,6.265072822570801,0.12166666984558105,0.7599999904632568
2026-01-23,2026-01-23T16:00:00Z,16,T1,0.3659241199493408,0.2994511127471924,5.996948719024658,0.01666666753590107,0.6516666412353516
2026-01-23,2026-01-23T17:00:00Z,17,T1,0.2816375494003296,0.25484567880630493,5.578703880310059,0.04500000178813934,0.8600000143051147
2026-01-23,2026-01-23T18:00:00Z,18,T1,0.23219972848892212,0.2368311583995819,5.27869176864624,0.01666666753590107,0.9833333492279053
2026-01-23,2026-01-23T19:00:00Z,19,T1,0.2856820225715637,0.14366236329078674,4.529319763183594,0.009999999776482582,0.9900000095367432
2026-01-23,2026-01-23T20:00:00Z,20,T1,0.1441328078508377,0.05538155511021614,3.0286166667938232,0.009999999776482582,0.9900000095367432
2026-01-23,2026-01-23T21:00:00Z,21,T1,0.05045710504055023,0.0,1.2328627109527588,0.009999999776482582,0.9900000095367432
2026-01-23,2026-01-23T22:00:00Z,22,T1,0.0861077681183815,0.0,0.4548534154891968,0.009999999776482582,0.9200000166893005
2026-01-23,2026-01-23T23:00:00Z,23,T1,0.13311991095542908,0.05709201470017433,3.135633707046509,0.009999999776482582,0.6850000023841858
2026-01-23,2026-01-24T00:00:00Z,24,T1,0.25204718112945557,0.38097161054611206,6.318148136138916,0.009999999776482582,0.4033333361148834
2026-01-23,2026-01-24T01:00:00Z,25,T1,0.26479536294937134,0.10591842979192734,3.9234704971313477,0.01666666753590107,0.30666667222976685
2026-01-23,2026-01-24T02:00:00Z,26,T1,0.24823540449142456,0.19154387712478638,4.942695140838623,0.036666665226221085,0.02500000037252903
2026-01-23,2026-01-24T03:00:00Z,27,T1,0.39644715189933777,0.25423336029052734,5.395009994506836,0.3216666579246521,0.018333332613110542
2026-01-23,2026-01-24T04:00:00Z,28,T1,0.5484726428985596,0.44364652037620544,6.7429070472717285,0.9583333134651184,0.009999999776482582
2026-01-23,2026-01-24T05:00:00Z,29,T1,0.8001691102981567,0.6847233772277832,8.34733772277832,0.9900000095367432,0.03999999910593033
2026-01-23,2026-01-24T06:00:00Z,30,T1,0.8681458830833435,0.9014831781387329,9.754463195800781,0.9900000095367432,0.011666666716337204
2026-01-23,2026-01-24T07:00:00Z,31,T1,0.8633070588111877,0.9059675335884094,10.834476470947266,0.9900000095367432,0.009999999776482582
2026-01-23,2026-01-24T08:00:00Z,32,T1,0.9358472228050232,0.9059675335884094,11.01431655883789,0.8533333539962769,0.021666666492819786
2026-01-23,2026-01-24T09:00:00Z,33,T1,0.9851841926574707,0.9059675335884094,10.457216262817383,0.9900000095367432,0.27666667103767395
2026-01-23,2026-01-24T10:00:00Z,34,T1,0.9603102207183838,0.9059675335884094,9.985666275024414,0.9900000095367432,0.351666659116745
2026-01-23,2026-01-24T11:00:00Z,35,T1,0.9959088563919067,0.9059675335884094,9.957526206970215,0.9850000143051147,0.3149999976158142
2026-01-23,2026-01-24T12:00:00Z,36,T1,0.9731506705284119,0.9059675335884094,9.985013008117676,0.9900000095367432,0.6133333444595337
2026-01-23,2026-01-24T13:00:00Z,37,T1,1.0,0.9044842720031738,9.83513069152832,0.9900000095367432,0.3333333432674408
2026-01-23,2026-01-24T14:00:00Z,38,T1,1.0,0.8967192769050598,9.626413345336914,0.9900000095367432,0.675000011920929
2026-01-23,2026-01-24T15:00:00Z,39,T1,1.0,0.8702945113182068,9.47285270690918,0.9300000071525574,0.7599999904632568
2026-01-23,2026-01-24T16:00:00Z,40,T1,0.8435455560684204,0.7491523027420044,8.97441577911377,0.9883333444595337,0.6516666412353516
2026-01-23,2026-01-24T17:00:00Z,41,T1,0.8355615139007568,0.7150817513465881,8.63113021850586,0.9900000095367432,0.8600000143051147
2026-01-23,2026-01-24T18:00:00Z,42,T1,0.8788474202156067,0.6843158602714539,8.306584358215332,0.9599999785423279,0.9833333492279053
2026-01-23,2026-01-24T19:00:00Z,43,T1,0.7578859329223633,0.6825608611106873,8.131089210510254,0.9599999785423279,0.9900000095367432
2026-01-23,2026-01-24T20:00:00Z,44,T1,0.6716703772544861,0.6804578304290771,7.92078161239624,0.8833333253860474,0.9900000095367432
2026-01-23,2026-01-24T21:00:00Z,45,T1,0.4306612014770508,0.6033260226249695,7.599963665008545,0.37166666984558105,0.9900000095367432
2026-01-23,2026-01-24T22:00:00Z,46,T1,0.3120681345462799,0.4987953007221222,7.059305191040039,0.351666659116745,0.9200000166893005
2026-01-23,2026-01-24T23:00:00Z,47,T1,0.39890241622924805,0.410224050283432,6.429400444030762,0.6683333516120911,0.6850000023841858
2026-01-23,2026-01-25T00:00:00Z,48,T1,0.15886028110980988,0.25470829010009766,5.537482738494873,0.27666667103767395,0.4033333361148834
2026-01-23,2026-01-23T01:00:00Z,1,T2,0.36730048060417175,0.6203418374061584,7.740893363952637,0.4816666543483734,0.2133333384990692
2026-01-23,2026-01-23T02:00:00Z,2,T2,0.29354768991470337,0.5203146934509277,7.217339515686035,0.3233333230018616,0.018333332613110542
2026-01-23,2026-01-23T03:00:00Z,3,T2,0.24011088907718658,0.3956505060195923,6.412348747253418,0.43166667222976685,0.019999999552965164
2026-01-23,2026-01-23T04:00:00Z,4,T2,0.3532686233520508,0.25476452708244324,5.717685222625732,0.8949999809265137,0.009999999776482582
2026-01-23,2026-01-23T05:00:00Z,5,T2,0.3070867657661438,0.19181005656719208,5.058773517608643,0.8883333206176758,0.036666665226221085
2026-01-23,2026-01-23T06:00:00Z,6,T2,0.17834226787090302,0.4175771176815033,6.617910385131836,0.7816666960716248,0.008333333767950535
2026-01-23,2026-01-23T07:00:00Z,7,T2,0.20284560322761536,0.312777042388916,6.16739559173584,0.2783333361148834,0.008333333767950535
2026-01-23,2026-01-23T08:00:00Z,8,T2,0.18218927085399628,0.28228145837783813,5.9651641845703125,0.2016666680574417,0.014999999664723873
2026-01-23,2026-01-23T09:00:00Z,9,T2,0.22263041138648987,0.09655731171369553,3.893099308013916,0.10999999940395355,0.273333340883255
2026-01-23,2026-01-23T10:00:00Z,10,T2,0.15937605500221252,0.06263308227062225,3.4336328506469727,0.21166667342185974,0.3799999952316284
2026-01-23,2026-01-23T11:00:00Z,11,T2,0.1506565511226654,0.033604610711336136,2.415691614151001,0.5400000214576721,0.31333333253860474
2026-01-23,2026-01-23T12:00:00Z,12,T2,0.08241936564445496,0.19203674793243408,5.061864852905273,0.6183333396911621,0.6066666841506958
2026-01-23,2026-01-23T13:00:00Z,13,T2,0.23181264102458954,0.1248999834060669,4.462646961212158,0.46666666865348816,0.3766666650772095
2026-01-23,2026-01-23T14:00:00Z,14,T2,0.3010013699531555,0.35732346773147583,6.284623146057129,0.24666666984558105,0.7183333039283752
2026-01-23,2026-01-23T15:00:00Z,15,T2,0.3422807455062866,0.349894255399704,6.265072822570801,0.125,0.8216666579246521
2026-01-23,2026-01-23T16:00:00Z,16,T2,0.37299126386642456,0.28514206409454346,5.996948719024658,0.013333333656191826,0.6833333373069763
2026-01-23,2026-01-23T17:00:00Z,17,T2,0.3042686879634857,0.24194446206092834,5.578703880310059,0.046666666865348816,0.8566666841506958
2026-01-23,2026-01-23T18:00:00Z,18,T2,0.25994551181793213,0.2207450121641159,5.27869176864624,0.014999999664723873,0.9766666889190674
2026-01-23,2026-01-23T19:00:00Z,19,T2,0.20846566557884216,0.1362343728542328,4.529319763183594,0.009999999776482582,0.9800000190734863
2026-01-23,2026-01-23T20:00:00Z,20,T2,0.11430814862251282,0.05153616517782211,3.0286166667938232,0.011666666716337204,0.9816666841506958
2026-01-23,2026-01-23T21:00:00Z,21,T2,0.052629560232162476,0.0,1.2328627109527588,0.009999999776482582,0.9900000095367432
2026-01-23,2026-01-23T22:00:00Z,22,T2,0.03284125402569771,0.0,0.4548534154891968,0.009999999776482582,0.92166668176651
2026-01-23,2026-01-23T23:00:00Z,23,T2,0.16742052137851715,0.052748117595911026,3.135633707046509,0.009999999776482582,0.6866666674613953
2026-01-23,2026-01-24T00:00:00Z,24,T2,0.2373523861169815,0.3700629472732544,6.318148136138916,0.009999999776482582,0.40166667103767395
2026-01-23,2026-01-24T01:00:00Z,25,T2,0.29446277022361755,0.09777215123176575,3.9234704971313477,0.009999999776482582,0.2133333384990692
2026-01-23,2026-01-24T02:00:00Z,26,T2,0.2757997512817383,0.18329764902591705,4.942695140838623,0.02500000037252903,0.018333332613110542
2026-01-23,2026-01-24T03:00:00Z,27,T2,0.44088852405548096,0.23643364012241364,5.395009994506836,0.13500000536441803,0.019999999552965164
2026-01-23,2026-01-24T04:00:00Z,28,T2,0.5200764536857605,0.42737287282943726,6.7429070472717285,0.009999999776482582,0.009999999776482582
2026-01-23,2026-01-24T05:00:00Z,29,T2,0.7531256675720215,0.6830567121505737,8.34733772277832,0.009999999776482582,0.036666665226221085
2026-01-23,2026-01-24T06:00:00Z,30,T2,0.849276602268219,0.8700000047683716,9.754463195800781,0.925000011920929,0.008333333767950535
2026-01-23,2026-01-24T07:00:00Z,31,T2,0.843497097492218,0.9053757786750793,10.834476470947266,0.8133333325386047,0.008333333767950535
2026-01-23,2026-01-24T08:00:00Z,32,T2,0.8799959421157837,0.9053757786750793,11.01431655883789,0.7900000214576721,0.014999999664723873
2026-01-23,2026-01-24T09:00:00Z,33,T2,0.9386510252952576,0.9053757786750793,10.457216262817383,0.9800000190734863,0.273333340883255
2026-01-23,2026-01-24T10:00:00Z,34,T2,0.9638687968254089,0.8856595754623413,9.985666275024414,0.9866666793823242,0.3799999952316284
2026-01-23,2026-01-24T11:00:00Z,35,T2,0.9491283893585205,0.8816776871681213,9.957526206970215,0.9850000143051147,0.31333333253860474
2026-01-23,2026-01-24T12:00:00Z,36,T2,0.9304569959640503,0.8855671882629395,9.985013008117676,0.9900000095367432,0.6066666841506958
2026-01-23,2026-01-24T13:00:00Z,37,T2,0.9771402478218079,0.8700000047683716,9.83513069152832,0.9900000095367432,0.3766666650772095
2026-01-23,2026-01-24T14:00:00Z,38,T2,1.0,0.8700000047683716,9.626413345336914,0.9900000095367432,0.7183333039283752
2026-01-23,2026-01-24T15:00:00Z,39,T2,0.9750455617904663,0.8522495031356812,9.47285270690918,0.9633333086967468,0.8216666579246521
2026-01-23,2026-01-24T16:00:00Z,40,T2,0.8484092950820923,0.746510922908783,8.97441577911377,0.9816666841506958,0.6833333373069763
2026-01-23,2026-01-24T17:00:00Z,41,T2,0.8054537773132324,0.7110580801963806,8.63113021850586,0.9900000095367432,0.8566666841506958
2026-01-23,2026-01-24T18:00:00Z,42,T2,0.9247298240661621,0.6826491951942444,8.306584358215332,0.9900000095367432,0.9766666889190674
2026-01-23,2026-01-24T19:00:00Z,43,T2,0.7202081680297852,0.6808941960334778,8.131089210510254,0.971666693687439,0.9800000190734863
2026-01-23,2026-01-24T20:00:00Z,44,T2,0.6152893304824829,0.6774296760559082,7.92078161239624,0.8033333420753479,0.9816666841506958
2026-01-23,2026-01-24T21:00:00Z,45,T2,0.41247332096099854,0.5699975490570068,7.599963665008545,0.31166666746139526,0.9900000095367432
2026-01-23,2026-01-24T22:00:00Z,46,T2,0.2597712576389313,0.48357632756233215,7.059305191040039,0.3149999976158142,0.92166668176651
2026-01-23,2026-01-24T23:00:00Z,47,T2,0.2575209140777588,0.3974694013595581,6.429400444030762,0.7400000095367432,0.6866666674613953
2026-01-23,2026-01-25T00:00:00Z,48,T2,0.08622904866933823,0.24070781469345093,5.537482738494873,0.26499998569488525,0.40166667103767395
2026-01-24,2026-01-24T01:00:00Z,1,STATION,0.2590392529964447,0.24802498519420624,5.556499004364014,0.013333333656191826,0.4675000011920929
2026-01-24,2026-01-24T02:00:00Z,2,STATION,0.2532408535480499,0.2983286380767822,6.087429523468018,0.030833333730697632,0.3191666603088379
2026-01-24,2026-01-24T03:00:00Z,3,STATION,0.5273541808128357,0.4462452828884125,6.8783369064331055,0.22833333909511566,0.4350000023841858
2026-01-24,2026-01-24T04:00:00Z,4,STATION,0.7044524550437927,0.5561292767524719,7.372267723083496,0.4841666519641876,0.8924999833106995
2026-01-24,2026-01-24T05:00:00Z,5,STATION,0.8386080265045166,0.6793842315673828,7.953819274902344,0.5,0.8824999928474426
2026-01-24,2026-01-24T06:00:00Z,6,STATION,0.864625096321106,0.7569442391395569,9.006020545959473,0.9574999809265137,0.7908333539962769
2026-01-24,2026-01-24T07:00:00Z,7,STATION,0.9532480835914612,0.8786053657531738,9.59239387512207,0.9016666412353516,0.2750000059604645
2026-01-24,2026-01-24T08:00:00Z,8,STATION,0.9613044261932373,0.8355319499969482,9.323277473449707,0.8216666579246521,0.19333332777023315
2026-01-24,2026-01-24T09:00:00Z,9,STATION,0.9838089346885681,0.7142291069030762,8.677496910095215,0.9850000143051147,0.11249999701976776
2026-01-24,2026-01-24T10:00:00Z,10,STATION,0.9835688471794128,0.6972905993461609,8.489121437072754,0.9883333444595337,0.20749999582767487
2026-01-24,2026-01-24T11:00:00Z,11,STATION,0.9635788798332214,0.719083845615387,8.871685981750488,0.9850000143051147,0.5383333563804626
2026-01-24,2026-01-24T12:00:00Z,12,STATION,0.9080224633216858,0.8680009841918945,9.519259452819824,0.9900000095367432,0.6108333468437195
2026-01-24,2026-01-24T13:00:00Z,13,STATION,0.9742528200149536,0.7350663542747498,8.930143356323242,0.9900000095367432,0.45249998569488525
2026-01-24,2026-01-24T14:00:00Z,14,STATION,0.9964910745620728,0.7826399207115173,9.095138549804688,0.9900000095367432,0.24666666984558105
2026-01-24,2026-01-24T15:00:00Z,15,STATION,1.0,0.8287113904953003,9.292737007141113,0.9466666579246521,0.12333333492279053
2026-01-24,2026-01-24T16:00:00Z,16,STATION,1.0,0.7155073285102844,8.728626251220703,0.9850000143051147,0.014999999664723873
2026-01-24,2026-01-24T17:00:00Z,17,STATION,0.9963834285736084,0.6822391748428345,8.182250022888184,0.9900000095367432,0.04583333432674408
2026-01-24,2026-01-24T18:00:00Z,18,STATION,0.945309042930603,0.5855740904808044,7.591805458068848,0.9750000238418579,0.015833333134651184
2026-01-24,2026-01-24T19:00:00Z,19,STATION,0.8699494004249573,0.5867578983306885,7.60068416595459,0.965833306312561,0.009999999776482582
2026-01-24,2026-01-24T20:00:00Z,20,STATION,0.6764861941337585,0.5640570521354675,7.4304280281066895,0.8433333039283752,0.010833333246409893
2026-01-24,2026-01-24T21:00:00Z,21,STATION,0.556432843208313,0.5352871417999268,7.266290664672852,0.34166666865348816,0.009999999776482582
2026-01-24,2026-01-24T22:00:00Z,22,STATION,0.2767605483531952,0.43460017442703247,6.730780124664307,0.3333333432674408,0.009999999776482582
2026-01-24,2026-01-24T23:00:00Z,23,STATION,0.16954486072063446,0.29862189292907715,6.091828346252441,0.7041666507720947,0.009999999776482582
2026-01-24,2026-01-25T00:00:00Z,24,STATION,0.08682781457901001,0.2914470136165619,5.9842047691345215,0.2708333432674408,0.009999999776482582
2026-01-24,2026-01-25T01:00:00Z,25,STATION,0.05546477809548378,0.0687132328748703,3.4560420513153076,0.07583333551883698,0.4675000011920929
2026-01-24,2026-01-25T02:00:00Z,26,STATION,0.08183805644512177,0.0,0.40232139825820923,0.0949999988079071,0.3191666603088379
2026-01-24,2026-01-25T03:00:00Z,27,STATION,0.0,0.02528459206223488,2.1489555835723877,0.5149999856948853,0.4350000023841858
2026-01-24,2026-01-25T04:00:00Z,28,STATION,0.0,0.03596432879567146,2.3946492671966553,0.20333333313465118,0.8924999833106995
2026-01-24,2026-01-25T05:00:00Z,29,STATION,0.03723025321960449,0.0,1.0988376140594482,0.1158333346247673,0.8824999928474426
2026-01-24,2026-01-25T06:00:00Z,30,STATION,0.005040913820266724,0.020444121211767197,1.5860787630081177,0.01666666753590107,0.7908333539962769
2026-01-24,2026-01-25T07:00:00Z,31,STATION,0.035116035491228104,0.03740633651614189,2.610950469970703,0.009999999776482582,0.2750000059604645
2026-01-24,2026-01-25T08:00:00Z,32,STATION,0.07493826746940613,0.021227359771728516,1.6841038465499878,0.008333333767950535,0.19333332777023315
2026-01-24,2026-01-25T09:00:00Z,33,STATION,0.09065590798854828,0.024072589352726936,2.1108884811401367,0.009999999776482582,0.11249999701976776
2026-01-24,2026-01-25T10:00:00Z,34,STATION,0.093492791056633,0.05499459430575371,3.1379871368408203,0.010833333246409893,0.20749999582767487
2026-01-24,2026-01-25T11:00:00Z,35,STATION,0.16330565512180328,0.18986418843269348,4.971441268920898,0.009166666306555271,0.5383333563804626
2026-01-24,2026-01-25T12:00:00Z,36,STATION,0.16926884651184082,0.25725606083869934,5.682781219482422,0.009999999776482582,0.6108333468437195
2026-01-24,2026-01-25T13:00:00Z,37,STATION,0.1965002715587616,0.09077268838882446,3.752060651779175,0.009999999776482582,0.45249998569488525
2026-01-24,2026-01-25T14:00:00Z,38,STATION,0.1073305755853653,0.029998701065778732,2.249972105026245,0.009999999776482582,0.24666666984558105
2026-01-24,2026-01-25T15:00:00Z,39,STATION,0.05919117480516434,0.023516304790973663,2.0274457931518555,0.0808333307504654,0.12333333492279053
2026-01-24,2026-01-25T16:00:00Z,40,STATION,0.06260550022125244,0.054134223610162735,3.0865049362182617,0.20083333551883698,0.014999999664723873
2026-01-24,2026-01-25T17:00:00Z,41,STATION,0.06737682223320007,0.03656155988574028,2.484234094619751,0.21833333373069763,0.04583333432674408
2026-01-24,2026-01-25T18:00:00Z,42,STATION,0.05860963836312294,0.0,1.1915287971496582,0.5258333086967468,0.015833333134651184
2026-01-24,2026-01-25T19:00:00Z,43,STATION,0.08292306959629059,0.0,0.6715444326400757,0.3725000023841858,0.009999999776482582
2026-01-24,2026-01-25T20:00:00Z,44,STATION,0.09260328859090805,0.06381037831306458,3.392091989517212,0.2433333396911621,0.010833333246409893
2026-01-24,2026-01-25T21:00:00Z,45,STATION,0.1804097294807434,0.093120276927948,3.784817934036255,0.21166667342185974,0.009999999776482582
2026-01-24,2026-01-25T22:00:00Z,46,STATION,0.25282126665115356,0.09392599761486053,3.796060562133789,0.34166666865348816,0.009999999776482582
2026-01-24,2026-01-25T23:00:00Z,47,STATION,0.25429433584213257,0.1322396695613861,4.481637001037598,0.3166666626930237,0.009999999776482582
2026-01-24,2026-01-26T00:00:00Z,48,STATION,0.23754814267158508,0.44415608048439026,6.858191967010498,0.37416666746139526,0.009999999776482582
2026-01-24,2026-01-24T01:00:00Z,1,T1,0.27240708470344543,0.2547716498374939,5.556499004364014,0.01666666753590107,0.4533333480358124
2026-01-24,2026-01-24T02:00:00Z,2,T1,0.2850298285484314,0.30337193608283997,6.087429523468018,0.036666665226221085,0.3149999976158142
2026-01-24,2026-01-24T03:00:00Z,3,T1,0.5552903413772583,0.45415639877319336,6.8783369064331055,0.3216666579246521,0.43833333253860474
2026-01-24,2026-01-24T04:00:00Z,4,T1,0.6803164482116699,0.5578597187995911,7.372267723083496,0.9583333134651184,0.8899999856948853
2026-01-24,2026-01-24T05:00:00Z,5,T1,0.8419010639190674,0.6807882189750671,7.953819274902344,0.9900000095367432,0.8766666650772095
2026-01-24,2026-01-24T06:00:00Z,6,T1,0.9020069241523743,0.7589496970176697,9.006020545959473,0.9900000095367432,0.800000011920929
2026-01-24,2026-01-24T07:00:00Z,7,T1,0.9422222375869751,0.8910148739814758,9.59239387512207,0.9900000095367432,0.27166667580604553
2026-01-24,2026-01-24T08:00:00Z,8,T1,0.9380337595939636,0.8414371609687805,9.323277473449707,0.8533333539962769,0.1850000023841858
2026-01-24,2026-01-24T09:00:00Z,9,T1,0.9754233956336975,0.7156999707221985,8.677496910095215,0.9900000095367432,0.11500000208616257
2026-01-24,2026-01-24T10:00:00Z,10,T1,0.9671377539634705,0.6986945271492004,8.489121437072754,0.9900000095367432,0.20333333313465118
2026-01-24,2026-01-24T11:00:00Z,11,T1,0.9413701295852661,0.7182891368865967,8.871685981750488,0.9850000143051147,0.5366666913032532
2026-01-24,2026-01-24T12:00:00Z,12,T1,0.9599691033363342,0.8783383369445801,9.519259452819824,0.9900000095367432,0.6033333539962769
2026-01-24,2026-01-24T13:00:00Z,13,T1,1.0,0.7354277968406677,8.930143356323242,0.9900000095367432,0.43833333253860474
2026-01-24,2026-01-24T14:00:00Z,14,T1,1.0,0.7865762710571289,9.095138549804688,0.9900000095367432,0.24666666984558105
2026-01-24,2026-01-24T15:00:00Z,15,T1,1.0,0.8344129323959351,9.292737007141113,0.9300000071525574,0.12166666984558105
2026-01-24,2026-01-24T16:00:00Z,16,T1,1.0,0.7163816690444946,8.728626251220703,0.9883333444595337,0.01666666753590107
2026-01-24,2026-01-24T17:00:00Z,17,T1,0.992766797542572,0.6830725073814392,8.182250022888184,0.9900000095367432,0.04500000178813934
2026-01-24,2026-01-24T18:00:00Z,18,T1,0.9742910861968994,0.6016944050788879,7.591805458068848,0.9599999785423279,0.01666666753590107
2026-01-24,2026-01-24T19:00:00Z,19,T1,0.9238397479057312,0.6034701466560364,7.60068416595459,0.9599999785423279,0.009999999776482582
2026-01-24,2026-01-24T20:00:00Z,20,T1,0.732618510723114,0.5694189071655273,7.4304280281066895,0.8833333253860474,0.009999999776482582
2026-01-24,2026-01-24T21:00:00Z,21,T1,0.5701635479927063,0.5394903421401978,7.266290664672852,0.37166666984558105,0.009999999776482582
2026-01-24,2026-01-24T22:00:00Z,22,T1,0.27722451090812683,0.44275718927383423,6.730780124664307,0.351666659116745,0.009999999776482582
2026-01-24,2026-01-24T23:00:00Z,23,T1,0.15472117066383362,0.30356258153915405,6.091828346252441,0.6683333516120911,0.009999999776482582
2026-01-24,2026-01-25T00:00:00Z,24,T1,0.09930349886417389,0.2988988757133484,5.9842047691345215,0.27666667103767395,0.009999999776482582
2026-01-24,2026-01-25T01:00:00Z,25,T1,0.06620725244283676,0.07315003871917725,3.4560420513153076,0.0716666653752327,0.4533333480358124
2026-01-24,2026-01-25T02:00:00Z,26,T1,0.11341024190187454,0.0,0.40232139825820923,0.09333333373069763,0.3149999976158142
2026-01-24,2026-01-25T03:00:00Z,27,T1,0.0,0.026277627795934677,2.1489555835723877,0.5016666650772095,0.43833333253860474
2026-01-24,2026-01-25T04:00:00Z,28,T1,0.0,0.03846433013677597,2.3946492671966553,0.20333333313465118,0.8899999856948853
2026-01-24,2026-01-25T05:00:00Z,29,T1,0.03798864781856537,0.0,1.0988376140594482,0.11999999731779099,0.8766666650772095
2026-01-24,2026-01-25T06:00:00Z,30,T1,0.00959184393286705,0.019740525633096695,1.5860787630081177,0.01666666753590107,0.800000011920929
2026-01-24,2026-01-25T07:00:00Z,31,T1,0.04684481397271156,0.0399063341319561,2.610950469970703,0.009999999776482582,0.27166667580604553
2026-01-24,2026-01-25T08:00:00Z,32,T1,0.09344020485877991,0.020788051187992096,1.6841038465499878,0.009999999776482582,0.1850000023841858
2026-01-24,2026-01-25T09:00:00Z,33,T1,0.08521980047225952,0.024905923753976822,2.1108884811401367,0.009999999776482582,0.11500000208616257
2026-01-24,2026-01-25T10:00:00Z,34,T1,0.0862942785024643,0.057186152786016464,3.1379871368408203,0.009999999776482582,0.20333333313465118
2026-01-24,2026-01-25T11:00:00Z,35,T1,0.16235654056072235,0.19432267546653748,4.971441268920898,0.009999999776482582,0.5366666913032532
2026-01-24,2026-01-25T12:00:00Z,36,T1,0.15736772119998932,0.2640523910522461,5.682781219482422,0.009999999776482582,0.6033333539962769
2026-01-24,2026-01-25T13:00:00Z,37,T1,0.21635812520980835,0.09513738006353378,3.752060651779175,0.009999999776482582,0.43833333253860474
2026-01-24,2026-01-25T14:00:00Z,38,T1,0.11942578107118607,0.03166517987847328,2.249972105026245,0.009999999776482582,0.24666666984558105
2026-01-24,2026-01-25T15:00:00Z,39,T1,0.04383796453475952,0.02434963919222355,2.0274457931518555,0.08666666597127914,0.12166666984558105
2026-01-24,2026-01-25T16:00:00Z,40,T1,0.04801362752914429,0.056153398007154465,3.0865049362182617,0.1899999976158142,0.01666666753590107
2026-01-24,2026-01-25T17:00:00Z,41,T1,0.06301448494195938,0.03906156122684479,2.484234094619751,0.23666666448116302,0.04500000178813934
2026-01-24,2026-01-25T18:00:00Z,42,T1,0.060666024684906006,0.0,1.1915287971496582,0.5483333468437195,0.01666666753590107
2026-01-24,2026-01-25T19:00:00Z,43,T1,0.08019498735666275,0.0,0.6715444326400757,0.3883333206176758,0.009999999776482582
2026-01-24,2026-01-25T20:00:00Z,44,T1,0.09851507097482681,0.06803402304649353,3.392091989517212,0.273333340883255,0.009999999776482582
2026-01-24,2026-01-25T21:00:00Z,45,T1,0.20175905525684357,0.09732118993997574,3.784817934036255,0.22499999403953552,0.009999999776482582
2026-01-24,2026-01-25T22:00:00Z,46,T1,0.25079256296157837,0.09807069599628448,3.796060562133789,0.31166666746139526,0.009999999776482582
2026-01-24,2026-01-25T23:00:00Z,47,T1,0.2806946635246277,0.13635101914405823,4.481637001037598,0.351666659116745,0.009999999776482582
2026-01-24,2026-01-26T00:00:00Z,48,T1,0.2586754560470581,0.4521007537841797,6.858191967010498,0.40166667103767395,0.009999999776482582
2026-01-24,2026-01-24T01:00:00Z,1,T2,0.24567140638828278,0.24127830564975739,5.556499004364014,0.009999999776482582,0.4816666543483734
2026-01-24,2026-01-24T02:00:00Z,2,T2,0.22145187854766846,0.2932853102684021,6.087429523468018,0.02500000037252903,0.3233333230018616
2026-01-24,2026-01-24T03:00:00Z,3,T2,0.4994179904460907,0.438334196805954,6.8783369064331055,0.13500000536441803,0.43166667222976685
2026-01-24,2026-01-24T04:00:00Z,4,T2,0.7285884618759155,0.5543988347053528,7.372267723083496,0.009999999776482582,0.8949999809265137
2026-01-24,2026-01-24T05:00:00Z,5,T2,0.835314929485321,0.6779803037643433,7.953819274902344,0.009999999776482582,0.8883333206176758
2026-01-24,2026-01-24T06:00:00Z,6,T2,0.8272432088851929,0.7549387812614441,9.006020545959473,0.925000011920929,0.7816666960716248
2026-01-24,2026-01-24T07:00:00Z,7,T2,0.9642738699913025,0.8661959171295166,9.59239387512207,0.8133333325386047,0.2783333361148834
2026-01-24,2026-01-24T08:00:00Z,8,T2,0.9845751523971558,0.8296267986297607,9.323277473449707,0.7900000214576721,0.2016666680574417
2026-01-24,2026-01-24T09:00:00Z,9,T2,0.992194414138794,0.7127582430839539,8.677496910095215,0.9800000190734863,0.10999999940395355
2026-01-24,2026-01-24T10:00:00Z,10,T2,1.0,0.6958866715431213,8.489121437072754,0.9866666793823242,0.21166667342185974
2026-01-24,2026-01-24T11:00:00Z,11,T2,0.9857876300811768,0.7198784947395325,8.871685981750488,0.9850000143051147,0.5400000214576721
2026-01-24,2026-01-24T12:00:00Z,12,T2,0.8560758233070374,0.857663631439209,9.519259452819824,0.9900000095367432,0.6183333396911621
2026-01-24,2026-01-24T13:00:00Z,13,T2,0.948505699634552,0.7347049117088318,8.930143356323242,0.9900000095367432,0.46666666865348816
2026-01-24,2026-01-24T14:00:00Z,14,T2,0.9929820895195007,0.7787036299705505,9.095138549804688,0.9900000095367432,0.24666666984558105
2026-01-24,2026-01-24T15:00:00Z,15,T2,1.0,0.8230097889900208,9.292737007141113,0.9633333086967468,0.125
2026-01-24,2026-01-24T16:00:00Z,16,T2,1.0,0.7146329879760742,8.728626251220703,0.9816666841506958,0.013333333656191826
2026-01-24,2026-01-24T17:00:00Z,17,T2,1.0,0.6814058423042297,8.182250022888184,0.9900000095367432,0.046666666865348816
2026-01-24,2026-01-24T18:00:00Z,18,T2,0.9163270592689514,0.5694537162780762,7.591805458068848,0.9900000095367432,0.014999999664723873
2026-01-24,2026-01-24T19:00:00Z,19,T2,0.8160590529441833,0.5700455904006958,7.60068416595459,0.971666693687439,0.009999999776482582
2026-01-24,2026-01-24T20:00:00Z,20,T2,0.6203538775444031,0.5586951971054077,7.4304280281066895,0.8033333420753479,0.011666666716337204
2026-01-24,2026-01-24T21:00:00Z,21,T2,0.5427021384239197,0.5310839414596558,7.266290664672852,0.31166666746139526,0.009999999776482582
2026-01-24,2026-01-24T22:00:00Z,22,T2,0.27629661560058594,0.4264431297779083,6.730780124664307,0.3149999976158142,0.009999999776482582
2026-01-24,2026-01-24T23:00:00Z,23,T2,0.1843685656785965,0.29368123412132263,6.091828346252441,0.7400000095367432,0.009999999776482582
2026-01-24,2026-01-25T00:00:00Z,24,T2,0.07435212284326553,0.283995121717453,5.9842047691345215,0.26499998569488525,0.009999999776482582
2026-01-24,2026-01-25T01:00:00Z,25,T2,0.0447223037481308,0.06427642703056335,3.4560420513153076,0.07999999821186066,0.4816666543483734
2026-01-24,2026-01-25T02:00:00Z,26,T2,0.05026586353778839,0.0,0.40232139825820923,0.09666666388511658,0.3233333230018616
2026-01-24,2026-01-25T03:00:00Z,27,T2,0.0,0.02429155446588993,2.1489555835723877,0.528333306312561,0.43166667222976685
2026-01-24,2026-01-25T04:00:00Z,28,T2,0.0,0.033464327454566956,2.3946492671966553,0.20333333313465118,0.8949999809265137
2026-01-24,2026-01-25T05:00:00Z,29,T2,0.03647185489535332,0.0,1.0988376140594482,0.11166666448116302,0.8883333206176758
2026-01-24,2026-01-25T06:00:00Z,30,T2,0.0004899831837974489,0.0211477167904377,1.5860787630081177,0.01666666753590107,0.7816666960716248
2026-01-24,2026-01-25T07:00:00Z,31,T2,0.023387260735034943,0.034906335175037384,2.610950469970703,0.009999999776482582,0.2783333361148834
2026-01-24,2026-01-25T08:00:00Z,32,T2,0.05643633380532265,0.021666666492819786,1.6841038465499878,0.006666666828095913,0.2016666680574417
2026-01-24,2026-01-25T09:00:00Z,33,T2,0.09609202295541763,0.0232392568141222,2.1108884811401367,0.009999999776482582,0.10999999940395355
2026-01-24,2026-01-25T10:00:00Z,34,T2,0.1006913110613823,0.05280303210020065,3.1379871368408203,0.011666666716337204,0.21166667342185974
2026-01-24,2026-01-25T11:00:00Z,35,T2,0.16425476968288422,0.1854057013988495,4.971441268920898,0.008333333767950535,0.5400000214576721
2026-01-24,2026-01-25T12:00:00Z,36,T2,0.18116997182369232,0.2504597008228302,5.682781219482422,0.009999999776482582,0.6183333396911621
2026-01-24,2026-01-25T13:00:00Z,37,T2,0.17664243280887604,0.08640798926353455,3.752060651779175,0.009999999776482582,0.46666666865348816
2026-01-24,2026-01-25T14:00:00Z,38,T2,0.09523537755012512,0.028332220390439034,2.249972105026245,0.009999999776482582,0.24666666984558105
2026-01-24,2026-01-25T15:00:00Z,39,T2,0.07454438507556915,0.022682972252368927,2.0274457931518555,0.07500000298023224,0.125
2026-01-24,2026-01-25T16:00:00Z,40,T2,0.07719736546278,0.052115049213171005,3.0865049362182617,0.21166667342185974,0.013333333656191826
2026-01-24,2026-01-25T17:00:00Z,41,T2,0.07173915952444077,0.03406155854463577,2.484234094619751,0.20000000298023224,0.046666666865348816
2026-01-24,2026-01-25T18:00:00Z,42,T2,0.056553248316049576,0.0,1.1915287971496582,0.503333330154419,0.014999999664723873
2026-01-24,2026-01-25T19:00:00Z,43,T2,0.08565115183591843,0.0,0.6715444326400757,0.3566666543483734,0.009999999776482582
2026-01-24,2026-01-25T20:00:00Z,44,T2,0.08669151365756989,0.05958674103021622,3.392091989517212,0.2133333384990692,0.011666666716337204
2026-01-24,2026-01-25T21:00:00Z,45,T2,0.15906040370464325,0.08891937136650085,3.784817934036255,0.19833333790302277,0.009999999776482582
2026-01-24,2026-01-25T22:00:00Z,46,T2,0.25484994053840637,0.08978129923343658,3.796060562133789,0.37166666984558105,0.009999999776482582
2026-01-24,2026-01-25T23:00:00Z,47,T2,0.22789400815963745,0.1281283050775528,4.481637001037598,0.28166666626930237,0.009999999776482582
2026-01-24,2026-01-26T00:00:00Z,48,T2,0.21642084419727325,0.43621137738227844,6.858191967010498,0.3466666638851166,0.009999999776482582
2026-01-25,2026-01-25T01:00:00Z,1,STATION,0.005443043075501919,0.0,1.1071057319641113,0.07583333551883698,0.013333333656191826
2026-01-25,2026-01-25T02:00:00Z,2,STATION,0.01751203089952469,0.08232507854700089,3.6341872215270996,0.0949999988079071,0.030833333730697632
2026-01-25,2026-01-25T03:00:00Z,3,STATION,0.03321611136198044,0.07287199795246124,3.510286808013916,0.5149999856948853,0.22833333909511566
2026-01-25,2026-01-25T04:00:00Z,4,STATION,0.0,0.036648426204919815,2.4972636699676514,0.20333333313465118,0.4841666519641876
2026-01-25,2026-01-25T05:00:00Z,5,STATION,0.04875602573156357,0.0,1.2509316205978394,0.1158333346247673,0.5
2026-01-25,2026-01-25T06:00:00Z,6,STATION,0.010265156626701355,0.0,0.8988292217254639,0.01666666753590107,0.9574999809265137
2026-01-25,2026-01-25T07:00:00Z,7,STATION,0.007724942173808813,0.022233426570892334,1.83501398563385,0.009999999776482582,0.9016666412353516
2026-01-25,2026-01-25T08:00:00Z,8,STATION,0.06674005091190338,0.03626420348882675,2.4396307468414307,0.008333333767950535,0.8216666579246521
2026-01-25,2026-01-25T09:00:00Z,9,STATION,0.09599218517541885,0.021816248074173927,1.7724372148513794,0.009999999776482582,0.9850000143051147
2026-01-25,2026-01-25T10:00:00Z,10,STATION,0.06861036270856857,0.03197946026921272,2.292417049407959,0.010833333246409893,0.9883333444595337
2026-01-25,2026-01-25T11:00:00Z,11,STATION,0.12510590255260468,0.19333992898464203,5.012332439422607,0.009166666306555271,0.9850000143051147
2026-01-25,2026-01-25T12:00:00Z,12,STATION,0.15906983613967896,0.11246718466281891,4.206145286560059,0.009999999776482582,0.9900000095367432
2026-01-25,2026-01-25T13:00:00Z,13,STATION,0.11374642699956894,0.11296240985393524,4.239160537719727,0.009999999776482582,0.9900000095367432
2026-01-25,2026-01-25T14:00:00Z,14,STATION,0.1407172530889511,0.09001126140356064,3.741436243057251,0.009999999776482582,0.9900000095367432
2026-01-25,2026-01-25T15:00:00Z,15,STATION,0.07543736696243286,0.0760977491736412,3.5523619651794434,0.0808333307504654,0.9466666579246521
2026-01-25,2026-01-25T16:00:00Z,16,STATION,0.04985148459672928,0.053124602884054184,2.9999659061431885,0.20083333551883698,0.9850000143051147
2026-01-25,2026-01-25T17:00:00Z,17,STATION,0.07456076145172119,0.021365275606513023,1.7047913074493408,0.21833333373069763,0.9900000095367432
2026-01-25,2026-01-25T18:00:00Z,18,STATION,0.05876879021525383,0.0,0.521862268447876,0.5258333086967468,0.9750000238418579
2026-01-25,2026-01-25T19:00:00Z,19,STATION,0.02153240144252777,0.020036574453115463,1.5453240871429443,0.3725000023841858,0.965833306312561
2026-01-25,2026-01-25T20:00:00Z,20,STATION,0.08119043707847595,0.030381737276911736,2.2581801414489746,0.2433333396911621,0.8433333039283752
2026-01-25,2026-01-25T21:00:00Z,21,STATION,0.14100027084350586,0.08087563514709473,3.614682197570801,0.21166667342185974,0.34166666865348816
2026-01-25,2026-01-25T22:00:00Z,22,STATION,0.2516741454601288,0.1870477795600891,4.938307285308838,0.34166666865348816,0.3333333432674408
2026-01-25,2026-01-25T23:00:00Z,23,STATION,0.3574672341346741,0.21577508747577667,5.201386451721191,0.3166666626930237,0.7041666507720947
2026-01-25,2026-01-26T00:00:00Z,24,STATION,0.29256585240364075,0.27628692984580994,5.818716049194336,0.37416666746139526,0.2708333432674408
2026-01-25,2026-01-26T01:00:00Z,25,STATION,0.32990387082099915,0.4042236804962158,6.432631492614746,0.4283333420753479,0.013333333656191826
2026-01-25,2026-01-26T02:00:00Z,26,STATION,0.2924627959728241,0.43965578079223633,6.798188209533691,0.2775000035762787,0.030833333730697632
2026-01-25,2026-01-26T03:00:00Z,27,STATION,0.188944011926651,0.46028244495391846,6.93486213684082,0.18250000476837158,0.22833333909511566
2026-01-25,2026-01-26T04:00:00Z,28,STATION,0.20805241167545319,0.5763280987739563,7.5224609375,0.2758333384990692,0.4841666519641876
2026-01-25,2026-01-26T05:00:00Z,29,STATION,0.5051621794700623,0.7009788751602173,8.52119255065918,0.21833333373069763,0.5
2026-01-25,2026-01-26T06:00:00Z,30,STATION,0.3737155795097351,0.43911460041999817,6.7909722328186035,0.3733333349227905,0.9574999809265137
2026-01-25,2026-01-26T07:00:00Z,31,STATION,0.42557817697525024,0.5625039935112,7.4187798500061035,0.6491666436195374,0.9016666412353516
2026-01-25,2026-01-26T08:00:00Z,32,STATION,0.627804160118103,0.6829282641410828,8.251158714294434,0.846666693687439,0.8216666579246521
2026-01-25,2026-01-26T09:00:00Z,33,STATION,0.7203369736671448,0.7004250288009644,8.516376495361328,0.7708333134651184,0.9850000143051147
2026-01-25,2026-01-26T10:00:00Z,34,STATION,0.776561439037323,0.7158873677253723,8.743827819824219,0.809166669845581,0.9883333444595337
2026-01-25,2026-01-26T11:00:00Z,35,STATION,0.7176381349563599,0.6804766058921814,8.035744667053223,0.5566666722297668,0.9850000143051147
2026-01-25,2026-01-26T12:00:00Z,36,STATION,0.7024531960487366,0.5906204581260681,7.626756191253662,0.6766666769981384,0.9900000095367432
2026-01-25,2026-01-26T13:00:00Z,37,STATION,0.4697878658771515,0.5206655859947205,7.191943645477295,0.40833333134651184,0.9900000095367432
2026-01-25,2026-01-26T14:00:00Z,38,STATION,0.34472137689590454,0.5114493370056152,7.145081520080566,0.6850000023841858,0.9900000095367432
2026-01-25,2026-01-26T15:00:00Z,39,STATION,0.27678123116493225,0.49604445695877075,7.0788702964782715,0.6766666769981384,0.9466666579246521
2026-01-25,2026-01-26T16:00:00Z,40,STATION,0.16831335425376892,0.47354236245155334,6.988257884979248,0.11416666954755783,0.9850000143051147
2026-01-25,2026-01-26T17:00:00Z,41,STATION,0.20424826443195343,0.3240838348865509,6.185130596160889,0.41083332896232605,0.9900000095367432
2026-01-25,2026-01-26T18:00:00Z,42,STATION,0.2266693115234375,0.14542943239212036,4.563223361968994,0.8491666913032532,0.9750000238418579
2026-01-25,2026-01-26T19:00:00Z,43,STATION,0.15923157334327698,0.11184631288051605,4.1647539138793945,0.8683333396911621,0.965833306312561
2026-01-25,2026-01-26T20:00:00Z,44,STATION,0.15601851046085358,0.0855930745601654,3.6797871589660645,0.6266666650772095,0.8433333039283752
2026-01-25,2026-01-26T21:00:00Z,45,STATION,0.11635497957468033,0.06133253127336502,3.338132619857788,0.4883333444595337,0.34166666865348816
2026-01-25,2026-01-26T22:00:00Z,46,STATION,0.13517533242702484,0.05284208804368973,2.975750207901001,0.7758333086967468,0.3333333432674408
2026-01-25,2026-01-26T23:00:00Z,47,STATION,0.07703962177038193,0.02239741012454033,1.8596116304397583,0.7141666412353516,0.7041666507720947
2026-01-25,2026-01-27T00:00:00Z,48,STATION,0.020080309361219406,0.0,1.1261789798736572,0.6541666388511658,0.2708333432674408
2026-01-25,2026-01-25T01:00:00Z,1,T1,0.010886086151003838,0.0,1.1071057319641113,0.0716666653752327,0.01666666753590107
2026-01-25,2026-01-25T02:00:00Z,2,T1,0.01111020427197218,0.08727914094924927,3.6341872215270996,0.09333333373069763,0.036666665226221085
2026-01-25,2026-01-25T03:00:00Z,3,T1,0.026643620803952217,0.07748962193727493,3.510286808013916,0.5016666650772095,0.3216666579246521
2026-01-25,2026-01-25T04:00:00Z,4,T1,0.0,0.039148423820734024,2.4972636699676514,0.20333333313465118,0.9583333134651184
2026-01-25,2026-01-25T05:00:00Z,5,T1,0.03279169276356697,0.0,1.2509316205978394,0.11999999731779099,0.9900000095367432
2026-01-25,2026-01-25T06:00:00Z,6,T1,0.010325759649276733,0.0,0.8988292217254639,0.01666666753590107,0.9900000095367432
2026-01-25,2026-01-25T07:00:00Z,7,T1,0.009003679268062115,0.022800186648964882,1.83501398563385,0.009999999776482582,0.9900000095367432
2026-01-25,2026-01-25T08:00:00Z,8,T1,0.060259975492954254,0.03876420482993126,2.4396307468414307,0.009999999776482582,0.8533333539962769
2026-01-25,2026-01-25T09:00:00Z,9,T1,0.08619651198387146,0.02196582965552807,1.7724372148513794,0.009999999776482582,0.9900000095367432
2026-01-25,2026-01-25T10:00:00Z,10,T1,0.08210474997758865,0.03392890840768814,2.292417049407959,0.009999999776482582,0.9900000095367432
2026-01-25,2026-01-25T11:00:00Z,11,T1,0.12018349766731262,0.19827546179294586,5.012332439422607,0.009999999776482582,0.9850000143051147
2026-01-25,2026-01-25T12:00:00Z,12,T1,0.1698913425207138,0.11774860322475433,4.206145286560059,0.009999999776482582,0.9900000095367432
2026-01-25,2026-01-25T13:00:00Z,13,T1,0.10691136121749878,0.11818880587816238,4.239160537719727,0.009999999776482582,0.9900000095367432
2026-01-25,2026-01-25T14:00:00Z,14,T1,0.13558505475521088,0.09442908316850662,3.741436243057251,0.009999999776482582,0.9900000095367432
2026-01-25,2026-01-25T15:00:00Z,15,T1,0.07481138408184052,0.08085562288761139,3.5523619651794434,0.08666666597127914,0.9300000071525574
2026-01-25,2026-01-25T16:00:00Z,16,T1,0.04467184469103813,0.054999545216560364,2.9999659061431885,0.1899999976158142,0.9883333444595337
2026-01-25,2026-01-25T17:00:00Z,17,T1,0.07900343090295792,0.02106388472020626,1.7047913074493408,0.23666666448116302,0.9900000095367432
2026-01-25,2026-01-25T18:00:00Z,18,T1,0.047612689435482025,0.0,0.521862268447876,0.5483333468437195,0.9599999785423279
2026-01-25,2026-01-25T19:00:00Z,19,T1,0.022038394585251808,0.019468827173113823,1.5453240871429443,0.3883333206176758,0.9599999785423279
2026-01-25,2026-01-25T20:00:00Z,20,T1,0.08410127460956573,0.03210293874144554,2.2581801414489746,0.273333340883255,0.8833333253860474
2026-01-25,2026-01-25T21:00:00Z,21,T1,0.17310622334480286,0.08584123849868774,3.614682197570801,0.22499999403953552,0.37166666984558105
2026-01-25,2026-01-25T22:00:00Z,22,T1,0.25855693221092224,0.1911197006702423,4.938307285308838,0.31166666746139526,0.351666659116745
2026-01-25,2026-01-25T23:00:00Z,23,T1,0.3755923807621002,0.22291626036167145,5.201386451721191,0.351666659116745,0.6683333516120911
2026-01-25,2026-01-26T00:00:00Z,24,T1,0.2760089933872223,0.2853488624095917,5.818716049194336,0.40166667103767395,0.27666667103767395
2026-01-25,2026-01-26T01:00:00Z,25,T1,0.3195893168449402,0.4106333255767822,6.432631492614746,0.4449999928474426,0.01666666753590107
2026-01-25,2026-01-26T02:00:00Z,26,T1,0.2928989827632904,0.44770047068595886,6.798188209533691,0.3149999976158142,0.036666665226221085
2026-01-25,2026-01-26T03:00:00Z,27,T1,0.17711804807186127,0.46809935569763184,6.93486213684082,0.20666666328907013,0.3216666579246521
2026-01-25,2026-01-26T04:00:00Z,28,T1,0.2329965978860855,0.5878255367279053,7.5224609375,0.3216666579246521,0.9583333134651184
2026-01-25,2026-01-26T05:00:00Z,29,T1,0.48879897594451904,0.7025431394577026,8.52119255065918,0.22499999403953552,0.9900000095367432
2026-01-25,2026-01-26T06:00:00Z,30,T1,0.38221871852874756,0.44717130064964294,6.7909722328186035,0.35499998927116394,0.9900000095367432
2026-01-25,2026-01-26T07:00:00Z,31,T1,0.38760244846343994,0.567089319229126,7.4187798500061035,0.6183333396911621,0.9900000095367432
2026-01-25,2026-01-26T08:00:00Z,32,T1,0.6275588274002075,0.6837615966796875,8.251158714294434,0.8700000047683716,0.8533333539962769
2026-01-25,2026-01-26T09:00:00Z,33,T1,0.7185478210449219,0.7019652128219604,8.516376495361328,0.7549999952316284,0.9900000095367432
2026-01-25,2026-01-26T10:00:00Z,34,T1,0.7850064039230347,0.7165843844413757,8.743827819824219,0.7933333516120911,0.9900000095367432
2026-01-25,2026-01-26T11:00:00Z,35,T1,0.715064525604248,0.6816074252128601,8.035744667053223,0.4983333349227905,0.9850000143051147
2026-01-25,2026-01-26T12:00:00Z,36,T1,0.748887836933136,0.6088367104530334,7.626756191253662,0.621666669845581,0.9900000095367432
2026-01-25,2026-01-26T13:00:00Z,37,T1,0.5336376428604126,0.5266035199165344,7.191943645477295,0.3916666805744171,0.9900000095367432
2026-01-25,2026-01-26T14:00:00Z,38,T1,0.39267757534980774,0.5184807777404785,7.145081520080566,0.6349999904632568,0.9900000095367432
2026-01-25,2026-01-26T15:00:00Z,39,T1,0.29861223697662354,0.5036213397979736,7.0788702964782715,0.6233333349227905,0.9300000071525574
2026-01-25,2026-01-26T16:00:00Z,40,T1,0.17558249831199646,0.4812702536582947,6.988257884979248,0.10166666656732559,0.9883333444595337
2026-01-25,2026-01-26T17:00:00Z,41,T1,0.26314854621887207,0.3286513686180115,6.185130596160889,0.42500001192092896,0.9900000095367432
2026-01-25,2026-01-26T18:00:00Z,42,T1,0.20628218352794647,0.148860901594162,4.563223361968994,0.8399999737739563,0.9599999785423279
2026-01-25,2026-01-26T19:00:00Z,43,T1,0.15301288664340973,0.11719672381877899,4.1647539138793945,0.8316666483879089,0.9599999785423279
2026-01-25,2026-01-26T20:00:00Z,44,T1,0.15029005706310272,0.09031913429498672,3.6797871589660645,0.6116666793823242,0.8833333253860474
2026-01-25,2026-01-26T21:00:00Z,45,T1,0.1124730035662651,0.06519196927547455,3.338132619857788,0.4983333349227905,0.37166666984558105
2026-01-25,2026-01-26T22:00:00Z,46,T1,0.15827330946922302,0.05467667058110237,2.975750207901001,0.7766666412353516,0.351666659116745
2026-01-25,2026-01-26T23:00:00Z,47,T1,0.08405669033527374,0.02312815561890602,1.8596116304397583,0.7166666388511658,0.6683333516120911
2026-01-25,2026-01-27T00:00:00Z,48,T1,0.03682691976428032,0.0,1.1261789798736572,0.6899999976158142,0.27666667103767395
2026-01-25,2026-01-25T01:00:00Z,1,T2,0.0,0.0,1.1071057319641113,0.07999999821186066,0.009999999776482582
2026-01-25,2026-01-25T02:00:00Z,2,T2,0.023913858458399773,0.0773710161447525,3.6341872215270996,0.09666666388511658,0.02500000037252903
2026-01-25,2026-01-25T03:00:00Z,3,T2,0.03978860378265381,0.06825437396764755,3.510286808013916,0.528333306312561,0.13500000536441803
2026-01-25,2026-01-25T04:00:00Z,4,T2,0.0,0.03414842486381531,2.4972636699676514,0.20333333313465118,0.009999999776482582
2026-01-25,2026-01-25T05:00:00Z,5,T2,0.06472036242485046,0.0,1.2509316205978394,0.11166666448116302,0.009999999776482582
2026-01-25,2026-01-25T06:00:00Z,6,T2,0.010204552672803402,0.0,0.8988292217254639,0.01666666753590107,0.925000011920929
2026-01-25,2026-01-25T07:00:00Z,7,T2,0.006446205545216799,0.021666666492819786,1.83501398563385,0.009999999776482582,0.8133333325386047
2026-01-25,2026-01-25T08:00:00Z,8,T2,0.07322011888027191,0.03376420587301254,2.4396307468414307,0.006666666828095913,0.7900000214576721
2026-01-25,2026-01-25T09:00:00Z,9,T2,0.10578785836696625,0.021666666492819786,1.7724372148513794,0.009999999776482582,0.9800000190734863
2026-01-25,2026-01-25T10:00:00Z,10,T2,0.05511598289012909,0.030030013993382454,2.292417049407959,0.011666666716337204,0.9866666793823242
2026-01-25,2026-01-25T11:00:00Z,11,T2,0.13002829253673553,0.188404381275177,5.012332439422607,0.008333333767950535,0.9850000143051147
2026-01-25,2026-01-25T12:00:00Z,12,T2,0.1482483446598053,0.10718575865030289,4.206145286560059,0.009999999776482582,0.9900000095367432
2026-01-25,2026-01-25T13:00:00Z,13,T2,0.1205814853310585,0.1077360063791275,4.239160537719727,0.009999999776482582,0.9900000095367432
2026-01-25,2026-01-25T14:00:00Z,14,T2,0.14584946632385254,0.08559343963861465,3.741436243057251,0.009999999776482582,0.9900000095367432
2026-01-25,2026-01-25T15:00:00Z,15,T2,0.07606334984302521,0.07133987545967102,3.5523619651794434,0.07500000298023224,0.9633333086967468
2026-01-25,2026-01-25T16:00:00Z,16,T2,0.055031124502420425,0.051249660551548004,2.9999659061431885,0.21166667342185974,0.9816666841506958
2026-01-25,2026-01-25T17:00:00Z,17,T2,0.07011809200048447,0.021666666492819786,1.7047913074493408,0.20000000298023224,0.9900000095367432
2026-01-25,2026-01-25T18:00:00Z,18,T2,0.06992489099502563,0.0,0.521862268447876,0.503333330154419,0.9900000095367432
2026-01-25,2026-01-25T19:00:00Z,19,T2,0.021026408299803734,0.020604319870471954,1.5453240871429443,0.3566666543483734,0.971666693687439
2026-01-25,2026-01-25T20:00:00Z,20,T2,0.07827960699796677,0.02866053581237793,2.2581801414489746,0.2133333384990692,0.8033333420753479
2026-01-25,2026-01-25T21:00:00Z,21,T2,0.10889432579278946,0.07591002434492111,3.614682197570801,0.19833333790302277,0.31166666746139526
2026-01-25,2026-01-25T22:00:00Z,22,T2,0.24479134380817413,0.1829758584499359,4.938307285308838,0.37166666984558105,0.3149999976158142
2026-01-25,2026-01-25T23:00:00Z,23,T2,0.3393421173095703,0.2086339145898819,5.201386451721191,0.28166666626930237,0.7400000095367432
2026-01-25,2026-01-26T00:00:00Z,24,T2,0.3091226816177368,0.2672249972820282,5.818716049194336,0.3466666638851166,0.26499998569488525
2026-01-25,2026-01-26T01:00:00Z,25,T2,0.3402183949947357,0.3978140354156494,6.432631492614746,0.4116666615009308,0.009999999776482582
2026-01-25,2026-01-26T02:00:00Z,26,T2,0.2920266091823578,0.4316110908985138,6.798188209533691,0.23999999463558197,0.02500000037252903
2026-01-25,2026-01-26T03:00:00Z,27,T2,0.20076999068260193,0.45246556401252747,6.93486213684082,0.15833333134651184,0.13500000536441803
2026-01-25,2026-01-26T04:00:00Z,28,T2,0.18310824036598206,0.5648307204246521,7.5224609375,0.23000000417232513,0.009999999776482582
2026-01-25,2026-01-26T05:00:00Z,29,T2,0.5215253233909607,0.6994145512580872,8.52119255065918,0.21166667342185974,0.009999999776482582
2026-01-25,2026-01-26T06:00:00Z,30,T2,0.36521244049072266,0.4310579001903534,6.7909722328186035,0.3916666805744171,0.925000011920929
2026-01-25,2026-01-26T07:00:00Z,31,T2,0.46355393528938293,0.5579186677932739,7.4187798500061035,0.6800000071525574,0.8133333325386047
2026-01-25,2026-01-26T08:00:00Z,32,T2,0.6280494928359985,0.682094931602478,8.251158714294434,0.8233333230018616,0.7900000214576721
2026-01-25,2026-01-26T09:00:00Z,33,T2,0.7221261858940125,0.6988847851753235,8.516376495361328,0.7866666913032532,0.9800000190734863
2026-01-25,2026-01-26T10:00:00Z,34,T2,0.7681164145469666,0.7151903510093689,8.743827819824219,0.824999988079071,0.9866666793823242
2026-01-25,2026-01-26T11:00:00Z,35,T2,0.7202118039131165,0.6793457269668579,8.035744667053223,0.6150000095367432,0.9850000143051147
2026-01-25,2026-01-26T12:00:00Z,36,T2,0.6560186147689819,0.5724042057991028,7.626756191253662,0.7316666841506958,0.9900000095367432
2026-01-25,2026-01-26T13:00:00Z,37,T2,0.40593811869621277,0.5147275924682617,7.191943645477295,0.42500001192092896,0.9900000095367432
2026-01-25,2026-01-26T14:00:00Z,38,T2,0.29676520824432373,0.504417896270752,7.145081520080566,0.7350000143051147,0.9900000095367432
2026-01-25,2026-01-26T15:00:00Z,39,T2,0.2549501955509186,0.48846757411956787,7.0788702964782715,0.7300000190734863,0.9633333086967468
2026-01-25,2026-01-26T16:00:00Z,40,T2,0.16104421019554138,0.465814471244812,6.988257884979248,0.12666666507720947,0.9816666841506958
2026-01-25,2026-01-26T17:00:00Z,41,T2,0.1453479826450348,0.31951630115509033,6.185130596160889,0.39666667580604553,0.9900000095367432
2026-01-25,2026-01-26T18:00:00Z,42,T2,0.24705643951892853,0.14199796319007874,4.563223361968994,0.8583333492279053,0.9900000095367432
2026-01-25,2026-01-26T19:00:00Z,43,T2,0.16545026004314423,0.10649590194225311,4.1647539138793945,0.9049999713897705,0.971666693687439
2026-01-25,2026-01-26T20:00:00Z,44,T2,0.16174696385860443,0.08086700737476349,3.6797871589660645,0.6416666507720947,0.8033333420753479
2026-01-25,2026-01-26T21:00:00Z,45,T2,0.12023695558309555,0.05747309327125549,3.338132619857788,0.47833332419395447,0.31166666746139526
2026-01-25,2026-01-26T22:00:00Z,46,T2,0.11207736283540726,0.051007501780986786,2.975750207901001,0.7749999761581421,0.3149999976158142
2026-01-25,2026-01-26T23:00:00Z,47,T2,0.07002255320549011,0.021666666492819786,1.8596116304397583,0.7116666436195374,0.7400000095367432
2026-01-25,2026-01-27T00:00:00Z,48,T2,0.003333697561174631,0.0,1.1261789798736572,0.6183333396911621,0.26499998569488525
2026-01-26,2026-01-26T01:00:00Z,1,STATION,0.34541305899620056,0.41882574558258057,6.5577921867370605,0.4283333420753479,0.07583333551883698
2026-01-26,2026-01-26T02:00:00Z,2,STATION,0.2906864583492279,0.4444735646247864,6.862425327301025,0.2775000035762787,0.0949999988079071
2026-01-26,2026-01-26T03:00:00Z,3,STATION,0.2940118908882141,0.4763025641441345,6.999372482299805,0.18250000476837158,0.5149999856948853
2026-01-26,2026-01-26T04:00:00Z,4,STATION,0.2667008936405182,0.6035445928573608,7.663333892822266,0.2758333384990692,0.20333333313465118
2026-01-26,2026-01-26T05:00:00Z,5,STATION,0.5655242800712585,0.7690224647521973,9.0479097366333,0.21833333373069763,0.1158333346247673
2026-01-26,2026-01-26T06:00:00Z,6,STATION,0.486819326877594,0.4796401262283325,7.012812614440918,0.3733333349227905,0.01666666753590107
2026-01-26,2026-01-26T07:00:00Z,7,STATION,0.6025589108467102,0.6319423913955688,7.743704795837402,0.6491666436195374,0.009999999776482582
2026-01-26,2026-01-26T08:00:00Z,8,STATION,0.6685459613800049,0.683494508266449,8.307781219482422,0.846666693687439,0.008333333767950535
2026-01-26,2026-01-26T09:00:00Z,9,STATION,0.7592905759811401,0.6787545084953308,7.90658712387085,0.7708333134651184,0.009999999776482582
2026-01-26,2026-01-26T10:00:00Z,10,STATION,0.7437785267829895,0.6826035380363464,8.218688011169434,0.809166669845581,0.010833333246409893
2026-01-26,2026-01-26T11:00:00Z,11,STATION,0.7406657934188843,0.6792805790901184,7.946042060852051,0.5566666722297668,0.009166666306555271
2026-01-26,2026-01-26T12:00:00Z,12,STATION,0.7124704122543335,0.5635256767272949,7.426442623138428,0.6766666769981384,0.009999999776482582
2026-01-26,2026-01-26T13:00:00Z,13,STATION,0.5464746952056885,0.5283530950546265,7.231032848358154,0.40833333134651184,0.009999999776482582
2026-01-26,2026-01-26T14:00:00Z,14,STATION,0.3990160822868347,0.5507925748825073,7.3451313972473145,0.6850000023841858,0.009999999776482582
2026-01-26,2026-01-26T15:00:00Z,15,STATION,0.34299710392951965,0.5732682943344116,7.499512195587158,0.6766666769981384,0.0808333307504654
2026-01-26,2026-01-26T16:00:00Z,16,STATION,0.35032737255096436,0.6553381681442261,7.809919357299805,0.11416666954755783,0.20083333551883698
2026-01-26,2026-01-26T17:00:00Z,17,STATION,0.38570889830589294,0.663173496723175,7.832094669342041,0.41083332896232605,0.21833333373069763
2026-01-26,2026-01-26T18:00:00Z,18,STATION,0.29782411456108093,0.679741382598877,7.980604648590088,0.8491666913032532,0.5258333086967468
2026-01-26,2026-01-26T19:00:00Z,19,STATION,0.2994619607925415,0.6442281007766724,7.778475761413574,0.8683333396911621,0.3725000023841858
2026-01-26,2026-01-26T20:00:00Z,20,STATION,0.22898004949092865,0.46330803632736206,6.947045803070068,0.6266666650772095,0.2433333396911621
2026-01-26,2026-01-26T21:00:00Z,21,STATION,0.2718472182750702,0.2702879011631012,5.7758660316467285,0.4883333444595337,0.21166667342185974
2026-01-26,2026-01-26T22:00:00Z,22,STATION,0.22173941135406494,0.18600161373615265,4.925999641418457,0.7758333086967468,0.34166666865348816
2026-01-26,2026-01-26T23:00:00Z,23,STATION,0.2083006054162979,0.11180107295513153,4.16173791885376,0.7141666412353516,0.3166666626930237
2026-01-26,2026-01-27T00:00:00Z,24,STATION,0.05808907002210617,0.15849430859088898,4.654310703277588,0.6541666388511658,0.37416666746139526
2026-01-26,2026-01-27T01:00:00Z,25,STATION,0.039732612669467926,0.020265400409698486,1.5682066679000854,0.11916666477918625,0.07583333551883698
2026-01-26,2026-01-27T02:00:00Z,26,STATION,0.006629299838095903,0.021449130028486252,1.717369556427002,0.014999999664723873,0.0949999988079071
2026-01-26,2026-01-27T03:00:00Z,27,STATION,0.00435359962284565,0.0,1.3646479845046997,0.009999999776482582,0.5149999856948853
2026-01-26,2026-01-27T04:00:00Z,28,STATION,0.0,0.0,1.2211264371871948,0.009999999776482582,0.20333333313465118
2026-01-26,2026-01-27T05:00:00Z,29,STATION,0.0020610750652849674,0.0,1.3493516445159912,0.009166666306555271,0.1158333346247673
2026-01-26,2026-01-27T06:00:00Z,30,STATION,0.020770693197846413,0.0,0.9872148036956787,0.009999999776482582,0.01666666753590107
2026-01-26,2026-01-27T07:00:00Z,31,STATION,0.03852023556828499,0.0,0.6875321865081787,0.009999999776482582,0.009999999776482582
2026-01-26,2026-01-27T08:00:00Z,32,STATION,0.04829462245106697,0.0,1.0652283430099487,0.009999999776482582,0.008333333767950535
2026-01-26,2026-01-27T09:00:00Z,33,STATION,0.05658753216266632,0.0,1.014448881149292,0.009999999776482582,0.009999999776482582
2026-01-26,2026-01-27T10:00:00Z,34,STATION,0.1051093116402626,0.0,0.20887508988380432,0.009999999776482582,0.010833333246409893
2026-01-26,2026-01-27T11:00:00Z,35,STATION,0.08326352387666702,0.0,0.6477630138397217,0.009999999776482582,0.009166666306555271
2026-01-26,2026-01-27T12:00:00Z,36,STATION,0.03183145821094513,0.0,0.7594107985496521,0.009999999776482582,0.009999999776482582
2026-01-26,2026-01-27T13:00:00Z,37,STATION,0.022090908139944077,0.0,1.2091888189315796,0.009999999776482582,0.009999999776482582
2026-01-26,2026-01-27T14:00:00Z,38,STATION,0.01361372135579586,0.0,1.2989921569824219,0.009999999776482582,0.009999999776482582
2026-01-26,2026-01-27T15:00:00Z,39,STATION,0.07765472680330276,0.021248869597911835,1.6873303651809692,0.014999999664723873,0.0808333307504654
2026-01-26,2026-01-27T16:00:00Z,40,STATION,0.07527906447649002,0.022382577881217003,1.8573867082595825,0.008333333767950535,0.20083333551883698
2026-01-26,2026-01-27T17:00:00Z,41,STATION,0.06832042336463928,0.02278940938413143,1.918411374092102,0.008333333767950535,0.21833333373069763
2026-01-26,2026-01-27T18:00:00Z,42,STATION,0.07240942865610123,0.05208922177553177,2.9112188816070557,0.009999999776482582,0.5258333086967468
2026-01-26,2026-01-27T19:00:00Z,43,STATION,0.08934900164604187,0.06177327036857605,3.352050542831421,0.009999999776482582,0.3725000023841858
2026-01-26,2026-01-27T20:00:00Z,44,STATION,0.13556914031505585,0.08593253791332245,3.684523820877075,0.009999999776482582,0.2433333396911621
2026-01-26,2026-01-27T21:00:00Z,45,STATION,0.1282532662153244,0.11157873272895813,4.146915435791016,0.009999999776482582,0.21166667342185974
2026-01-26,2026-01-27T22:00:00Z,46,STATION,0.08923366665840149,0.16130825877189636,4.681110382080078,0.009999999776482582,0.34166666865348816
2026-01-26,2026-01-27T23:00:00Z,47,STATION,0.09352486580610275,0.24900326132774353,5.615196228027344,0.009999999776482582,0.3166666626930237
2026-01-26,2026-01-28T00:00:00Z,48,STATION,0.26024705171585083,0.4029475450515747,6.421693325042725,0.009999999776482582,0.37416666746139526
2026-01-26,2026-01-26T01:00:00Z,1,T1,0.3565797805786133,0.426486998796463,6.5577921867370605,0.4449999928474426,0.0716666653752327
2026-01-26,2026-01-26T02:00:00Z,2,T1,0.3209364116191864,0.4524112045764923,6.862425327301025,0.3149999976158142,0.09333333373069763
2026-01-26,2026-01-26T03:00:00Z,3,T1,0.28699859976768494,0.4840119481086731,6.999372482299805,0.20666666328907013,0.5016666650772095
2026-01-26,2026-01-26T04:00:00Z,4,T1,0.29779621958732605,0.6193223595619202,7.663333892822266,0.3216666579246521,0.20333333313465118
2026-01-26,2026-01-26T05:00:00Z,5,T1,0.5675814747810364,0.7719354629516602,9.0479097366333,0.22499999403953552,0.11999999731779099
2026-01-26,2026-01-26T06:00:00Z,6,T1,0.4808342456817627,0.48732709884643555,7.012812614440918,0.35499998927116394,0.01666666753590107
2026-01-26,2026-01-26T07:00:00Z,7,T1,0.591580331325531,0.6423620581626892,7.743704795837402,0.6183333396911621,0.009999999776482582
2026-01-26,2026-01-26T08:00:00Z,8,T1,0.6723427772521973,0.6843278408050537,8.307781219482422,0.8700000047683716,0.009999999776482582
2026-01-26,2026-01-26T09:00:00Z,9,T1,0.7068782448768616,0.6803158521652222,7.90658712387085,0.7549999952316284,0.009999999776482582
2026-01-26,2026-01-26T10:00:00Z,10,T1,0.7381970882415771,0.6834368705749512,8.218688011169434,0.7933333516120911,0.009999999776482582
2026-01-26,2026-01-26T11:00:00Z,11,T1,0.755815863609314,0.6807104349136353,7.946042060852051,0.4983333349227905,0.009999999776482582
2026-01-26,2026-01-26T12:00:00Z,12,T1,0.7330875992774963,0.5686218738555908,7.426442623138428,0.621666669845581,0.009999999776482582
2026-01-26,2026-01-26T13:00:00Z,13,T1,0.6167283654212952,0.5333790183067322,7.231032848358154,0.3916666805744171,0.009999999776482582
2026-01-26,2026-01-26T14:00:00Z,14,T1,0.45573392510414124,0.5531561374664307,7.3451313972473145,0.6349999904632568,0.009999999776482582
2026-01-26,2026-01-26T15:00:00Z,15,T1,0.38087815046310425,0.5832358002662659,7.499512195587158,0.6233333349227905,0.08666666597127914
2026-01-26,2026-01-26T16:00:00Z,16,T1,0.4010772705078125,0.661343514919281,7.809919357299805,0.10166666656732559,0.1899999976158142
2026-01-26,2026-01-26T17:00:00Z,17,T1,0.3920789361000061,0.667700469493866,7.832094669342041,0.42500001192092896,0.23666666448116302
2026-01-26,2026-01-26T18:00:00Z,18,T1,0.3537580370903015,0.681056022644043,7.980604648590088,0.8399999737739563,0.5483333468437195
2026-01-26,2026-01-26T19:00:00Z,19,T1,0.34221819043159485,0.6523297429084778,7.778475761413574,0.8316666483879089,0.3883333206176758
2026-01-26,2026-01-26T20:00:00Z,20,T1,0.29622772336006165,0.47110462188720703,6.947045803070068,0.6116666793823242,0.273333340883255
2026-01-26,2026-01-26T21:00:00Z,21,T1,0.31576433777809143,0.2786356806755066,5.7758660316467285,0.4983333349227905,0.22499999403953552
2026-01-26,2026-01-26T22:00:00Z,22,T1,0.2277267724275589,0.18992994725704193,4.925999641418457,0.7766666412353516,0.31166666746139526
2026-01-26,2026-01-26T23:00:00Z,23,T1,0.16818419098854065,0.1171565055847168,4.16173791885376,0.7166666388511658,0.351666659116745
2026-01-26,2026-01-27T00:00:00Z,24,T1,0.035867754369974136,0.161459818482399,4.654310703277588,0.6899999976158142,0.40166667103767395
2026-01-26,2026-01-27T01:00:00Z,25,T1,0.03875332698225975,0.01962137781083584,1.5682066679000854,0.14499999582767487,0.0716666653752327
2026-01-26,2026-01-27T02:00:00Z,26,T1,0.0,0.021231593564152718,1.717369556427002,0.014999999664723873,0.09333333373069763
2026-01-26,2026-01-27T03:00:00Z,27,T1,0.0,0.0,1.3646479845046997,0.009999999776482582,0.5016666650772095
2026-01-26,2026-01-27T04:00:00Z,28,T1,0.0,0.0,1.2211264371871948,0.009999999776482582,0.20333333313465118
2026-01-26,2026-01-27T05:00:00Z,29,T1,0.0009630004642531276,0.0,1.3493516445159912,0.009999999776482582,0.11999999731779099
2026-01-26,2026-01-27T06:00:00Z,30,T1,0.023806722834706306,0.0,0.9872148036956787,0.009999999776482582,0.01666666753590107
2026-01-26,2026-01-27T07:00:00Z,31,T1,0.04177349433302879,0.0,0.6875321865081787,0.009999999776482582,0.009999999776482582
2026-01-26,2026-01-27T08:00:00Z,32,T1,0.05196002125740051,0.0,1.0652283430099487,0.009999999776482582,0.009999999776482582
2026-01-26,2026-01-27T09:00:00Z,33,T1,0.05046161636710167,0.0,1.014448881149292,0.009999999776482582,0.009999999776482582
2026-01-26,2026-01-27T10:00:00Z,34,T1,0.110746368765831,0.0,0.20887508988380432,0.009999999776482582,0.009999999776482582
2026-01-26,2026-01-27T11:00:00Z,35,T1,0.09275855123996735,0.0,0.6477630138397217,0.009999999776482582,0.009999999776482582
2026-01-26,2026-01-27T12:00:00Z,36,T1,0.021723804995417595,0.0,0.7594107985496521,0.009999999776482582,0.009999999776482582
2026-01-26,2026-01-27T13:00:00Z,37,T1,0.015981972217559814,0.0,1.2091888189315796,0.009999999776482582,0.009999999776482582
2026-01-26,2026-01-27T14:00:00Z,38,T1,0.0,0.0,1.2989921569824219,0.009999999776482582,0.009999999776482582
2026-01-26,2026-01-27T15:00:00Z,39,T1,0.09893634170293808,0.020831070840358734,1.6873303651809692,0.014999999664723873,0.08666666597127914
2026-01-26,2026-01-27T16:00:00Z,40,T1,0.10652869939804077,0.02309848926961422,1.8573867082595825,0.009999999776482582,0.1899999976158142
2026-01-26,2026-01-27T17:00:00Z,41,T1,0.10478057712316513,0.023622741922736168,1.918411374092102,0.009999999776482582,0.23666666448116302
2026-01-26,2026-01-27T18:00:00Z,42,T1,0.06775487959384918,0.05381625145673752,2.9112188816070557,0.009999999776482582,0.5483333468437195
2026-01-26,2026-01-27T19:00:00Z,43,T1,0.09405358135700226,0.06574869155883789,3.352050542831421,0.009999999776482582,0.3883333206176758
2026-01-26,2026-01-27T20:00:00Z,44,T1,0.13363754749298096,0.09063491970300674,3.684523820877075,0.009999999776482582,0.273333340883255
2026-01-26,2026-01-27T21:00:00Z,45,T1,0.14224399626255035,0.1169588714838028,4.146915435791016,0.009999999776482582,0.22499999403953552
2026-01-26,2026-01-27T22:00:00Z,46,T1,0.12926234304904938,0.16431844234466553,4.681110382080078,0.009999999776482582,0.31166666746139526
2026-01-26,2026-01-27T23:00:00Z,47,T1,0.13852399587631226,0.2549673318862915,5.615196228027344,0.009999999776482582,0.351666659116745
2026-01-26,2026-01-28T00:00:00Z,48,T1,0.2731773853302002,0.40924781560897827,6.421693325042725,0.009999999776482582,0.40166667103767395
2026-01-26,2026-01-26T01:00:00Z,1,T2,0.33424633741378784,0.4111644923686981,6.5577921867370605,0.4116666615009308,0.07999999821186066
2026-01-26,2026-01-26T02:00:00Z,2,T2,0.260436475276947,0.43653595447540283,6.862425327301025,0.23999999463558197,0.09666666388511658
2026-01-26,2026-01-26T03:00:00Z,3,T2,0.3010251820087433,0.46859318017959595,6.999372482299805,0.15833333134651184,0.528333306312561
2026-01-26,2026-01-26T04:00:00Z,4,T2,0.23560555279254913,0.5877668857574463,7.663333892822266,0.23000000417232513,0.20333333313465118
2026-01-26,2026-01-26T05:00:00Z,5,T2,0.5634670853614807,0.7661094069480896,9.0479097366333,0.21166667342185974,0.11166666448116302
2026-01-26,2026-01-26T06:00:00Z,6,T2,0.4928044080734253,0.4719531238079071,7.012812614440918,0.3916666805744171,0.01666666753590107
2026-01-26,2026-01-26T07:00:00Z,7,T2,0.6135374903678894,0.6215227246284485,7.743704795837402,0.6800000071525574,0.009999999776482582
2026-01-26,2026-01-26T08:00:00Z,8,T2,0.6647491455078125,0.6826611161231995,8.307781219482422,0.8233333230018616,0.006666666828095913
2026-01-26,2026-01-26T09:00:00Z,9,T2,0.8117029070854187,0.6771931052207947,7.90658712387085,0.7866666913032532,0.009999999776482582
2026-01-26,2026-01-26T10:00:00Z,10,T2,0.7493600249290466,0.6817702054977417,8.218688011169434,0.824999988079071,0.011666666716337204
2026-01-26,2026-01-26T11:00:00Z,11,T2,0.7255157232284546,0.6778507232666016,7.946042060852051,0.6150000095367432,0.008333333767950535
2026-01-26,2026-01-26T12:00:00Z,12,T2,0.6918531656265259,0.558429479598999,7.426442623138428,0.7316666841506958,0.009999999776482582
2026-01-26,2026-01-26T13:00:00Z,13,T2,0.4762209951877594,0.5233272314071655,7.231032848358154,0.42500001192092896,0.009999999776482582
2026-01-26,2026-01-26T14:00:00Z,14,T2,0.3422982692718506,0.5484289526939392,7.3451313972473145,0.7350000143051147,0.009999999776482582
2026-01-26,2026-01-26T15:00:00Z,15,T2,0.30511602759361267,0.5633008480072021,7.499512195587158,0.7300000190734863,0.07500000298023224
2026-01-26,2026-01-26T16:00:00Z,16,T2,0.2995774745941162,0.6493327617645264,7.809919357299805,0.12666666507720947,0.21166667342185974
2026-01-26,2026-01-26T17:00:00Z,17,T2,0.3793388307094574,0.6586464643478394,7.832094669342041,0.39666667580604553,0.20000000298023224
2026-01-26,2026-01-26T18:00:00Z,18,T2,0.24189020693302155,0.6784267425537109,7.980604648590088,0.8583333492279053,0.503333330154419
2026-01-26,2026-01-26T19:00:00Z,19,T2,0.25670570135116577,0.6361265182495117,7.778475761413574,0.9049999713897705,0.3566666543483734
2026-01-26,2026-01-26T20:00:00Z,20,T2,0.16173239052295685,0.4555114209651947,6.947045803070068,0.6416666507720947,0.2133333384990692
2026-01-26,2026-01-26T21:00:00Z,21,T2,0.22793005406856537,0.2619401514530182,5.7758660316467285,0.47833332419395447,0.19833333790302277
2026-01-26,2026-01-26T22:00:00Z,22,T2,0.21575205028057098,0.18207329511642456,4.925999641418457,0.7749999761581421,0.37166666984558105
2026-01-26,2026-01-26T23:00:00Z,23,T2,0.24841701984405518,0.10644563287496567,4.16173791885376,0.7116666436195374,0.28166666626930237
2026-01-26,2026-01-27T00:00:00Z,24,T2,0.0803103819489479,0.15552878379821777,4.654310703277588,0.6183333396911621,0.3466666638851166
2026-01-26,2026-01-27T01:00:00Z,25,T2,0.0407118983566761,0.020909423008561134,1.5682066679000854,0.09333333373069763,0.07999999821186066
2026-01-26,2026-01-27T02:00:00Z,26,T2,0.013258599676191807,0.021666666492819786,1.717369556427002,0.014999999664723873,0.09666666388511658
2026-01-26,2026-01-27T03:00:00Z,27,T2,0.0087071992456913,0.0,1.3646479845046997,0.009999999776482582,0.528333306312561
2026-01-26,2026-01-27T04:00:00Z,28,T2,0.0,0.0,1.2211264371871948,0.009999999776482582,0.20333333313465118
2026-01-26,2026-01-27T05:00:00Z,29,T2,0.003159149782732129,0.0,1.3493516445159912,0.008333333767950535,0.11166666448116302
2026-01-26,2026-01-27T06:00:00Z,30,T2,0.017734665423631668,0.0,0.9872148036956787,0.009999999776482582,0.01666666753590107
2026-01-26,2026-01-27T07:00:00Z,31,T2,0.03526698052883148,0.0,0.6875321865081787,0.009999999776482582,0.009999999776482582
2026-01-26,2026-01-27T08:00:00Z,32,T2,0.04462922737002373,0.0,1.0652283430099487,0.009999999776482582,0.006666666828095913
2026-01-26,2026-01-27T09:00:00Z,33,T2,0.06271345168352127,0.0,1.014448881149292,0.009999999776482582,0.009999999776482582
2026-01-26,2026-01-27T10:00:00Z,34,T2,0.09947225451469421,0.0,0.20887508988380432,0.009999999776482582,0.011666666716337204
2026-01-26,2026-01-27T11:00:00Z,35,T2,0.0737685039639473,0.0,0.6477630138397217,0.009999999776482582,0.008333333767950535
2026-01-26,2026-01-27T12:00:00Z,36,T2,0.04193911328911781,0.0,0.7594107985496521,0.009999999776482582,0.009999999776482582
2026-01-26,2026-01-27T13:00:00Z,37,T2,0.02819984406232834,0.0,1.2091888189315796,0.009999999776482582,0.009999999776482582
2026-01-26,2026-01-27T14:00:00Z,38,T2,0.02722744271159172,0.0,1.2989921569824219,0.009999999776482582,0.009999999776482582
2026-01-26,2026-01-27T15:00:00Z,39,T2,0.05637310445308685,0.021666666492819786,1.6873303651809692,0.014999999664723873,0.07500000298023224
2026-01-26,2026-01-27T16:00:00Z,40,T2,0.04402943328022957,0.021666666492819786,1.8573867082595825,0.006666666828095913,0.21166667342185974
2026-01-26,2026-01-27T17:00:00Z,41,T2,0.031860269606113434,0.021956074982881546,1.918411374092102,0.006666666828095913,0.20000000298023224
2026-01-26,2026-01-27T18:00:00Z,42,T2,0.07706398516893387,0.05036218836903572,2.9112188816070557,0.009999999776482582,0.503333330154419
2026-01-26,2026-01-27T19:00:00Z,43,T2,0.08464442193508148,0.05779784917831421,3.352050542831421,0.009999999776482582,0.3566666543483734
2026-01-26,2026-01-27T20:00:00Z,44,T2,0.13750071823596954,0.08123015612363815,3.684523820877075,0.009999999776482582,0.2133333384990692
2026-01-26,2026-01-27T21:00:00Z,45,T2,0.11426252126693726,0.10619858652353287,4.146915435791016,0.009999999776482582,0.19833333790302277
2026-01-26,2026-01-27T22:00:00Z,46,T2,0.0492049902677536,0.1582980751991272,4.681110382080078,0.009999999776482582,0.37166666984558105
2026-01-26,2026-01-27T23:00:00Z,47,T2,0.04852573573589325,0.24303922057151794,5.615196228027344,0.009999999776482582,0.28166666626930237
2026-01-26,2026-01-28T00:00:00Z,48,T2,0.24731670320034027,0.39664727449417114,6.421693325042725,0.009999999776482582,0.3466666638851166
2026-01-27,2026-01-27T01:00:00Z,1,STATION,0.016420351341366768,0.08991232514381409,3.740055799484253,0.11916666477918625,0.4283333420753479
2026-01-27,2026-01-27T02:00:00Z,2,STATION,0.01828821934759617,0.03290984034538269,2.3123536109924316,0.014999999664723873,0.2775000035762787
2026-01-27,2026-01-27T03:00:00Z,3,STATION,0.04340371489524841,0.0,0.6631744503974915,0.009999999776482582,0.18250000476837158
2026-01-27,2026-01-27T04:00:00Z,4,STATION,0.003509062109515071,0.0,0.22039666771888733,0.009999999776482582,0.2758333384990692
2026-01-27,2026-01-27T05:00:00Z,5,STATION,0.0,0.0,0.7499542832374573,0.009166666306555271,0.21833333373069763
2026-01-27,2026-01-27T06:00:00Z,6,STATION,0.010664357803761959,0.0,0.508432924747467,0.009999999776482582,0.3733333349227905
2026-01-27,2026-01-27T07:00:00Z,7,STATION,0.020940611138939857,0.0,0.936021625995636,0.009999999776482582,0.6491666436195374
2026-01-27,2026-01-27T08:00:00Z,8,STATION,0.05396229028701782,0.0,0.5072695016860962,0.009999999776482582,0.846666693687439
2026-01-27,2026-01-27T09:00:00Z,9,STATION,0.08391083776950836,0.0,0.17890940606594086,0.009999999776482582,0.7708333134651184
2026-01-27,2026-01-27T10:00:00Z,10,STATION,0.04356355965137482,0.0,0.39764466881752014,0.009999999776482582,0.809166669845581
2026-01-27,2026-01-27T11:00:00Z,11,STATION,0.017856618389487267,0.0,0.986661970615387,0.009999999776482582,0.5566666722297668
2026-01-27,2026-01-27T12:00:00Z,12,STATION,0.03453763946890831,0.0609932504594326,3.327418327331543,0.009999999776482582,0.6766666769981384
2026-01-27,2026-01-27T13:00:00Z,13,STATION,0.04621317610144615,0.07267438620328903,3.507709264755249,0.009999999776482582,0.40833333134651184
2026-01-27,2026-01-27T14:00:00Z,14,STATION,0.07637183368206024,0.09601105004549026,3.8251543045043945,0.009999999776482582,0.6850000023841858
2026-01-27,2026-01-27T15:00:00Z,15,STATION,0.14379307627677917,0.12571245431900024,4.441262722015381,0.014999999664723873,0.6766666769981384
2026-01-27,2026-01-27T16:00:00Z,16,STATION,0.16156147420406342,0.13733838498592377,4.5131754875183105,0.008333333767950535,0.11416666954755783
2026-01-27,2026-01-27T17:00:00Z,17,STATION,0.16462159156799316,0.111562579870224,4.145838737487793,0.008333333767950535,0.41083332896232605
2026-01-27,2026-01-27T18:00:00Z,18,STATION,0.16893534362316132,0.14858612418174744,4.582749366760254,0.009999999776482582,0.8491666913032532
2026-01-27,2026-01-27T19:00:00Z,19,STATION,0.15716437995433807,0.10973101109266281,4.092450141906738,0.009999999776482582,0.8683333396911621
2026-01-27,2026-01-27T20:00:00Z,20,STATION,0.1769460141658783,0.11484435200691223,4.364623546600342,0.009999999776482582,0.6266666650772095
2026-01-27,2026-01-27T21:00:00Z,21,STATION,0.18263112008571625,0.1681373119354248,4.746149063110352,0.009999999776482582,0.4883333444595337
2026-01-27,2026-01-27T22:00:00Z,22,STATION,0.14266514778137207,0.18174801766872406,4.875957012176514,0.009999999776482582,0.7758333086967468
2026-01-27,2026-01-27T23:00:00Z,23,STATION,0.08629831671714783,0.2101818323135376,5.168159484863281,0.009999999776482582,0.7141666412353516
2026-01-27,2026-01-28T00:00:00Z,24,STATION,0.16520902514457703,0.1068817526102066,4.031394958496094,0.009999999776482582,0.6541666388511658
2026-01-27,2026-01-28T01:00:00Z,25,STATION,0.15971508622169495,0.23746927082538605,5.330263137817383,0.009999999776482582,0.4283333420753479
2026-01-27,2026-01-28T02:00:00Z,26,STATION,0.16738919913768768,0.2544287443161011,5.662586212158203,0.010833333246409893,0.2775000035762787
2026-01-27,2026-01-28T03:00:00Z,27,STATION,0.16393253207206726,0.28068169951438904,5.850107192993164,0.05583333224058151,0.18250000476837158
2026-01-27,2026-01-28T04:00:00Z,28,STATION,0.15221673250198364,0.21036143600940704,5.169226169586182,0.011666666716337204,0.2758333384990692
2026-01-27,2026-01-28T05:00:00Z,29,STATION,0.13296234607696533,0.06214529275894165,3.3637986183166504,0.009999999776482582,0.21833333373069763
2026-01-27,2026-01-28T06:00:00Z,30,STATION,0.015111136250197887,0.03682801499962807,2.5242021083831787,0.009999999776482582,0.3733333349227905
2026-01-27,2026-01-28T07:00:00Z,31,STATION,0.05977417901158333,0.02228481136262417,1.8427215814590454,0.009999999776482582,0.6491666436195374
2026-01-27,2026-01-28T08:00:00Z,32,STATION,0.06444815546274185,0.022413747385144234,1.8620622158050537,0.009999999776482582,0.846666693687439
2026-01-27,2026-01-28T09:00:00Z,33,STATION,0.0609736368060112,0.0,1.1150537729263306,0.009999999776482582,0.7708333134651184
2026-01-27,2026-01-28T10:00:00Z,34,STATION,0.05883283168077469,0.0,1.1952590942382812,0.017500000074505806,0.809166669845581
2026-01-27,2026-01-28T11:00:00Z,35,STATION,0.05489160493016243,0.02137644775211811,1.7064672708511353,0.050833333283662796,0.5566666722297668
2026-01-27,2026-01-28T12:00:00Z,36,STATION,0.1393340677022934,0.03187300264835358,2.2901358604431152,0.10166666656732559,0.6766666769981384
2026-01-27,2026-01-28T13:00:00Z,37,STATION,0.14059828221797943,0.14492416381835938,4.560097694396973,0.1616666615009308,0.40833333134651184
2026-01-27,2026-01-28T14:00:00Z,38,STATION,0.1614549309015274,0.2457435578107834,5.419613361358643,0.24666666984558105,0.6850000023841858
2026-01-27,2026-01-28T15:00:00Z,39,STATION,0.2342478632926941,0.3735533058643341,6.313068866729736,0.6825000047683716,0.6766666769981384
2026-01-27,2026-01-28T16:00:00Z,40,STATION,0.2676279842853546,0.4760638475418091,6.998411178588867,0.6508333086967468,0.11416666954755783
2026-01-27,2026-01-28T17:00:00Z,41,STATION,0.2707059383392334,0.43469786643981934,6.732082843780518,0.34166666865348816,0.41083332896232605
2026-01-27,2026-01-28T18:00:00Z,42,STATION,0.19113792479038239,0.2954729497432709,6.0445942878723145,0.3058333396911621,0.8491666913032532
2026-01-27,2026-01-28T19:00:00Z,43,STATION,0.19441959261894226,0.23186318576335907,5.296959400177002,0.2016666680574417,0.8683333396911621
2026-01-27,2026-01-28T20:00:00Z,44,STATION,0.2798316776752472,0.040441930294036865,2.6769163608551025,0.1941666603088379,0.6266666650772095
2026-01-27,2026-01-28T21:00:00Z,45,STATION,0.06698231399059296,0.0,1.1074632406234741,0.1875,0.4883333444595337
2026-01-27,2026-01-28T22:00:00Z,46,STATION,0.0007274958188645542,0.0,1.4409090280532837,0.16750000417232513,0.7758333086967468
2026-01-27,2026-01-28T23:00:00Z,47,STATION,0.005781021434813738,0.023099809885025024,1.9649715423583984,0.25583332777023315,0.7141666412353516
2026-01-27,2026-01-29T00:00:00Z,48,STATION,0.028057873249053955,0.03719639033079147,2.579458713531494,0.07833333313465118,0.6541666388511658
2026-01-27,2026-01-27T01:00:00Z,1,T1,0.029146691784262657,0.09433704614639282,3.740055799484253,0.14499999582767487,0.4449999928474426
2026-01-27,2026-01-27T02:00:00Z,2,T1,0.0,0.034992195665836334,2.3123536109924316,0.014999999664723873,0.3149999976158142
2026-01-27,2026-01-27T03:00:00Z,3,T1,0.03518420457839966,0.0,0.6631744503974915,0.009999999776482582,0.20666666328907013
2026-01-27,2026-01-27T04:00:00Z,4,T1,0.0,0.0,0.22039666771888733,0.009999999776482582,0.3216666579246521
2026-01-27,2026-01-27T05:00:00Z,5,T1,0.0,0.0,0.7499542832374573,0.009999999776482582,0.22499999403953552
2026-01-27,2026-01-27T06:00:00Z,6,T1,0.010812071152031422,0.0,0.508432924747467,0.009999999776482582,0.35499998927116394
2026-01-27,2026-01-27T07:00:00Z,7,T1,0.02292018011212349,0.0,0.936021625995636,0.009999999776482582,0.6183333396911621
2026-01-27,2026-01-27T08:00:00Z,8,T1,0.044000349938869476,0.0,0.5072695016860962,0.009999999776482582,0.8700000047683716
2026-01-27,2026-01-27T09:00:00Z,9,T1,0.08609086275100708,0.0,0.17890940606594086,0.009999999776482582,0.7549999952316284
2026-01-27,2026-01-27T10:00:00Z,10,T1,0.04477165266871452,0.0,0.39764466881752014,0.009999999776482582,0.7933333516120911
2026-01-27,2026-01-27T11:00:00Z,11,T1,0.008417239412665367,0.0,0.986661970615387,0.009999999776482582,0.4983333349227905
2026-01-27,2026-01-27T12:00:00Z,12,T1,0.04204094409942627,0.06476340442895889,3.327418327331543,0.009999999776482582,0.621666669845581
2026-01-27,2026-01-27T13:00:00Z,13,T1,0.0555686317384243,0.07728341221809387,3.507709264755249,0.009999999776482582,0.3916666805744171
2026-01-27,2026-01-27T14:00:00Z,14,T1,0.07497163861989975,0.10001028329133987,3.8251543045043945,0.009999999776482582,0.6349999904632568
2026-01-27,2026-01-27T15:00:00Z,15,T1,0.16006650030612946,0.13016027212142944,4.441262722015381,0.014999999664723873,0.6233333349227905
2026-01-27,2026-01-27T16:00:00Z,16,T1,0.17876169085502625,0.14118692278862,4.5131754875183105,0.009999999776482582,0.10166666656732559
2026-01-27,2026-01-27T17:00:00Z,17,T1,0.15815004706382751,0.11694452166557312,4.145838737487793,0.009999999776482582,0.42500001192092896
2026-01-27,2026-01-27T18:00:00Z,18,T1,0.18961063027381897,0.15185488760471344,4.582749366760254,0.009999999776482582,0.8399999737739563
2026-01-27,2026-01-27T19:00:00Z,19,T1,0.1712591052055359,0.11493067443370819,4.092450141906738,0.009999999776482582,0.8316666483879089
2026-01-27,2026-01-27T20:00:00Z,20,T1,0.185322105884552,0.1198616474866867,4.364623546600342,0.009999999776482582,0.6116666793823242
2026-01-27,2026-01-27T21:00:00Z,21,T1,0.2037334144115448,0.17125588655471802,4.746149063110352,0.009999999776482582,0.4983333349227905
2026-01-27,2026-01-27T22:00:00Z,22,T1,0.15793849527835846,0.1850925087928772,4.875957012176514,0.009999999776482582,0.7766666412353516
2026-01-27,2026-01-27T23:00:00Z,23,T1,0.08613879233598709,0.21693535149097443,5.168159484863281,0.009999999776482582,0.7166666388511658
2026-01-27,2026-01-28T00:00:00Z,24,T1,0.1698995977640152,0.11167439073324203,4.031394958496094,0.009999999776482582,0.6899999976158142
2026-01-27,2026-01-28T01:00:00Z,25,T1,0.14312438666820526,0.24611401557922363,5.330263137817383,0.009999999776482582,0.4449999928474426
2026-01-27,2026-01-28T02:00:00Z,26,T1,0.1757384091615677,0.2608885169029236,5.662586212158203,0.011666666716337204,0.3149999976158142
2026-01-27,2026-01-28T03:00:00Z,27,T1,0.16627837717533112,0.29026684165000916,5.850107192993164,0.061666667461395264,0.20666666328907013
2026-01-27,2026-01-28T04:00:00Z,28,T1,0.1874401569366455,0.21712741255760193,5.169226169586182,0.013333333656191826,0.3216666579246521
2026-01-27,2026-01-28T05:00:00Z,29,T1,0.1371600180864334,0.06621861457824707,3.3637986183166504,0.009999999776482582,0.22499999403953552
2026-01-27,2026-01-28T06:00:00Z,30,T1,0.023150071501731873,0.039328012615442276,2.5242021083831787,0.009999999776482582,0.35499998927116394
2026-01-27,2026-01-28T07:00:00Z,31,T1,0.058792173862457275,0.0229029543697834,1.8427215814590454,0.009999999776482582,0.6183333396911621
2026-01-27,2026-01-28T08:00:00Z,32,T1,0.0535978265106678,0.02316083014011383,1.8620622158050537,0.009999999776482582,0.8700000047683716
2026-01-27,2026-01-28T09:00:00Z,33,T1,0.06041562184691429,0.0,1.1150537729263306,0.009999999776482582,0.7549999952316284
2026-01-27,2026-01-28T10:00:00Z,34,T1,0.05381101369857788,0.0,1.1952590942382812,0.009999999776482582,0.7933333516120911
2026-01-27,2026-01-28T11:00:00Z,35,T1,0.05525265261530876,0.021086230874061584,1.7064672708511353,0.009999999776482582,0.4983333349227905
2026-01-27,2026-01-28T12:00:00Z,36,T1,0.1652461588382721,0.033807240426540375,2.2901358604431152,0.021666666492819786,0.621666669845581
2026-01-27,2026-01-28T13:00:00Z,37,T1,0.13016657531261444,0.14838168025016785,4.560097694396973,0.15333333611488342,0.3916666805744171
2026-01-27,2026-01-28T14:00:00Z,38,T1,0.1580568253993988,0.2543153762817383,5.419613361358643,0.25833332538604736,0.6349999904632568
2026-01-27,2026-01-28T15:00:00Z,39,T1,0.22898150980472565,0.37897375226020813,6.313068866729736,0.6633333563804626,0.6233333349227905
2026-01-27,2026-01-28T16:00:00Z,40,T1,0.27932748198509216,0.4837748110294342,6.998411178588867,0.67166668176651,0.10166666656732559
2026-01-27,2026-01-28T17:00:00Z,41,T1,0.3082629144191742,0.4428527355194092,6.732082843780518,0.3233333230018616,0.42500001192092896
2026-01-27,2026-01-28T18:00:00Z,42,T1,0.22876283526420593,0.30151575803756714,6.0445942878723145,0.31333333253860474,0.8399999737739563
2026-01-27,2026-01-28T19:00:00Z,43,T1,0.19881249964237213,0.24011938273906708,5.296959400177002,0.20999999344348907,0.8316666483879089
2026-01-27,2026-01-28T20:00:00Z,44,T1,0.2916759252548218,0.04276887699961662,2.6769163608551025,0.19333332777023315,0.6116666793823242
2026-01-27,2026-01-28T21:00:00Z,45,T1,0.07959195971488953,0.0,1.1074632406234741,0.1850000023841858,0.4983333349227905
2026-01-27,2026-01-28T22:00:00Z,46,T1,0.0014549916377291083,0.0,1.4409090280532837,0.17666666209697723,0.7766666412353516
2026-01-27,2026-01-28T23:00:00Z,47,T1,0.008708235807716846,0.02393314428627491,1.9649715423583984,0.27000001072883606,0.7166666388511658
2026-01-27,2026-01-29T00:00:00Z,48,T1,0.039106372743844986,0.03969639167189598,2.579458713531494,0.0833333358168602,0.6899999976158142
2026-01-27,2026-01-27T01:00:00Z,1,T2,0.0036940097343176603,0.08548760414123535,3.740055799484253,0.09333333373069763,0.4116666615009308
2026-01-27,2026-01-27T02:00:00Z,2,T2,0.03657643869519234,0.030827481299638748,2.3123536109924316,0.014999999664723873,0.23999999463558197
2026-01-27,2026-01-27T03:00:00Z,3,T2,0.051623228937387466,0.0,0.6631744503974915,0.009999999776482582,0.15833333134651184
2026-01-27,2026-01-27T04:00:00Z,4,T2,0.007018124219030142,0.0,0.22039666771888733,0.009999999776482582,0.23000000417232513
2026-01-27,2026-01-27T05:00:00Z,5,T2,0.0,0.0,0.7499542832374573,0.008333333767950535,0.21166667342185974
2026-01-27,2026-01-27T06:00:00Z,6,T2,0.010516645386815071,0.0,0.508432924747467,0.009999999776482582,0.3916666805744171
2026-01-27,2026-01-27T07:00:00Z,7,T2,0.018961040303111076,0.0,0.936021625995636,0.009999999776482582,0.6800000071525574
2026-01-27,2026-01-27T08:00:00Z,8,T2,0.06392423063516617,0.0,0.5072695016860962,0.009999999776482582,0.8233333230018616
2026-01-27,2026-01-27T09:00:00Z,9,T2,0.08173082023859024,0.0,0.17890940606594086,0.009999999776482582,0.7866666913032532
2026-01-27,2026-01-27T10:00:00Z,10,T2,0.04235546663403511,0.0,0.39764466881752014,0.009999999776482582,0.824999988079071
2026-01-27,2026-01-27T11:00:00Z,11,T2,0.027295997366309166,0.0,0.986661970615387,0.009999999776482582,0.6150000095367432
2026-01-27,2026-01-27T12:00:00Z,12,T2,0.027034331113100052,0.05722309648990631,3.327418327331543,0.009999999776482582,0.7316666841506958
2026-01-27,2026-01-27T13:00:00Z,13,T2,0.036857720464468,0.0680653527379036,3.507709264755249,0.009999999776482582,0.42500001192092896
2026-01-27,2026-01-27T14:00:00Z,14,T2,0.07777202874422073,0.09201182425022125,3.8251543045043945,0.009999999776482582,0.7350000143051147
2026-01-27,2026-01-27T15:00:00Z,15,T2,0.1275196522474289,0.12126464396715164,4.441262722015381,0.014999999664723873,0.7300000190734863
2026-01-27,2026-01-27T16:00:00Z,16,T2,0.14436125755310059,0.13348984718322754,4.5131754875183105,0.006666666828095913,0.12666666507720947
2026-01-27,2026-01-27T17:00:00Z,17,T2,0.1710931360721588,0.10618064552545547,4.145838737487793,0.006666666828095913,0.39666667580604553
2026-01-27,2026-01-27T18:00:00Z,18,T2,0.14826005697250366,0.14531736075878143,4.582749366760254,0.009999999776482582,0.8583333492279053
2026-01-27,2026-01-27T19:00:00Z,19,T2,0.14306963980197906,0.10453134030103683,4.092450141906738,0.009999999776482582,0.9049999713897705
2026-01-27,2026-01-27T20:00:00Z,20,T2,0.1685699224472046,0.10982706397771835,4.364623546600342,0.009999999776482582,0.6416666507720947
2026-01-27,2026-01-27T21:00:00Z,21,T2,0.1615288257598877,0.1650187224149704,4.746149063110352,0.009999999776482582,0.47833332419395447
2026-01-27,2026-01-27T22:00:00Z,22,T2,0.12739180028438568,0.17840351164340973,4.875957012176514,0.009999999776482582,0.7749999761581421
2026-01-27,2026-01-27T23:00:00Z,23,T2,0.08645784854888916,0.20342829823493958,5.168159484863281,0.009999999776482582,0.7116666436195374
2026-01-27,2026-01-28T00:00:00Z,24,T2,0.16051843762397766,0.10208912193775177,4.031394958496094,0.009999999776482582,0.6183333396911621
2026-01-27,2026-01-28T01:00:00Z,25,T2,0.17630578577518463,0.22882454097270966,5.330263137817383,0.009999999776482582,0.4116666615009308
2026-01-27,2026-01-28T02:00:00Z,26,T2,0.15904000401496887,0.24796898663043976,5.662586212158203,0.009999999776482582,0.23999999463558197
2026-01-27,2026-01-28T03:00:00Z,27,T2,0.1615866869688034,0.2710965871810913,5.850107192993164,0.05000000074505806,0.15833333134651184
2026-01-27,2026-01-28T04:00:00Z,28,T2,0.11699330806732178,0.20359545946121216,5.169226169586182,0.009999999776482582,0.23000000417232513
2026-01-27,2026-01-28T05:00:00Z,29,T2,0.12876468896865845,0.05807197093963623,3.3637986183166504,0.009999999776482582,0.21166667342185974
2026-01-27,2026-01-28T06:00:00Z,30,T2,0.00707220146432519,0.03432801365852356,2.5242021083831787,0.009999999776482582,0.3916666805744171
2026-01-27,2026-01-28T07:00:00Z,31,T2,0.06075618416070938,0.021666666492819786,1.8427215814590454,0.009999999776482582,0.6800000071525574
2026-01-27,2026-01-28T08:00:00Z,32,T2,0.0752984806895256,0.021666666492819786,1.8620622158050537,0.009999999776482582,0.8233333230018616
2026-01-27,2026-01-28T09:00:00Z,33,T2,0.06153165176510811,0.0,1.1150537729263306,0.009999999776482582,0.7866666913032532
2026-01-27,2026-01-28T10:00:00Z,34,T2,0.0638546496629715,0.0,1.1952590942382812,0.02500000037252903,0.824999988079071
2026-01-27,2026-01-28T11:00:00Z,35,T2,0.0545305572450161,0.021666666492819786,1.7064672708511353,0.09166666865348816,0.6150000095367432
2026-01-27,2026-01-28T12:00:00Z,36,T2,0.1134219691157341,0.02993876487016678,2.2901358604431152,0.18166667222976685,0.7316666841506958
2026-01-27,2026-01-28T13:00:00Z,37,T2,0.15102997422218323,0.1414666473865509,4.560097694396973,0.17000000178813934,0.42500001192092896
2026-01-27,2026-01-28T14:00:00Z,38,T2,0.1648530215024948,0.2371717393398285,5.419613361358643,0.23499999940395355,0.7350000143051147
2026-01-27,2026-01-28T15:00:00Z,39,T2,0.23951423168182373,0.3681328296661377,6.313068866729736,0.7016666531562805,0.7300000190734863
2026-01-27,2026-01-28T16:00:00Z,40,T2,0.25592851638793945,0.4683528542518616,6.998411178588867,0.6299999952316284,0.12666666507720947
2026-01-27,2026-01-28T17:00:00Z,41,T2,0.2331489771604538,0.4265430271625519,6.732082843780518,0.36000001430511475,0.39666667580604553
2026-01-27,2026-01-28T18:00:00Z,42,T2,0.15351301431655884,0.2894301414489746,6.0445942878723145,0.2983333468437195,0.8583333492279053
2026-01-27,2026-01-28T19:00:00Z,43,T2,0.1900266706943512,0.22360700368881226,5.296959400177002,0.19333332777023315,0.9049999713897705
2026-01-27,2026-01-28T20:00:00Z,44,T2,0.2679874300956726,0.038114987313747406,2.6769163608551025,0.19499999284744263,0.6416666507720947
2026-01-27,2026-01-28T21:00:00Z,45,T2,0.05437266826629639,0.0,1.1074632406234741,0.1899999976158142,0.47833332419395447
2026-01-27,2026-01-28T22:00:00Z,46,T2,0.0,0.0,1.4409090280532837,0.15833333134651184,0.7749999761581421
2026-01-27,2026-01-28T23:00:00Z,47,T2,0.002853807294741273,0.022266477346420288,1.9649715423583984,0.24166665971279144,0.7116666436195374
2026-01-27,2026-01-29T00:00:00Z,48,T2,0.017009371891617775,0.034696388989686966,2.579458713531494,0.07333333045244217,0.6183333396911621
2026-01-28,2026-01-28T01:00:00Z,1,STATION,0.08716604113578796,0.11178778856992722,4.160852909088135,0.009999999776482582,0.11916666477918625
2026-01-28,2026-01-28T02:00:00Z,2,STATION,0.10834543406963348,0.13086090981960297,4.473108768463135,0.010833333246409893,0.014999999664723873
2026-01-28,2026-01-28T03:00:00Z,3,STATION,0.08631397783756256,0.11326219141483307,4.259146213531494,0.05583333224058151,0.009999999776482582
2026-01-28,2026-01-28T04:00:00Z,4,STATION,0.11797326803207397,0.09157516807317734,3.763258218765259,0.011666666716337204,0.009999999776482582
2026-01-28,2026-01-28T05:00:00Z,5,STATION,0.11026458442211151,0.037493761628866196,2.6240644454956055,0.009999999776482582,0.009166666306555271
2026-01-28,2026-01-28T06:00:00Z,6,STATION,0.05567817762494087,0.056763045489788055,3.193833112716675,0.009999999776482582,0.009999999776482582
2026-01-28,2026-01-28T07:00:00Z,7,STATION,0.07002608478069305,0.03608489781618118,2.4127347469329834,0.009999999776482582,0.009999999776482582
2026-01-28,2026-01-28T08:00:00Z,8,STATION,0.09260004758834839,0.021222135052084923,1.6833202838897705,0.009999999776482582,0.009999999776482582
2026-01-28,2026-01-28T09:00:00Z,9,STATION,0.09848583489656448,0.020121417939662933,1.5538084506988525,0.009999999776482582,0.009999999776482582
2026-01-28,2026-01-28T10:00:00Z,10,STATION,0.0725792646408081,0.0,0.24911148846149445,0.017500000074505806,0.009999999776482582
2026-01-28,2026-01-28T11:00:00Z,11,STATION,0.03856758400797844,0.0,1.3568601608276367,0.050833333283662796,0.009999999776482582
2026-01-28,2026-01-28T12:00:00Z,12,STATION,0.17687121033668518,0.21420210599899292,5.192042350769043,0.10166666656732559,0.009999999776482582
2026-01-28,2026-01-28T13:00:00Z,13,STATION,0.3333616852760315,0.4891935884952545,7.05128288269043,0.1616666615009308,0.009999999776482582
2026-01-28,2026-01-28T14:00:00Z,14,STATION,0.4837246239185333,0.5230460166931152,7.204047679901123,0.24666666984558105,0.009999999776482582
2026-01-28,2026-01-28T15:00:00Z,15,STATION,0.3452191948890686,0.33598974347114563,6.215921878814697,0.6825000047683716,0.014999999664723873
2026-01-28,2026-01-28T16:00:00Z,16,STATION,0.35649341344833374,0.24675457179546356,5.480274200439453,0.6508333086967468,0.008333333767950535
2026-01-28,2026-01-28T17:00:00Z,17,STATION,0.3166055977344513,0.24941538274288177,5.626776695251465,0.34166666865348816,0.008333333767950535
2026-01-28,2026-01-28T18:00:00Z,18,STATION,0.2282591462135315,0.4494725465774536,6.891332626342773,0.3058333396911621,0.009999999776482582
2026-01-28,2026-01-28T19:00:00Z,19,STATION,0.24842609465122223,0.22716602683067322,5.269055366516113,0.2016666680574417,0.009999999776482582
2026-01-28,2026-01-28T20:00:00Z,20,STATION,0.2335159182548523,0.0512860082089901,2.8682825565338135,0.1941666603088379,0.009999999776482582
2026-01-28,2026-01-28T21:00:00Z,21,STATION,0.09939653426408768,0.023899108171463013,2.0848662853240967,0.1875,0.009999999776482582
2026-01-28,2026-01-28T22:00:00Z,22,STATION,0.03167688101530075,0.030848003923892975,2.268171548843384,0.16750000417232513,0.009999999776482582
2026-01-28,2026-01-28T23:00:00Z,23,STATION,0.06814978271722794,0.0,0.9475520849227905,0.25583332777023315,0.009999999776482582
2026-01-28,2026-01-29T00:00:00Z,24,STATION,0.08634759485721588,0.13858811557292938,4.5209059715271,0.07833333313465118,0.009999999776482582
2026-01-28,2026-01-29T01:00:00Z,25,STATION,0.14494583010673523,0.056795883923769,3.1948699951171875,0.014166667126119137,0.11916666477918625
2026-01-28,2026-01-29T02:00:00Z,26,STATION,0.16816946864128113,0.05246488004922867,2.943418264389038,0.014166667126119137,0.014999999664723873
2026-01-28,2026-01-29T03:00:00Z,27,STATION,0.03766832500696182,0.060829292982816696,3.3222408294677734,0.009999999776482582,0.009999999776482582
2026-01-28,2026-01-29T04:00:00Z,28,STATION,0.18121914565563202,0.043020885437726974,2.7224273681640625,0.009999999776482582,0.009999999776482582
2026-01-28,2026-01-29T05:00:00Z,29,STATION,0.0885864794254303,0.09208827465772629,3.7704176902770996,0.03500000014901161,0.009166666306555271
2026-01-28,2026-01-29T06:00:00Z,30,STATION,0.19243571162223816,0.19798174500465393,5.06694221496582,0.030833333730697632,0.009999999776482582
2026-01-28,2026-01-29T07:00:00Z,31,STATION,0.29883578419685364,0.24963164329528809,5.628321170806885,0.009999999776482582,0.009999999776482582
2026-01-28,2026-01-29T08:00:00Z,32,STATION,0.3613809049129486,0.24780575931072235,5.5433454513549805,0.5475000143051147,0.009999999776482582
2026-01-28,2026-01-29T09:00:00Z,33,STATION,0.3461725115776062,0.2543089985847473,5.661730766296387,0.784166693687439,0.009999999776482582
2026-01-28,2026-01-29T10:00:00Z,34,STATION,0.41248226165771484,0.23312614858150482,5.304462432861328,0.8324999809265137,0.009999999776482582
2026-01-28,2026-01-29T11:00:00Z,35,STATION,0.37384381890296936,0.28617575764656067,5.9051361083984375,0.9116666913032532,0.009999999776482582
2026-01-28,2026-01-29T12:00:00Z,36,STATION,0.4282256066799164,0.43462684750556946,6.731135845184326,0.9583333134651184,0.009999999776482582
2026-01-28,2026-01-29T13:00:00Z,37,STATION,0.46574273705482483,0.43103259801864624,6.683212757110596,0.9483333230018616,0.009999999776482582
2026-01-28,2026-01-29T14:00:00Z,38,STATION,0.46949702501296997,0.45337235927581787,6.907036304473877,0.8708333373069763,0.009999999776482582
2026-01-28,2026-01-29T15:00:00Z,39,STATION,0.5943936705589294,0.5751736760139465,7.513802528381348,0.987500011920929,0.014999999664723873
2026-01-28,2026-01-29T16:00:00Z,40,STATION,0.5319527387619019,0.6837892532348633,8.337255477905273,0.9825000166893005,0.008333333767950535
2026-01-28,2026-01-29T17:00:00Z,41,STATION,0.4221911132335663,0.7015698552131653,8.526331901550293,0.9900000095367432,0.008333333767950535
2026-01-28,2026-01-29T18:00:00Z,42,STATION,0.64921635389328,0.6841074824333191,8.369083404541016,0.9900000095367432,0.009999999776482582
2026-01-28,2026-01-29T19:00:00Z,43,STATION,0.6511179208755493,0.7143675088882446,8.68303394317627,0.98416668176651,0.009999999776482582
2026-01-28,2026-01-29T20:00:00Z,44,STATION,0.649474561214447,0.6822253465652466,8.180868148803711,0.6666666865348816,0.009999999776482582
2026-01-28,2026-01-29T21:00:00Z,45,STATION,0.6234544515609741,0.5912984609603882,7.6286749839782715,0.778333306312561,0.009999999776482582
2026-01-28,2026-01-29T22:00:00Z,46,STATION,0.5765424966812134,0.5637267827987671,7.427950859069824,0.5241666436195374,0.009999999776482582
2026-01-28,2026-01-29T23:00:00Z,47,STATION,0.5553092956542969,0.606245756149292,7.670978546142578,0.41583332419395447,0.009999999776482582
2026-01-28,2026-01-30T00:00:00Z,48,STATION,0.535653829574585,0.6804729700088501,8.035473823547363,0.5441666841506958,0.009999999776482582
2026-01-28,2026-01-28T01:00:00Z,1,T1,0.09330146014690399,0.11714470386505127,4.160852909088135,0.009999999776482582,0.14499999582767487
2026-01-28,2026-01-28T02:00:00Z,2,T1,0.09682636708021164,0.13504333794116974,4.473108768463135,0.011666666716337204,0.014999999664723873
2026-01-28,2026-01-28T03:00:00Z,3,T1,0.08888401091098785,0.11845528334379196,4.259146213531494,0.061666667461395264,0.009999999776482582
2026-01-28,2026-01-28T04:00:00Z,4,T1,0.12621456384658813,0.09588388353586197,3.763258218765259,0.013333333656191826,0.009999999776482582
2026-01-28,2026-01-28T05:00:00Z,5,T1,0.13140210509300232,0.0399937629699707,2.6240644454956055,0.009999999776482582,0.009999999776482582
2026-01-28,2026-01-28T06:00:00Z,6,T1,0.04539784416556358,0.059419985860586166,3.193833112716675,0.009999999776482582,0.009999999776482582
2026-01-28,2026-01-28T07:00:00Z,7,T1,0.07018671184778214,0.03858489915728569,2.4127347469329834,0.009999999776482582,0.009999999776482582
2026-01-28,2026-01-28T08:00:00Z,8,T1,0.09195025265216827,0.02077760361135006,1.6833202838897705,0.009999999776482582,0.009999999776482582
2026-01-28,2026-01-28T09:00:00Z,9,T1,0.08299528807401657,0.01952539011836052,1.5538084506988525,0.009999999776482582,0.009999999776482582
2026-01-28,2026-01-28T10:00:00Z,10,T1,0.07734762132167816,0.0,0.24911148846149445,0.009999999776482582,0.009999999776482582
2026-01-28,2026-01-28T11:00:00Z,11,T1,0.045150283724069595,0.0,1.3568601608276367,0.009999999776482582,0.009999999776482582
2026-01-28,2026-01-28T12:00:00Z,12,T1,0.184055894613266,0.2212342768907547,5.192042350769043,0.021666666492819786,0.009999999776482582
2026-01-28,2026-01-28T13:00:00Z,13,T1,0.33906418085098267,0.4968164563179016,7.05128288269043,0.15333333611488342,0.009999999776482582
2026-01-28,2026-01-28T14:00:00Z,14,T1,0.4670088291168213,0.5287015438079834,7.204047679901123,0.25833332538604736,0.009999999776482582
2026-01-28,2026-01-28T15:00:00Z,15,T1,0.348943829536438,0.34076255559921265,6.215921878814697,0.6633333563804626,0.014999999664723873
2026-01-28,2026-01-28T16:00:00Z,16,T1,0.37394511699676514,0.2545175850391388,5.480274200439453,0.67166668176651,0.009999999776482582
2026-01-28,2026-01-28T17:00:00Z,17,T1,0.3716028332710266,0.2552783191204071,5.626776695251465,0.3233333230018616,0.009999999776482582
2026-01-28,2026-01-28T18:00:00Z,18,T1,0.29331034421920776,0.45736199617385864,6.891332626342773,0.31333333253860474,0.009999999776482582
2026-01-28,2026-01-28T19:00:00Z,19,T1,0.2338586002588272,0.23509666323661804,5.269055366516113,0.20999999344348907,0.009999999776482582
2026-01-28,2026-01-28T20:00:00Z,20,T1,0.2479749172925949,0.052975066006183624,2.8682825565338135,0.19333332777023315,0.009999999776482582
2026-01-28,2026-01-28T21:00:00Z,21,T1,0.09294941276311874,0.02473244071006775,2.0848662853240967,0.1850000023841858,0.009999999776482582
2026-01-28,2026-01-28T22:00:00Z,22,T1,0.04937458410859108,0.03263581544160843,2.268171548843384,0.17666666209697723,0.009999999776482582
2026-01-28,2026-01-28T23:00:00Z,23,T1,0.0888066440820694,0.0,0.9475520849227905,0.27000001072883606,0.009999999776482582
2026-01-28,2026-01-29T00:00:00Z,24,T1,0.09661973267793655,0.1423722356557846,4.5209059715271,0.0833333358168602,0.009999999776482582
2026-01-28,2026-01-29T01:00:00Z,25,T1,0.10906850546598434,0.05946146696805954,3.1948699951171875,0.01666666753590107,0.14499999582767487
2026-01-28,2026-01-29T02:00:00Z,26,T1,0.15190176665782928,0.05424557626247406,2.943418264389038,0.01666666753590107,0.014999999664723873
2026-01-28,2026-01-29T03:00:00Z,27,T1,0.04085699841380119,0.0645563006401062,3.3222408294677734,0.009999999776482582,0.009999999776482582
2026-01-28,2026-01-29T04:00:00Z,28,T1,0.17784911394119263,0.04519612714648247,2.7224273681640625,0.009999999776482582,0.009999999776482582
2026-01-28,2026-01-29T05:00:00Z,29,T1,0.10603446513414383,0.0963611826300621,3.7704176902770996,0.036666665226221085,0.009999999776482582
2026-01-28,2026-01-29T06:00:00Z,30,T1,0.19316183030605316,0.20355439186096191,5.06694221496582,0.03333333507180214,0.009999999776482582
2026-01-28,2026-01-29T07:00:00Z,31,T1,0.3090839982032776,0.2555203139781952,5.628321170806885,0.009999999776482582,0.009999999776482582
2026-01-28,2026-01-29T08:00:00Z,32,T1,0.3778483271598816,0.2547278106212616,5.5433454513549805,0.5249999761581421,0.009999999776482582
2026-01-28,2026-01-29T09:00:00Z,33,T1,0.36306673288345337,0.2607544958591461,5.661730766296387,0.79666668176651,0.009999999776482582
2026-01-28,2026-01-29T10:00:00Z,34,T1,0.4260523319244385,0.2414698749780655,5.304462432861328,0.8116666674613953,0.009999999776482582
2026-01-28,2026-01-29T11:00:00Z,35,T1,0.36306577920913696,0.29547256231307983,5.9051361083984375,0.8866666555404663,0.009999999776482582
2026-01-28,2026-01-29T12:00:00Z,36,T1,0.43680059909820557,0.44278329610824585,6.731135845184326,0.9599999785423279,0.009999999776482582
2026-01-28,2026-01-29T13:00:00Z,37,T1,0.47222596406936646,0.43926891684532166,6.683212757110596,0.9300000071525574,0.009999999776482582
2026-01-28,2026-01-29T14:00:00Z,38,T1,0.5005993843078613,0.4612356424331665,6.907036304473877,0.8566666841506958,0.009999999776482582
2026-01-28,2026-01-29T15:00:00Z,39,T1,0.659523069858551,0.5860937833786011,7.513802528381348,0.9866666793823242,0.014999999664723873
2026-01-28,2026-01-29T16:00:00Z,40,T1,0.6170544028282166,0.684622585773468,8.337255477905273,0.9816666841506958,0.009999999776482582
2026-01-28,2026-01-29T17:00:00Z,41,T1,0.5319037437438965,0.7031598687171936,8.526331901550293,0.9900000095367432,0.009999999776482582
2026-01-28,2026-01-29T18:00:00Z,42,T1,0.6921849250793457,0.6849408149719238,8.369083404541016,0.9900000095367432,0.009999999776482582
2026-01-28,2026-01-29T19:00:00Z,43,T1,0.6713680624961853,0.7157737612724304,8.68303394317627,0.9816666841506958,0.009999999776482582
2026-01-28,2026-01-29T20:00:00Z,44,T1,0.6678624153137207,0.6830586791038513,8.180868148803711,0.67166668176651,0.009999999776482582
2026-01-28,2026-01-29T21:00:00Z,45,T1,0.6387065052986145,0.6093868017196655,7.6286749839782715,0.7850000262260437,0.009999999776482582
2026-01-28,2026-01-29T22:00:00Z,46,T1,0.5454238057136536,0.5689235329627991,7.427950859069824,0.5166666507720947,0.009999999776482582
2026-01-28,2026-01-29T23:00:00Z,47,T1,0.5192849040031433,0.621513843536377,7.670978546142578,0.4116666615009308,0.009999999776482582
2026-01-28,2026-01-30T00:00:00Z,48,T1,0.5420262813568115,0.6816047430038452,8.035473823547363,0.5199999809265137,0.009999999776482582
2026-01-28,2026-01-28T01:00:00Z,1,T2,0.08103062212467194,0.10643088072538376,4.160852909088135,0.009999999776482582,0.09333333373069763
2026-01-28,2026-01-28T02:00:00Z,2,T2,0.11986449360847473,0.1266784816980362,4.473108768463135,0.009999999776482582,0.014999999664723873
2026-01-28,2026-01-28T03:00:00Z,3,T2,0.08374394476413727,0.10806910693645477,4.259146213531494,0.05000000074505806,0.009999999776482582
2026-01-28,2026-01-28T04:00:00Z,4,T2,0.10973196476697922,0.0872664600610733,3.763258218765259,0.009999999776482582,0.009999999776482582
2026-01-28,2026-01-28T05:00:00Z,5,T2,0.0891270712018013,0.03499376401305199,2.6240644454956055,0.009999999776482582,0.008333333767950535
2026-01-28,2026-01-28T06:00:00Z,6,T2,0.06595850735902786,0.054106105118989944,3.193833112716675,0.009999999776482582,0.009999999776482582
2026-01-28,2026-01-28T07:00:00Z,7,T2,0.06986546516418457,0.033584900200366974,2.4127347469329834,0.009999999776482582,0.009999999776482582
2026-01-28,2026-01-28T08:00:00Z,8,T2,0.0932498425245285,0.021666666492819786,1.6833202838897705,0.009999999776482582,0.009999999776482582
2026-01-28,2026-01-28T09:00:00Z,9,T2,0.1139763817191124,0.020717445760965347,1.5538084506988525,0.009999999776482582,0.009999999776482582
2026-01-28,2026-01-28T10:00:00Z,10,T2,0.06781090795993805,0.0,0.24911148846149445,0.02500000037252903,0.009999999776482582
2026-01-28,2026-01-28T11:00:00Z,11,T2,0.03198488429188728,0.0,1.3568601608276367,0.09166666865348816,0.009999999776482582
2026-01-28,2026-01-28T12:00:00Z,12,T2,0.16968654096126556,0.20716995000839233,5.192042350769043,0.18166667222976685,0.009999999776482582
2026-01-28,2026-01-28T13:00:00Z,13,T2,0.3276591897010803,0.4815707206726074,7.05128288269043,0.17000000178813934,0.009999999776482582
2026-01-28,2026-01-28T14:00:00Z,14,T2,0.5004404187202454,0.5173904299736023,7.204047679901123,0.23499999940395355,0.009999999776482582
2026-01-28,2026-01-28T15:00:00Z,15,T2,0.3414945602416992,0.3312169313430786,6.215921878814697,0.7016666531562805,0.014999999664723873
2026-01-28,2026-01-28T16:00:00Z,16,T2,0.33904168009757996,0.23899155855178833,5.480274200439453,0.6299999952316284,0.006666666828095913
2026-01-28,2026-01-28T17:00:00Z,17,T2,0.2616083323955536,0.24355244636535645,5.626776695251465,0.36000001430511475,0.006666666828095913
2026-01-28,2026-01-28T18:00:00Z,18,T2,0.16320793330669403,0.4415830969810486,6.891332626342773,0.2983333468437195,0.009999999776482582
2026-01-28,2026-01-28T19:00:00Z,19,T2,0.26299357414245605,0.2192353755235672,5.269055366516113,0.19333332777023315,0.009999999776482582
2026-01-28,2026-01-28T20:00:00Z,20,T2,0.2190569043159485,0.04959695041179657,2.8682825565338135,0.19499999284744263,0.009999999776482582
2026-01-28,2026-01-28T21:00:00Z,21,T2,0.10584365576505661,0.023065775632858276,2.0848662853240967,0.1899999976158142,0.009999999776482582
2026-01-28,2026-01-28T22:00:00Z,22,T2,0.013979179784655571,0.02906019426882267,2.268171548843384,0.15833333134651184,0.009999999776482582
2026-01-28,2026-01-28T23:00:00Z,23,T2,0.047492921352386475,0.0,0.9475520849227905,0.24166665971279144,0.009999999776482582
2026-01-28,2026-01-29T00:00:00Z,24,T2,0.0760754644870758,0.13480399549007416,4.5209059715271,0.07333333045244217,0.009999999776482582
2026-01-28,2026-01-29T01:00:00Z,25,T2,0.18082314729690552,0.054130300879478455,3.1948699951171875,0.011666666716337204,0.09333333373069763
2026-01-28,2026-01-29T02:00:00Z,26,T2,0.18443717062473297,0.050684183835983276,2.943418264389038,0.011666666716337204,0.014999999664723873
2026-01-28,2026-01-29T03:00:00Z,27,T2,0.03447965160012245,0.05710228532552719,3.3222408294677734,0.009999999776482582,0.009999999776482582
2026-01-28,2026-01-29T04:00:00Z,28,T2,0.1845891773700714,0.04084564372897148,2.7224273681640625,0.009999999776482582,0.009999999776482582
2026-01-28,2026-01-29T05:00:00Z,29,T2,0.07113849371671677,0.08781535923480988,3.7704176902770996,0.03333333507180214,0.008333333767950535
2026-01-28,2026-01-29T06:00:00Z,30,T2,0.19170960783958435,0.19240908324718475,5.06694221496582,0.028333334252238274,0.009999999776482582
2026-01-28,2026-01-29T07:00:00Z,31,T2,0.2885875999927521,0.2437429577112198,5.628321170806885,0.009999999776482582,0.009999999776482582
2026-01-28,2026-01-29T08:00:00Z,32,T2,0.3449134826660156,0.2408836930990219,5.5433454513549805,0.5699999928474426,0.009999999776482582
2026-01-28,2026-01-29T09:00:00Z,33,T2,0.3292783200740814,0.24786347150802612,5.661730766296387,0.7716666460037231,0.009999999776482582
2026-01-28,2026-01-29T10:00:00Z,34,T2,0.3989121913909912,0.22478242218494415,5.304462432861328,0.8533333539962769,0.009999999776482582
2026-01-28,2026-01-29T11:00:00Z,35,T2,0.38462182879447937,0.2768789231777191,5.9051361083984375,0.9366666674613953,0.009999999776482582
2026-01-28,2026-01-29T12:00:00Z,36,T2,0.4196506440639496,0.42647039890289307,6.731135845184326,0.9566666483879089,0.009999999776482582
2026-01-28,2026-01-29T13:00:00Z,37,T2,0.4592595100402832,0.4227963089942932,6.683212757110596,0.9666666388511658,0.009999999776482582
2026-01-28,2026-01-29T14:00:00Z,38,T2,0.4383946657180786,0.44550907611846924,6.907036304473877,0.8849999904632568,0.009999999776482582
2026-01-28,2026-01-29T15:00:00Z,39,T2,0.5292643308639526,0.5642535090446472,7.513802528381348,0.9883333444595337,0.014999999664723873
2026-01-28,2026-01-29T16:00:00Z,40,T2,0.44685107469558716,0.6829559206962585,8.337255477905273,0.9833333492279053,0.006666666828095913
2026-01-28,2026-01-29T17:00:00Z,41,T2,0.3124784529209137,0.699979841709137,8.526331901550293,0.9900000095367432,0.006666666828095913
2026-01-28,2026-01-29T18:00:00Z,42,T2,0.6062478423118591,0.6832741498947144,8.369083404541016,0.9900000095367432,0.009999999776482582
2026-01-28,2026-01-29T19:00:00Z,43,T2,0.6308677792549133,0.7129612565040588,8.68303394317627,0.9866666793823242,0.009999999776482582
2026-01-28,2026-01-29T20:00:00Z,44,T2,0.6310867071151733,0.6813920140266418,8.180868148803711,0.6616666913032532,0.009999999776482582
2026-01-28,2026-01-29T21:00:00Z,45,T2,0.608202338218689,0.5732101202011108,7.6286749839782715,0.7716666460037231,0.009999999776482582
2026-01-28,2026-01-29T22:00:00Z,46,T2,0.6076611280441284,0.5585300922393799,7.427950859069824,0.5316666960716248,0.009999999776482582
2026-01-28,2026-01-29T23:00:00Z,47,T2,0.5913336873054504,0.5909776091575623,7.670978546142578,0.41999998688697815,0.009999999776482582
2026-01-28,2026-01-30T00:00:00Z,48,T2,0.5292813777923584,0.6793412566184998,8.035473823547363,0.5683333277702332,0.009999999776482582
2026-01-29,2026-01-29T01:00:00Z,1,STATION,0.05754421278834343,0.11221667379140854,4.263333797454834,0.014166667126119137,0.009999999776482582
2026-01-29,2026-01-29T02:00:00Z,2,STATION,0.10556408762931824,0.05342026427388191,3.0690197944641113,0.014166667126119137,0.010833333246409893
2026-01-29,2026-01-29T03:00:00Z,3,STATION,0.09450097382068634,0.02914019115269184,2.239773750305176,0.009999999776482582,0.05583333224058151
2026-01-29,2026-01-29T04:00:00Z,4,STATION,0.08322261273860931,0.04724283516407013,2.805506467819214,0.009999999776482582,0.011666666716337204
2026-01-29,2026-01-29T05:00:00Z,5,STATION,0.1290881186723709,0.1110500618815422,4.146673202514648,0.03500000014901161,0.009999999776482582
2026-01-29,2026-01-29T06:00:00Z,6,STATION,0.1878274530172348,0.19415949285030365,5.026876449584961,0.030833333730697632,0.009999999776482582
2026-01-29,2026-01-29T07:00:00Z,7,STATION,0.30950286984443665,0.25832340121269226,5.698098182678223,0.009999999776482582,0.009999999776482582
2026-01-29,2026-01-29T08:00:00Z,8,STATION,0.3723032474517822,0.2745254635810852,5.816649436950684,0.5475000143051147,0.009999999776482582
2026-01-29,2026-01-29T09:00:00Z,9,STATION,0.36094167828559875,0.2785954475402832,5.84643030166626,0.784166693687439,0.009999999776482582
2026-01-29,2026-01-29T10:00:00Z,10,STATION,0.4220913052558899,0.2461409717798233,5.478842258453369,0.8324999809265137,0.017500000074505806
2026-01-29,2026-01-29T11:00:00Z,11,STATION,0.3282772898674011,0.24765826761722565,5.579995632171631,0.9116666913032532,0.050833333283662796
2026-01-29,2026-01-29T12:00:00Z,12,STATION,0.41104429960250854,0.4270634651184082,6.662784576416016,0.9583333134651184,0.10166666656732559
2026-01-29,2026-01-29T13:00:00Z,13,STATION,0.4205630123615265,0.4420037269592285,6.857657432556152,0.9483333230018616,0.1616666615009308
2026-01-29,2026-01-29T14:00:00Z,14,STATION,0.46164706349372864,0.5734966397285461,7.503430366516113,0.8708333373069763,0.24666666984558105
2026-01-29,2026-01-29T15:00:00Z,15,STATION,0.5978256464004517,0.6834278702735901,8.08806037902832,0.987500011920929,0.6825000047683716
2026-01-29,2026-01-29T16:00:00Z,16,STATION,0.5914453864097595,0.7062844634056091,8.540820121765137,0.9825000166893005,0.6508333086967468
2026-01-29,2026-01-29T17:00:00Z,17,STATION,0.6208707094192505,0.7088778018951416,8.561847686767578,0.9900000095367432,0.34166666865348816
2026-01-29,2026-01-29T18:00:00Z,18,STATION,0.6414601802825928,0.6847352385520935,8.21028995513916,0.9900000095367432,0.3058333396911621
2026-01-29,2026-01-29T19:00:00Z,19,STATION,0.583358883857727,0.6856842637062073,8.352635383605957,0.98416668176651,0.2016666680574417
2026-01-29,2026-01-29T20:00:00Z,20,STATION,0.6240691542625427,0.6906829476356506,8.414320945739746,0.6666666865348816,0.1941666603088379
2026-01-29,2026-01-29T21:00:00Z,21,STATION,0.6496677994728088,0.6845619082450867,8.184282302856445,0.778333306312561,0.1875
2026-01-29,2026-01-29T22:00:00Z,22,STATION,0.6225894689559937,0.6850401163101196,8.256019592285156,0.5241666436195374,0.16750000417232513
2026-01-29,2026-01-29T23:00:00Z,23,STATION,0.6165200471878052,0.6853795051574707,8.30692195892334,0.41583332419395447,0.25583332777023315
2026-01-29,2026-01-30T00:00:00Z,24,STATION,0.6210154891014099,0.703316867351532,8.516758918762207,0.5441666841506958,0.07833333313465118
2026-01-29,2026-01-30T01:00:00Z,25,STATION,0.5968292355537415,0.6847038865089417,8.205583572387695,0.7608333230018616,0.009999999776482582
2026-01-29,2026-01-30T02:00:00Z,26,STATION,0.5620420575141907,0.6853103041648865,8.296542167663574,0.6349999904632568,0.010833333246409893
2026-01-29,2026-01-30T03:00:00Z,27,STATION,0.5018041729927063,0.68572598695755,8.358899116516113,0.5316666960716248,0.05583333224058151
2026-01-29,2026-01-30T04:00:00Z,28,STATION,0.554381787776947,0.6944887042045593,8.445178985595703,0.5724999904632568,0.011666666716337204
2026-01-29,2026-01-30T05:00:00Z,29,STATION,0.6804987788200378,0.7180381417274475,8.676429748535156,0.9466666579246521,0.009999999776482582
2026-01-29,2026-01-30T06:00:00Z,30,STATION,0.8701692223548889,0.8438705205917358,9.340241432189941,0.9633333086967468,0.009999999776482582
2026-01-29,2026-01-30T07:00:00Z,31,STATION,0.9185919761657715,0.8779022097587585,9.573690414428711,0.9649999737739563,0.009999999776482582
2026-01-29,2026-01-30T08:00:00Z,32,STATION,0.9106531739234924,0.8868463635444641,9.686100006103516,0.9816666841506958,0.009999999776482582
2026-01-29,2026-01-30T09:00:00Z,33,STATION,0.9012436270713806,0.8407099843025208,9.323460578918457,0.9700000286102295,0.009999999776482582
2026-01-29,2026-01-30T10:00:00Z,34,STATION,0.8120065927505493,0.8279788494110107,9.255861282348633,0.9566666483879089,0.017500000074505806
2026-01-29,2026-01-30T11:00:00Z,35,STATION,0.8003756999969482,0.6831910610198975,8.076220512390137,0.9549999833106995,0.050833333283662796
2026-01-29,2026-01-30T12:00:00Z,36,STATION,0.6559712886810303,0.6865730881690979,8.380997657775879,0.9666666388511658,0.10166666656732559
2026-01-29,2026-01-30T13:00:00Z,37,STATION,0.6023350358009338,0.5581634640693665,7.368395805358887,0.9350000023841858,0.1616666615009308
2026-01-29,2026-01-30T14:00:00Z,38,STATION,0.46503958106040955,0.5229941010475159,7.204817295074463,0.7108333110809326,0.24666666984558105
2026-01-29,2026-01-30T15:00:00Z,39,STATION,0.4270181655883789,0.48874226212501526,7.056635856628418,0.7191666960716248,0.6825000047683716
2026-01-29,2026-01-30T16:00:00Z,40,STATION,0.33562910556793213,0.41360992193222046,6.537026882171631,0.4866666793823242,0.6508333086967468
2026-01-29,2026-01-30T17:00:00Z,41,STATION,0.2577984631061554,0.24820154905319214,5.616213798522949,0.4008333384990692,0.34166666865348816
2026-01-29,2026-01-30T18:00:00Z,42,STATION,0.33089137077331543,0.11007871478796005,4.108829498291016,0.25833332538604736,0.3058333396911621
2026-01-29,2026-01-30T19:00:00Z,43,STATION,0.10616183280944824,0.1414770931005478,4.5421905517578125,0.10999999940395355,0.2016666680574417
2026-01-29,2026-01-30T20:00:00Z,44,STATION,0.12874643504619598,0.21575938165187836,5.203768730163574,0.18416666984558105,0.1941666603088379
2026-01-29,2026-01-30T21:00:00Z,45,STATION,0.17553560435771942,0.27191057801246643,5.797516345977783,0.11249999701976776,0.1875
2026-01-29,2026-01-30T22:00:00Z,46,STATION,0.21457818150520325,0.29896295070648193,6.099494934082031,0.15000000596046448,0.16750000417232513
2026-01-29,2026-01-30T23:00:00Z,47,STATION,0.25819504261016846,0.39486929774284363,6.380855560302734,0.10499999672174454,0.25583332777023315
2026-01-29,2026-01-31T00:00:00Z,48,STATION,0.37256819009780884,0.6854248046875,8.313720703125,0.08833333104848862,0.07833333313465118
2026-01-29,2026-01-29T01:00:00Z,1,T1,0.05036430060863495,0.11758889257907867,4.263333797454834,0.01666666753590107,0.009999999776482582
2026-01-29,2026-01-29T02:00:00Z,2,T1,0.08844563364982605,0.05554706230759621,3.0690197944641113,0.01666666753590107,0.011666666716337204
2026-01-29,2026-01-29T03:00:00Z,3,T1,0.10601066052913666,0.03035610355436802,2.239773750305176,0.009999999776482582,0.061666667461395264
2026-01-29,2026-01-29T04:00:00Z,4,T1,0.07423336803913116,0.048423636704683304,2.805506467819214,0.009999999776482582,0.013333333656191826
2026-01-29,2026-01-29T05:00:00Z,5,T1,0.1409556269645691,0.11681115627288818,4.146673202514648,0.036666665226221085,0.009999999776482582
2026-01-29,2026-01-29T06:00:00Z,6,T1,0.19453758001327515,0.1991751343011856,5.026876449584961,0.03333333507180214,0.009999999776482582
2026-01-29,2026-01-29T07:00:00Z,7,T1,0.28290486335754395,0.2656187117099762,5.698098182678223,0.009999999776482582,0.009999999776482582
2026-01-29,2026-01-29T08:00:00Z,8,T1,0.3859938681125641,0.2841917872428894,5.816649436950684,0.5249999761581421,0.009999999776482582
2026-01-29,2026-01-29T09:00:00Z,9,T1,0.3445657193660736,0.2888573706150055,5.84643030166626,0.79666668176651,0.009999999776482582
2026-01-29,2026-01-29T10:00:00Z,10,T1,0.41990265250205994,0.2541666626930237,5.478842258453369,0.8116666674613953,0.009999999776482582
2026-01-29,2026-01-29T11:00:00Z,11,T1,0.31065309047698975,0.2541666626930237,5.579995632171631,0.8866666555404663,0.009999999776482582
2026-01-29,2026-01-29T12:00:00Z,12,T1,0.41186943650245667,0.4361042082309723,6.662784576416016,0.9599999785423279,0.021666666492819786
2026-01-29,2026-01-29T13:00:00Z,13,T1,0.44280117750167847,0.450394868850708,6.857657432556152,0.9300000071525574,0.15333333611488342
2026-01-29,2026-01-29T14:00:00Z,14,T1,0.473943293094635,0.5830488801002502,7.503430366516113,0.8566666841506958,0.25833332538604736
2026-01-29,2026-01-29T15:00:00Z,15,T1,0.610504150390625,0.6830870509147644,8.08806037902832,0.9866666793823242,0.6633333563804626
2026-01-29,2026-01-29T16:00:00Z,16,T1,0.5673343539237976,0.7084953784942627,8.540820121765137,0.9816666841506958,0.67166668176651
2026-01-29,2026-01-29T17:00:00Z,17,T1,0.6010299324989319,0.7113690972328186,8.561847686767578,0.9900000095367432,0.3233333230018616
2026-01-29,2026-01-29T18:00:00Z,18,T1,0.6966044306755066,0.6841862201690674,8.21028995513916,0.9900000095367432,0.31333333253860474
2026-01-29,2026-01-29T19:00:00Z,19,T1,0.6241652965545654,0.6856096982955933,8.352635383605957,0.9816666841506958,0.20999999344348907
2026-01-29,2026-01-29T20:00:00Z,20,T1,0.6382352113723755,0.691207230091095,8.414320945739746,0.67166668176651,0.19333332777023315
2026-01-29,2026-01-29T21:00:00Z,21,T1,0.6683565974235535,0.6839261651039124,8.184282302856445,0.7850000262260437,0.1850000023841858
2026-01-29,2026-01-29T22:00:00Z,22,T1,0.6344350576400757,0.6846435070037842,8.256019592285156,0.5166666507720947,0.17666666209697723
2026-01-29,2026-01-29T23:00:00Z,23,T1,0.6276715993881226,0.685152530670166,8.30692195892334,0.4116666615009308,0.27000001072883606
2026-01-29,2026-01-30T00:00:00Z,24,T1,0.6403148770332336,0.7052069902420044,8.516758918762207,0.5199999809265137,0.0833333358168602
2026-01-29,2026-01-30T01:00:00Z,25,T1,0.6300992369651794,0.6841391921043396,8.205583572387695,0.7549999952316284,0.009999999776482582
2026-01-29,2026-01-30T02:00:00Z,26,T1,0.5990960001945496,0.6850487589836121,8.296542167663574,0.6566666960716248,0.011666666716337204
2026-01-29,2026-01-30T03:00:00Z,27,T1,0.5332430601119995,0.6856723427772522,8.358899116516113,0.5649999976158142,0.061666667461395264
2026-01-29,2026-01-30T04:00:00Z,28,T1,0.5792241096496582,0.6954244375228882,8.445178985595703,0.5849999785423279,0.013333333656191826
2026-01-29,2026-01-30T05:00:00Z,29,T1,0.6809384226799011,0.7200000286102295,8.676429748535156,0.9433333277702332,0.009999999776482582
2026-01-29,2026-01-30T06:00:00Z,30,T1,0.888757050037384,0.8520768880844116,9.340241432189941,0.9616666436195374,0.009999999776482582
2026-01-29,2026-01-30T07:00:00Z,31,T1,0.9225189089775085,0.8907861113548279,9.573690414428711,0.9516666531562805,0.009999999776482582
2026-01-29,2026-01-30T08:00:00Z,32,T1,0.9138000011444092,0.9010263681411743,9.686100006103516,0.9850000143051147,0.009999999776482582
2026-01-29,2026-01-30T09:00:00Z,33,T1,0.8941958546638489,0.8490561842918396,9.323460578918457,0.9566666483879089,0.009999999776482582
2026-01-29,2026-01-30T10:00:00Z,34,T1,0.8097007870674133,0.8368883728981018,9.255861282348633,0.9516666531562805,0.009999999776482582
2026-01-29,2026-01-30T11:00:00Z,35,T1,0.7770311236381531,0.6830081343650818,8.076220512390137,0.9449999928474426,0.009999999776482582
2026-01-29,2026-01-30T12:00:00Z,36,T1,0.6802998781204224,0.6866530776023865,8.380997657775879,0.9516666531562805,0.021666666492819786
2026-01-29,2026-01-30T13:00:00Z,37,T1,0.5736905932426453,0.5612452030181885,7.368395805358887,0.9266666769981384,0.15333333611488342
2026-01-29,2026-01-30T14:00:00Z,38,T1,0.404239296913147,0.5301653146743774,7.204817295074463,0.6700000166893005,0.25833332538604736
2026-01-29,2026-01-30T15:00:00Z,39,T1,0.3852027356624603,0.49768105149269104,7.056635856628418,0.6983333230018616,0.6633333563804626
2026-01-29,2026-01-30T16:00:00Z,40,T1,0.32727932929992676,0.4210171401500702,6.537026882171631,0.4333333373069763,0.67166668176651
2026-01-29,2026-01-30T17:00:00Z,41,T1,0.2853291630744934,0.2541666626930237,5.616213798522949,0.3700000047683716,0.3233333230018616
2026-01-29,2026-01-30T18:00:00Z,42,T1,0.3378400504589081,0.11580424010753632,4.108829498291016,0.27666667103767395,0.31333333253860474
2026-01-29,2026-01-30T19:00:00Z,43,T1,0.10878412425518036,0.14508384466171265,4.5421905517578125,0.1133333370089531,0.20999999344348907
2026-01-29,2026-01-30T20:00:00Z,44,T1,0.14402784407138824,0.22277423739433289,5.203768730163574,0.18666666746139526,0.19333332777023315
2026-01-29,2026-01-30T21:00:00Z,45,T1,0.19564004242420197,0.2811942398548126,5.797516345977783,0.12166666984558105,0.1850000023841858
2026-01-29,2026-01-30T22:00:00Z,46,T1,0.23283164203166962,0.3038097620010376,6.099494934082031,0.1616666615009308,0.17666666209697723
2026-01-29,2026-01-30T23:00:00Z,47,T1,0.25302496552467346,0.39915308356285095,6.380855560302734,0.1066666692495346,0.27000001072883606
2026-01-29,2026-01-31T00:00:00Z,48,T1,0.342172235250473,0.6852205395698547,8.313720703125,0.09166666865348816,0.0833333358168602
2026-01-29,2026-01-29T01:00:00Z,1,T2,0.06472412496805191,0.1068444475531578,4.263333797454834,0.011666666716337204,0.009999999776482582
2026-01-29,2026-01-29T02:00:00Z,2,T2,0.12268254160881042,0.05129346624016762,3.0690197944641113,0.011666666716337204,0.009999999776482582
2026-01-29,2026-01-29T03:00:00Z,3,T2,0.08299128711223602,0.027924278751015663,2.239773750305176,0.009999999776482582,0.05000000074505806
2026-01-29,2026-01-29T04:00:00Z,4,T2,0.09221184998750687,0.04606203734874725,2.805506467819214,0.009999999776482582,0.009999999776482582
2026-01-29,2026-01-29T05:00:00Z,5,T2,0.11722061783075333,0.10528897494077682,4.146673202514648,0.03333333507180214,0.009999999776482582
2026-01-29,2026-01-29T06:00:00Z,6,T2,0.18111731112003326,0.18914386630058289,5.026876449584961,0.028333334252238274,0.009999999776482582
2026-01-29,2026-01-29T07:00:00Z,7,T2,0.33610084652900696,0.2510281205177307,5.698098182678223,0.009999999776482582,0.009999999776482582
2026-01-29,2026-01-29T08:00:00Z,8,T2,0.358612596988678,0.264859139919281,5.816649436950684,0.5699999928474426,0.009999999776482582
2026-01-29,2026-01-29T09:00:00Z,9,T2,0.3773176074028015,0.2683335244655609,5.84643030166626,0.7716666460037231,0.009999999776482582
2026-01-29,2026-01-29T10:00:00Z,10,T2,0.42427998781204224,0.23811526596546173,5.478842258453369,0.8533333539962769,0.02500000037252903
2026-01-29,2026-01-29T11:00:00Z,11,T2,0.3459015190601349,0.2411498725414276,5.579995632171631,0.9366666674613953,0.09166666865348816
2026-01-29,2026-01-29T12:00:00Z,12,T2,0.41021913290023804,0.4180227518081665,6.662784576416016,0.9566666483879089,0.18166667222976685
2026-01-29,2026-01-29T13:00:00Z,13,T2,0.3983248174190521,0.433612585067749,6.857657432556152,0.9666666388511658,0.17000000178813934
2026-01-29,2026-01-29T14:00:00Z,14,T2,0.44935083389282227,0.563944399356842,7.503430366516113,0.8849999904632568,0.23499999940395355
2026-01-29,2026-01-29T15:00:00Z,15,T2,0.5851471424102783,0.6837686896324158,8.08806037902832,0.9883333444595337,0.7016666531562805
2026-01-29,2026-01-29T16:00:00Z,16,T2,0.6155563592910767,0.7040735483169556,8.540820121765137,0.9833333492279053,0.6299999952316284
2026-01-29,2026-01-29T17:00:00Z,17,T2,0.6407114863395691,0.7063865065574646,8.561847686767578,0.9900000095367432,0.36000001430511475
2026-01-29,2026-01-29T18:00:00Z,18,T2,0.586315929889679,0.6852843165397644,8.21028995513916,0.9900000095367432,0.2983333468437195
2026-01-29,2026-01-29T19:00:00Z,19,T2,0.5425524115562439,0.6857587695121765,8.352635383605957,0.9866666793823242,0.19333332777023315
2026-01-29,2026-01-29T20:00:00Z,20,T2,0.6099031567573547,0.6901586651802063,8.414320945739746,0.6616666913032532,0.19499999284744263
2026-01-29,2026-01-29T21:00:00Z,21,T2,0.6309790015220642,0.6851975917816162,8.184282302856445,0.7716666460037231,0.1899999976158142
2026-01-29,2026-01-29T22:00:00Z,22,T2,0.6107438206672668,0.6854367256164551,8.256019592285156,0.5316666960716248,0.15833333134651184
2026-01-29,2026-01-29T23:00:00Z,23,T2,0.6053684949874878,0.6856064200401306,8.30692195892334,0.41999998688697815,0.24166665971279144
2026-01-29,2026-01-30T00:00:00Z,24,T2,0.601716160774231,0.7014267444610596,8.516758918762207,0.5683333277702332,0.07333333045244217
2026-01-29,2026-01-30T01:00:00Z,25,T2,0.5635592341423035,0.6852686405181885,8.205583572387695,0.7666666507720947,0.009999999776482582
2026-01-29,2026-01-30T02:00:00Z,26,T2,0.5249881148338318,0.6855717897415161,8.296542167663574,0.6133333444595337,0.009999999776482582
2026-01-29,2026-01-30T03:00:00Z,27,T2,0.4703653156757355,0.6857796907424927,8.358899116516113,0.4983333349227905,0.05000000074505806
2026-01-29,2026-01-30T04:00:00Z,28,T2,0.5295394659042358,0.6935529708862305,8.445178985595703,0.5600000023841858,0.009999999776482582
2026-01-29,2026-01-30T05:00:00Z,29,T2,0.6800591349601746,0.7160762548446655,8.676429748535156,0.949999988079071,0.009999999776482582
2026-01-29,2026-01-30T06:00:00Z,30,T2,0.8515813946723938,0.8356642127037048,9.340241432189941,0.9649999737739563,0.009999999776482582
2026-01-29,2026-01-30T07:00:00Z,31,T2,0.9146649837493896,0.8650182485580444,9.573690414428711,0.9783333539962769,0.009999999776482582
2026-01-29,2026-01-30T08:00:00Z,32,T2,0.9075064063072205,0.8726663589477539,9.686100006103516,0.9783333539962769,0.009999999776482582
2026-01-29,2026-01-30T09:00:00Z,33,T2,0.9082913398742676,0.8323638439178467,9.323460578918457,0.9833333492279053,0.009999999776482582
2026-01-29,2026-01-30T10:00:00Z,34,T2,0.8143123984336853,0.8190693855285645,9.255861282348633,0.9616666436195374,0.02500000037252903
2026-01-29,2026-01-30T11:00:00Z,35,T2,0.8237202763557434,0.6833740472793579,8.076220512390137,0.9649999737739563,0.09166666865348816
2026-01-29,2026-01-30T12:00:00Z,36,T2,0.631642758846283,0.6864930987358093,8.380997657775879,0.9816666841506958,0.18166667222976685
2026-01-29,2026-01-30T13:00:00Z,37,T2,0.6309795379638672,0.5550816655158997,7.368395805358887,0.9433333277702332,0.17000000178813934
2026-01-29,2026-01-30T14:00:00Z,38,T2,0.5258398652076721,0.5158228874206543,7.204817295074463,0.7516666650772095,0.23499999940395355
2026-01-29,2026-01-30T15:00:00Z,39,T2,0.4688335955142975,0.4798034727573395,7.056635856628418,0.7400000095367432,0.7016666531562805
2026-01-29,2026-01-30T16:00:00Z,40,T2,0.3439788818359375,0.4062027037143707,6.537026882171631,0.5400000214576721,0.6299999952316284
2026-01-29,2026-01-30T17:00:00Z,41,T2,0.23026776313781738,0.2422364205121994,5.616213798522949,0.43166667222976685,0.36000001430511475
2026-01-29,2026-01-30T18:00:00Z,42,T2,0.3239426612854004,0.10435318201780319,4.108829498291016,0.23999999463558197,0.2983333468437195
2026-01-29,2026-01-30T19:00:00Z,43,T2,0.10353954881429672,0.13787035644054413,4.5421905517578125,0.1066666692495346,0.19333332777023315
2026-01-29,2026-01-30T20:00:00Z,44,T2,0.11346501111984253,0.20874451100826263,5.203768730163574,0.18166667222976685,0.19499999284744263
2026-01-29,2026-01-30T21:00:00Z,45,T2,0.15543118119239807,0.26262691617012024,5.797516345977783,0.10333333164453506,0.1899999976158142
2026-01-29,2026-01-30T22:00:00Z,46,T2,0.19632472097873688,0.29411613941192627,6.099494934082031,0.13833333551883698,0.15833333134651184
2026-01-29,2026-01-30T23:00:00Z,47,T2,0.26336514949798584,0.3905855417251587,6.380855560302734,0.10333333164453506,0.24166665971279144
2026-01-29,2026-01-31T00:00:00Z,48,T2,0.40296417474746704,0.6856290698051453,8.313720703125,0.08500000089406967,0.07333333045244217
2026-01-30,2026-01-30T01:00:00Z,1,STATION,0.5486899614334106,0.6835587024688721,8.09460163116455,0.7608333230018616,0.014166667126119137
2026-01-30,2026-01-30T02:00:00Z,2,STATION,0.6107682585716248,0.6815763115882874,7.995481967926025,0.6349999904632568,0.014166667126119137
2026-01-30,2026-01-30T03:00:00Z,3,STATION,0.5584529638290405,0.6846033930778503,8.190510749816895,0.5316666960716248,0.009999999776482582
2026-01-30,2026-01-30T04:00:00Z,4,STATION,0.5292845964431763,0.7029861807823181,8.514077186584473,0.5724999904632568,0.009999999776482582
2026-01-30,2026-01-30T05:00:00Z,5,STATION,0.7901922464370728,0.7755142450332642,9.038064956665039,0.9466666579246521,0.03500000014901161
2026-01-30,2026-01-30T06:00:00Z,6,STATION,0.8211249709129333,0.8862751126289368,9.667196273803711,0.9633333086967468,0.030833333730697632
2026-01-30,2026-01-30T07:00:00Z,7,STATION,0.8927742838859558,0.905379056930542,10.148441314697266,0.9649999737739563,0.009999999776482582
2026-01-30,2026-01-30T08:00:00Z,8,STATION,0.8869984745979309,0.905379056930542,10.586079597473145,0.9816666841506958,0.5475000143051147
2026-01-30,2026-01-30T09:00:00Z,9,STATION,0.9303736686706543,0.905379056930542,10.42432689666748,0.9700000286102295,0.784166693687439
2026-01-30,2026-01-30T10:00:00Z,10,STATION,0.9209844470024109,0.9006849527359009,10.033492088317871,0.9566666483879089,0.8324999809265137
2026-01-30,2026-01-30T11:00:00Z,11,STATION,0.9308491945266724,0.8551439642906189,9.409173011779785,0.9549999833106995,0.9116666913032532
2026-01-30,2026-01-30T12:00:00Z,12,STATION,0.7961776852607727,0.7193326354026794,8.724973678588867,0.9666666388511658,0.9583333134651184
2026-01-30,2026-01-30T13:00:00Z,13,STATION,0.7775055170059204,0.6797438859939575,7.903861999511719,0.9350000023841858,0.9483333230018616
2026-01-30,2026-01-30T14:00:00Z,14,STATION,0.7100524306297302,0.6814826130867004,7.990796089172363,0.7108333110809326,0.8708333373069763
2026-01-30,2026-01-30T15:00:00Z,15,STATION,0.5342980027198792,0.684685468673706,8.20281982421875,0.7191666960716248,0.987500011920929
2026-01-30,2026-01-30T16:00:00Z,16,STATION,0.48721376061439514,0.6839547157287598,8.114400863647461,0.4866666793823242,0.9825000166893005
2026-01-30,2026-01-30T17:00:00Z,17,STATION,0.44733306765556335,0.6680264472961426,7.84489107131958,0.4008333384990692,0.9900000095367432
2026-01-30,2026-01-30T18:00:00Z,18,STATION,0.3789454698562622,0.5982938408851624,7.656424522399902,0.25833332538604736,0.9900000095367432
2026-01-30,2026-01-30T19:00:00Z,19,STATION,0.35812652111053467,0.5728731751441956,7.49767541885376,0.10999999940395355,0.98416668176651
2026-01-30,2026-01-30T20:00:00Z,20,STATION,0.3742164671421051,0.5477522611618042,7.319971561431885,0.18416666984558105,0.6666666865348816
2026-01-30,2026-01-30T21:00:00Z,21,STATION,0.34414467215538025,0.5724635720252991,7.493894577026367,0.11249999701976776,0.778333306312561
2026-01-30,2026-01-30T22:00:00Z,22,STATION,0.36671212315559387,0.6817746758460999,8.005399703979492,0.15000000596046448,0.5241666436195374
2026-01-30,2026-01-30T23:00:00Z,23,STATION,0.3455033004283905,0.6849075555801392,8.23613166809082,0.10499999672174454,0.41583332419395447
2026-01-30,2026-01-31T00:00:00Z,24,STATION,0.4075942933559418,0.6845122575759888,8.176837921142578,0.08833333104848862,0.5441666841506958
2026-01-30,2026-01-31T01:00:00Z,25,STATION,0.4203971028327942,0.6855006217956543,8.325089454650879,0.09666666388511658,0.014166667126119137
2026-01-30,2026-01-31T02:00:00Z,26,STATION,0.36640650033950806,0.6933745741844177,8.436145782470703,0.28333333134651184,0.014166667126119137
2026-01-30,2026-01-31T03:00:00Z,27,STATION,0.2561304271221161,0.7230321764945984,8.8637056350708,0.44999998807907104,0.009999999776482582
2026-01-30,2026-01-31T04:00:00Z,28,STATION,0.3869073987007141,0.823823869228363,9.23379898071289,0.6008333563804626,0.009999999776482582
2026-01-30,2026-01-31T05:00:00Z,29,STATION,0.5601579546928406,0.6852239370346069,8.283588409423828,0.7633333206176758,0.03500000014901161
2026-01-30,2026-01-31T06:00:00Z,30,STATION,0.5136370062828064,0.6913658976554871,8.419858932495117,0.9791666865348816,0.030833333730697632
2026-01-30,2026-01-31T07:00:00Z,31,STATION,0.5070558786392212,0.7172748446464539,8.647807121276855,0.9599999785423279,0.009999999776482582
2026-01-30,2026-01-31T08:00:00Z,32,STATION,0.5645309090614319,0.7062525749206543,8.54056167602539,0.940833330154419,0.5475000143051147
2026-01-30,2026-01-31T09:00:00Z,33,STATION,0.49539175629615784,0.6837042570114136,8.101880073547363,0.9641666412353516,0.784166693687439
2026-01-30,2026-01-31T10:00:00Z,34,STATION,0.585389256477356,0.684783935546875,8.2175874710083,0.8066666722297668,0.8324999809265137
2026-01-30,2026-01-31T11:00:00Z,35,STATION,0.792211651802063,0.714741587638855,8.609391212463379,0.9208333492279053,0.9116666913032532
2026-01-30,2026-01-31T12:00:00Z,36,STATION,0.6992654800415039,0.4788582921028137,7.017099857330322,0.8616666793823242,0.9583333134651184
2026-01-30,2026-01-31T13:00:00Z,37,STATION,0.622338056564331,0.24748079478740692,5.568163871765137,0.8374999761581421,0.9483333230018616
2026-01-30,2026-01-31T14:00:00Z,38,STATION,0.36452314257621765,0.111994668841362,4.241133689880371,0.8683333396911621,0.8708333373069763
2026-01-30,2026-01-31T15:00:00Z,39,STATION,0.22038862109184265,0.03192222863435745,2.3039743900299072,0.5099999904632568,0.987500011920929
2026-01-30,2026-01-31T16:00:00Z,40,STATION,0.13742303848266602,0.0,1.454519510269165,0.24583333730697632,0.9825000166893005
2026-01-30,2026-01-31T17:00:00Z,41,STATION,0.2291482836008072,0.0,0.9959689974784851,0.010833333246409893,0.9900000095367432
2026-01-30,2026-01-31T18:00:00Z,42,STATION,0.11084885150194168,0.0,0.6281926035881042,0.10750000178813934,0.9900000095367432
2026-01-30,2026-01-31T19:00:00Z,43,STATION,0.07974221557378769,0.0,1.1771482229232788,0.21166667342185974,0.98416668176651
2026-01-30,2026-01-31T20:00:00Z,44,STATION,0.06452993303537369,0.0,1.147400975227356,,0.6666666865348816
2026-01-30,2026-01-31T21:00:00Z,45,STATION,0.06080431863665581,0.020849499851465225,1.6274250745773315,,0.778333306312561
2026-01-30,2026-01-31T22:00:00Z,46,STATION,0.10380357503890991,0.0,0.4698663651943207,,0.5241666436195374
2026-01-30,2026-01-31T23:00:00Z,47,STATION,0.04533065855503082,0.0,0.3202070891857147,,0.41583332419395447
2026-01-30,2026-02-01T00:00:00Z,48,STATION,0.06348472833633423,0.0,0.3198018968105316,,0.5441666841506958
2026-01-30,2026-01-30T01:00:00Z,1,T1,0.5594192743301392,0.68313068151474,8.09460163116455,0.7549999952316284,0.01666666753590107
2026-01-30,2026-01-30T02:00:00Z,2,T1,0.6565585136413574,0.68246990442276,7.995481967926025,0.6566666960716248,0.01666666753590107
2026-01-30,2026-01-30T03:00:00Z,3,T1,0.6041204929351807,0.6839884519577026,8.190510749816895,0.5649999976158142,0.009999999776482582
2026-01-30,2026-01-30T04:00:00Z,4,T1,0.5762883424758911,0.7048405408859253,8.514077186584473,0.5849999785423279,0.009999999776482582
2026-01-30,2026-01-30T05:00:00Z,5,T1,0.8152105212211609,0.7808777689933777,9.038064956665039,0.9433333277702332,0.036666665226221085
2026-01-30,2026-01-30T06:00:00Z,6,T1,0.90707927942276,0.9004510045051575,9.667196273803711,0.9616666436195374,0.03333333507180214
2026-01-30,2026-01-30T07:00:00Z,7,T1,0.934924304485321,0.9067758917808533,10.148441314697266,0.9516666531562805,0.009999999776482582
2026-01-30,2026-01-30T08:00:00Z,8,T1,0.8952915072441101,0.9067758917808533,10.586079597473145,0.9850000143051147,0.5249999761581421
2026-01-30,2026-01-30T09:00:00Z,9,T1,0.9341821074485779,0.9067758917808533,10.42432689666748,0.9566666483879089,0.79666668176651
2026-01-30,2026-01-30T10:00:00Z,10,T1,0.9536046385765076,0.9067758917808533,10.033492088317871,0.9516666531562805,0.8116666674613953
2026-01-30,2026-01-30T11:00:00Z,11,T1,0.9595766067504883,0.863914966583252,9.409173011779785,0.9449999928474426,0.8866666555404663
2026-01-30,2026-01-30T12:00:00Z,12,T1,0.8242313265800476,0.7200000286102295,8.724973678588867,0.9516666531562805,0.9599999785423279
2026-01-30,2026-01-30T13:00:00Z,13,T1,0.7574520111083984,0.6818590760231018,7.903861999511719,0.9266666769981384,0.9300000071525574
2026-01-30,2026-01-30T14:00:00Z,14,T1,0.6775062680244446,0.6824386119842529,7.990796089172363,0.6700000166893005,0.8566666841506958
2026-01-30,2026-01-30T15:00:00Z,15,T1,0.4919631779193878,0.6841115355491638,8.20281982421875,0.6983333230018616,0.9866666793823242
2026-01-30,2026-01-30T16:00:00Z,16,T1,0.45256754755973816,0.6832626461982727,8.114400863647461,0.4333333373069763,0.9816666841506958
2026-01-30,2026-01-30T17:00:00Z,17,T1,0.4547663927078247,0.6721322536468506,7.84489107131958,0.3700000047683716,0.9900000095367432
2026-01-30,2026-01-30T18:00:00Z,18,T1,0.3549121618270874,0.6124511361122131,7.656424522399902,0.27666667103767395,0.9900000095367432
2026-01-30,2026-01-30T19:00:00Z,19,T1,0.33254382014274597,0.5821280479431152,7.49767541885376,0.1133333370089531,0.9816666841506958
2026-01-30,2026-01-30T20:00:00Z,20,T1,0.3590129315853119,0.5520446300506592,7.319971561431885,0.18666666746139526,0.67166668176651
2026-01-30,2026-01-30T21:00:00Z,21,T1,0.33746686577796936,0.5815231204032898,7.493894577026367,0.12166666984558105,0.7850000262260437
2026-01-30,2026-01-30T22:00:00Z,22,T1,0.3346436023712158,0.6825360059738159,8.005399703979492,0.1616666615009308,0.5166666507720947
2026-01-30,2026-01-30T23:00:00Z,23,T1,0.3483787477016449,0.6844446659088135,8.23613166809082,0.1066666692495346,0.4116666615009308
2026-01-30,2026-01-31T00:00:00Z,24,T1,0.4313996732234955,0.6838517189025879,8.176837921142578,0.09166666865348816,0.5199999809265137
2026-01-30,2026-01-31T01:00:00Z,25,T1,0.4296669065952301,0.6853342056274414,8.325089454650879,0.10166666656732559,0.01666666753590107
2026-01-30,2026-01-31T02:00:00Z,26,T1,0.45286130905151367,0.6941898465156555,8.436145782470703,0.30666667222976685,0.01666666753590107
2026-01-30,2026-01-31T03:00:00Z,27,T1,0.3793468773365021,0.7200000286102295,8.8637056350708,0.4633333384990692,0.009999999776482582
2026-01-30,2026-01-31T04:00:00Z,28,T1,0.5077277421951294,0.8329172134399414,9.23379898071289,0.5899999737739563,0.009999999776482582
2026-01-30,2026-01-31T05:00:00Z,29,T1,0.652995228767395,0.6849192380905151,8.283588409423828,0.70333331823349,0.036666665226221085
2026-01-30,2026-01-31T06:00:00Z,30,T1,0.4970479905605316,0.6919640302658081,8.419858932495117,0.9833333492279053,0.03333333507180214
2026-01-30,2026-01-31T07:00:00Z,31,T1,0.5011166334152222,0.7200000286102295,8.647807121276855,0.9449999928474426,0.009999999776482582
2026-01-30,2026-01-31T08:00:00Z,32,T1,0.5399081110954285,0.7084600329399109,8.54056167602539,0.9100000262260437,0.5249999761581421
2026-01-30,2026-01-31T09:00:00Z,33,T1,0.4672601819038391,0.6831791996955872,8.101880073547363,0.9599999785423279,0.79666668176651
2026-01-30,2026-01-31T10:00:00Z,34,T1,0.5396957397460938,0.6842591762542725,8.2175874710083,0.7933333516120911,0.8116666674613953
2026-01-30,2026-01-31T11:00:00Z,35,T1,0.792925238609314,0.7178667783737183,8.609391212463379,0.903333306312561,0.8866666555404663
2026-01-30,2026-01-31T12:00:00Z,36,T1,0.7190389037132263,0.4876652956008911,7.017099857330322,0.800000011920929,0.9599999785423279
2026-01-30,2026-01-31T13:00:00Z,37,T1,0.6363035440444946,0.2541666626930237,5.568163871765137,0.846666693687439,0.9300000071525574
2026-01-30,2026-01-31T14:00:00Z,38,T1,0.3350542187690735,0.11744088679552078,4.241133689880371,0.8399999737739563,0.8566666841506958
2026-01-30,2026-01-31T15:00:00Z,39,T1,0.22951728105545044,0.033352140337228775,2.3039743900299072,0.48500001430511475,0.9866666793823242
2026-01-30,2026-01-31T16:00:00Z,40,T1,0.17068776488304138,0.0,1.454519510269165,0.24500000476837158,0.9816666841506958
2026-01-30,2026-01-31T17:00:00Z,41,T1,0.30460458993911743,0.0,0.9959689974784851,0.011666666716337204,0.9900000095367432
2026-01-30,2026-01-31T18:00:00Z,42,T1,0.09961310774087906,0.0,0.6281926035881042,0.10499999672174454,0.9900000095367432
2026-01-30,2026-01-31T19:00:00Z,43,T1,0.09992897510528564,0.0,1.1771482229232788,0.2133333384990692,0.9816666841506958
2026-01-30,2026-01-31T20:00:00Z,44,T1,0.06813552230596542,0.0,1.147400975227356,,0.67166668176651
2026-01-30,2026-01-31T21:00:00Z,45,T1,0.06197921559214592,0.020032335072755814,1.6274250745773315,,0.7850000262260437
2026-01-30,2026-01-31T22:00:00Z,46,T1,0.10796540230512619,0.0,0.4698663651943207,,0.5166666507720947
2026-01-30,2026-01-31T23:00:00Z,47,T1,0.041968170553445816,0.0,0.3202070891857147,,0.4116666615009308
2026-01-30,2026-02-01T00:00:00Z,48,T1,0.06118432804942131,0.0,0.3198018968105316,,0.5199999809265137
2026-01-30,2026-01-30T01:00:00Z,1,T2,0.5379607081413269,0.6839867234230042,8.09460163116455,0.7666666507720947,0.011666666716337204
2026-01-30,2026-01-30T02:00:00Z,2,T2,0.5649779438972473,0.6806827187538147,7.995481967926025,0.6133333444595337,0.011666666716337204
2026-01-30,2026-01-30T03:00:00Z,3,T2,0.5127854347229004,0.6852183938026428,8.190510749816895,0.4983333349227905,0.009999999776482582
2026-01-30,2026-01-30T04:00:00Z,4,T2,0.4822809100151062,0.7011318206787109,8.514077186584473,0.5600000023841858,0.009999999776482582
2026-01-30,2026-01-30T05:00:00Z,5,T2,0.7651739716529846,0.7701507806777954,9.038064956665039,0.949999988079071,0.03333333507180214
2026-01-30,2026-01-30T06:00:00Z,6,T2,0.7351706624031067,0.8720992207527161,9.667196273803711,0.9649999737739563,0.028333334252238274
2026-01-30,2026-01-30T07:00:00Z,7,T2,0.8506242036819458,0.9039822220802307,10.148441314697266,0.9783333539962769,0.009999999776482582
2026-01-30,2026-01-30T08:00:00Z,8,T2,0.8787055015563965,0.9039822220802307,10.586079597473145,0.9783333539962769,0.5699999928474426
2026-01-30,2026-01-30T09:00:00Z,9,T2,0.9265651702880859,0.9039822220802307,10.42432689666748,0.9833333492279053,0.7716666460037231
2026-01-30,2026-01-30T10:00:00Z,10,T2,0.8883642554283142,0.8945939540863037,10.033492088317871,0.9616666436195374,0.8533333539962769
2026-01-30,2026-01-30T11:00:00Z,11,T2,0.9021217226982117,0.8463729619979858,9.409173011779785,0.9649999737739563,0.9366666674613953
2026-01-30,2026-01-30T12:00:00Z,12,T2,0.7681240439414978,0.7186652421951294,8.724973678588867,0.9816666841506958,0.9566666483879089
2026-01-30,2026-01-30T13:00:00Z,13,T2,0.7975590825080872,0.677628755569458,7.903861999511719,0.9433333277702332,0.9666666388511658
2026-01-30,2026-01-30T14:00:00Z,14,T2,0.7425985932350159,0.6805265545845032,7.990796089172363,0.7516666650772095,0.8849999904632568
2026-01-30,2026-01-30T15:00:00Z,15,T2,0.5766327977180481,0.6852594017982483,8.20281982421875,0.7400000095367432,0.9883333444595337
2026-01-30,2026-01-30T16:00:00Z,16,T2,0.5218599438667297,0.684646725654602,8.114400863647461,0.5400000214576721,0.9833333492279053
2026-01-30,2026-01-30T17:00:00Z,17,T2,0.4398997724056244,0.6639206409454346,7.84489107131958,0.43166667222976685,0.9900000095367432
2026-01-30,2026-01-30T18:00:00Z,18,T2,0.4029787480831146,0.5841364860534668,7.656424522399902,0.23999999463558197,0.9900000095367432
2026-01-30,2026-01-30T19:00:00Z,19,T2,0.383709192276001,0.5636183023452759,7.49767541885376,0.1066666692495346,0.9866666793823242
2026-01-30,2026-01-30T20:00:00Z,20,T2,0.3894199728965759,0.5434598922729492,7.319971561431885,0.18166667222976685,0.6616666913032532
2026-01-30,2026-01-30T21:00:00Z,21,T2,0.35082244873046875,0.5634040236473083,7.493894577026367,0.10333333164453506,0.7716666460037231
2026-01-30,2026-01-30T22:00:00Z,22,T2,0.39878061413764954,0.6810133457183838,8.005399703979492,0.13833333551883698,0.5316666960716248
2026-01-30,2026-01-30T23:00:00Z,23,T2,0.3426278531551361,0.6853704452514648,8.23613166809082,0.10333333164453506,0.41999998688697815
2026-01-30,2026-01-31T00:00:00Z,24,T2,0.38378891348838806,0.6851727962493896,8.176837921142578,0.08500000089406967,0.5683333277702332
2026-01-30,2026-01-31T01:00:00Z,25,T2,0.4111272692680359,0.6856669783592224,8.325089454650879,0.09166666865348816,0.011666666716337204
2026-01-30,2026-01-31T02:00:00Z,26,T2,0.27995169162750244,0.6925593018531799,8.436145782470703,0.25999999046325684,0.011666666716337204
2026-01-30,2026-01-31T03:00:00Z,27,T2,0.1329139620065689,0.7260643243789673,8.8637056350708,0.43666666746139526,0.009999999776482582
2026-01-30,2026-01-31T04:00:00Z,28,T2,0.26608702540397644,0.8147305846214294,9.23379898071289,0.6116666793823242,0.009999999776482582
2026-01-30,2026-01-31T05:00:00Z,29,T2,0.4673207104206085,0.6855286359786987,8.283588409423828,0.8233333230018616,0.03333333507180214
2026-01-30,2026-01-31T06:00:00Z,30,T2,0.5302259922027588,0.690767765045166,8.419858932495117,0.9750000238418579,0.028333334252238274
2026-01-30,2026-01-31T07:00:00Z,31,T2,0.5129951238632202,0.714549720287323,8.647807121276855,0.9750000238418579,0.009999999776482582
2026-01-30,2026-01-31T08:00:00Z,32,T2,0.5891536474227905,0.7040451169013977,8.54056167602539,0.971666693687439,0.5699999928474426
2026-01-30,2026-01-31T09:00:00Z,33,T2,0.5235233306884766,0.68422931432724,8.101880073547363,0.9683333039283752,0.7716666460037231
2026-01-30,2026-01-31T10:00:00Z,34,T2,0.6310827136039734,0.6853086352348328,8.2175874710083,0.8199999928474426,0.8533333539962769
2026-01-30,2026-01-31T11:00:00Z,35,T2,0.7914980053901672,0.7116163969039917,8.609391212463379,0.9383333325386047,0.9366666674613953
2026-01-30,2026-01-31T12:00:00Z,36,T2,0.6794920563697815,0.47005128860473633,7.017099857330322,0.9233333468437195,0.9566666483879089
2026-01-30,2026-01-31T13:00:00Z,37,T2,0.6083726286888123,0.24079491198062897,5.568163871765137,0.82833331823349,0.9666666388511658
2026-01-30,2026-01-31T14:00:00Z,38,T2,0.39399203658103943,0.10654844343662262,4.241133689880371,0.8966666460037231,0.8849999904632568
2026-01-30,2026-01-31T15:00:00Z,39,T2,0.21125996112823486,0.030492311343550682,2.3039743900299072,0.5350000262260437,0.9883333444595337
2026-01-30,2026-01-31T16:00:00Z,40,T2,0.10415831953287125,0.0,1.454519510269165,0.24666666984558105,0.9833333492279053
2026-01-30,2026-01-31T17:00:00Z,41,T2,0.15369197726249695,0.0,0.9959689974784851,0.009999999776482582,0.9900000095367432
2026-01-30,2026-01-31T18:00:00Z,42,T2,0.1220846027135849,0.0,0.6281926035881042,0.10999999940395355,0.9900000095367432
2026-01-30,2026-01-31T19:00:00Z,43,T2,0.05955545976758003,0.0,1.1771482229232788,0.20999999344348907,0.9866666793823242
2026-01-30,2026-01-31T20:00:00Z,44,T2,0.06092434376478195,0.0,1.147400975227356,,0.6616666913032532
2026-01-30,2026-01-31T21:00:00Z,45,T2,0.059629425406455994,0.021666666492819786,1.6274250745773315,,0.7716666460037231
2026-01-30,2026-01-31T22:00:00Z,46,T2,0.09964174777269363,0.0,0.4698663651943207,,0.5316666960716248
2026-01-30,2026-01-31T23:00:00Z,47,T2,0.04869314655661583,0.0,0.3202070891857147,,0.41999998688697815
2026-01-30,2026-02-01T00:00:00Z,48,T2,0.06578513234853745,0.0,0.3198018968105316,,0.5683333277702332
2026-01-31,2026-01-31T01:00:00Z,1,STATION,0.41509443521499634,0.6814860105514526,7.990965843200684,0.09666666388511658,0.7608333230018616
2026-01-31,2026-01-31T02:00:00Z,2,STATION,0.4030548632144928,0.6849703788757324,8.24555778503418,0.28333333134651184,0.6349999904632568
2026-01-31,2026-01-31T03:00:00Z,3,STATION,0.4506645202636719,0.688103973865509,8.393410682678223,0.44999998807907104,0.5316666960716248
2026-01-31,2026-01-31T04:00:00Z,4,STATION,0.5954082608222961,0.7161650061607361,8.620932579040527,0.6008333563804626,0.5724999904632568
2026-01-31,2026-01-31T05:00:00Z,5,STATION,0.7119030356407166,0.7005075812339783,8.493980407714844,0.7633333206176758,0.9466666579246521
2026-01-31,2026-01-31T06:00:00Z,6,STATION,0.7097470760345459,0.700916588306427,8.497296333312988,0.9791666865348816,0.9633333086967468
2026-01-31,2026-01-31T07:00:00Z,7,STATION,0.6374716758728027,0.705589234828949,8.53518295288086,0.9599999785423279,0.9649999737739563
2026-01-31,2026-01-31T08:00:00Z,8,STATION,0.7667929530143738,0.7221748232841492,8.831554412841797,0.940833330154419,0.9816666841506958
2026-01-31,2026-01-31T09:00:00Z,9,STATION,0.7906104326248169,0.7020057439804077,8.50612735748291,0.9641666412353516,0.9700000286102295
2026-01-31,2026-01-31T10:00:00Z,10,STATION,0.7817362546920776,0.7217742800712585,8.816535949707031,0.8066666722297668,0.9566666483879089
2026-01-31,2026-01-31T11:00:00Z,11,STATION,0.8045724034309387,0.6974661350250244,8.469320297241211,0.9208333492279053,0.9549999833106995
2026-01-31,2026-01-31T12:00:00Z,12,STATION,0.6872236132621765,0.4603710174560547,6.943150520324707,0.8616666793823242,0.9666666388511658
2026-01-31,2026-01-31T13:00:00Z,13,STATION,0.4465741813182831,0.2584615647792816,5.699109077453613,0.8374999761581421,0.9350000023841858
2026-01-31,2026-01-31T14:00:00Z,14,STATION,0.3922898769378662,0.11176780611276627,4.218447685241699,0.8683333396911621,0.7108333110809326
2026-01-31,2026-01-31T15:00:00Z,15,STATION,0.2271837741136551,0.03626537322998047,2.4834604263305664,0.5099999904632568,0.7191666960716248
2026-01-31,2026-01-31T16:00:00Z,16,STATION,0.16892525553703308,0.0,1.1461610794067383,0.24583333730697632,0.4866666793823242
2026-01-31,2026-01-31T17:00:00Z,17,STATION,0.09609416872262955,0.0,1.2060248851776123,0.010833333246409893,0.4008333384990692
2026-01-31,2026-01-31T18:00:00Z,18,STATION,0.12871681153774261,0.0,0.9965933561325073,0.10750000178813934,0.25833332538604736
2026-01-31,2026-01-31T19:00:00Z,19,STATION,0.13774295151233673,0.0,0.20936843752861023,0.21166667342185974,0.10999999940395355
2026-01-31,2026-01-31T20:00:00Z,20,STATION,0.043651118874549866,0.0,0.41944655776023865,,0.18416666984558105
2026-01-31,2026-01-31T21:00:00Z,21,STATION,0.08297634869813919,0.0,0.3995848000049591,,0.11249999701976776
2026-01-31,2026-01-31T22:00:00Z,22,STATION,0.03654661774635315,0.0,0.9593393206596375,,0.15000000596046448
2026-01-31,2026-01-31T23:00:00Z,23,STATION,0.0075951628386974335,0.0,0.7999403476715088,,0.10499999672174454
2026-01-31,2026-02-01T00:00:00Z,24,STATION,0.01952090859413147,0.0,1.4887135028839111,,0.08833333104848862
2026-01-31,2026-02-01T01:00:00Z,25,STATION,0.0,0.0,1.3203867673873901,,0.7608333230018616
2026-01-31,2026-02-01T02:00:00Z,26,STATION,0.0,0.03579771891236305,2.443376064300537,,0.6349999904632568
2026-01-31,2026-02-01T03:00:00Z,27,STATION,0.015503035858273506,0.05666592717170715,3.1999778747558594,,0.5316666960716248
2026-01-31,2026-02-01T04:00:00Z,28,STATION,0.023749366402626038,0.07797513157129288,3.560701608657837,,0.5724999904632568
2026-01-31,2026-02-01T05:00:00Z,29,STATION,0.09254232048988342,0.13250881433486938,4.488913536071777,,0.9466666579246521
2026-01-31,2026-02-01T06:00:00Z,30,STATION,0.14410431683063507,0.22280706465244293,5.245635986328125,,0.9633333086967468
2026-01-31,2026-02-01T07:00:00Z,31,STATION,0.19126467406749725,0.2553209662437439,5.67612886428833,,0.9649999737739563
2026-01-31,2026-02-01T08:00:00Z,32,STATION,0.3258121907711029,0.2509598135948181,5.6442179679870605,,0.9816666841506958
2026-01-31,2026-02-01T09:00:00Z,33,STATION,0.40035316348075867,0.21440337598323822,5.195713043212891,,0.9700000286102295
2026-01-31,2026-02-01T10:00:00Z,34,STATION,0.38550060987472534,0.19091294705867767,4.988681793212891,,0.9566666483879089
2026-01-31,2026-02-01T11:00:00Z,35,STATION,0.34813112020492554,0.29037103056907654,5.982332229614258,,0.9549999833106995
2026-01-31,2026-02-01T12:00:00Z,36,STATION,0.31329330801963806,0.28366684913635254,5.89091157913208,,0.9666666388511658
2026-01-31,2026-02-01T13:00:00Z,37,STATION,0.2726358473300934,0.29503992199897766,6.045999050140381,,0.9350000023841858
2026-01-31,2026-02-01T14:00:00Z,38,STATION,0.3512006998062134,0.2929680049419403,6.017745494842529,,0.7108333110809326
2026-01-31,2026-02-01T15:00:00Z,39,STATION,0.34179097414016724,0.40657368302345276,6.478391647338867,,0.7191666960716248
2026-01-31,2026-02-01T16:00:00Z,40,STATION,0.4094238579273224,0.4079345464706421,6.489732265472412,,0.4866666793823242
2026-01-31,2026-02-01T17:00:00Z,41,STATION,0.4007948935031891,0.41771209239959717,6.571211814880371,,0.4008333384990692
2026-01-31,2026-02-01T18:00:00Z,42,STATION,0.3031284809112549,0.2889813482761383,5.963382244110107,,0.25833332538604736
2026-01-31,2026-02-01T19:00:00Z,43,STATION,0.2387707531452179,0.2593441307544708,5.705566883087158,,0.10999999940395355
2026-01-31,2026-02-01T20:00:00Z,44,STATION,0.22302177548408508,0.29434916377067566,6.036579608917236,,0.18416666984558105
2026-01-31,2026-02-01T21:00:00Z,45,STATION,0.2539178729057312,0.3013240694999695,6.126314640045166,,0.11249999701976776
2026-01-31,2026-02-01T22:00:00Z,46,STATION,0.3261452913284302,0.316732794046402,6.167587757110596,,0.15000000596046448
2026-01-31,2026-02-01T23:00:00Z,47,STATION,0.385506272315979,0.31031644344329834,6.1504011154174805,,0.10499999672174454
2026-01-31,2026-02-02T00:00:00Z,48,STATION,0.3742808401584625,0.3998063802719116,6.421997547149658,,0.08833333104848862
2026-01-31,2026-01-31T01:00:00Z,1,T1,0.46606916189193726,0.6824397444725037,7.990965843200684,0.10166666656732559,0.7549999952316284
2026-01-31,2026-01-31T02:00:00Z,2,T1,0.4461102783679962,0.6845389008522034,8.24555778503418,0.30666667222976685,0.6566666960716248
2026-01-31,2026-01-31T03:00:00Z,3,T1,0.46508899331092834,0.6883494853973389,8.393410682678223,0.4633333384990692,0.5649999976158142
2026-01-31,2026-01-31T04:00:00Z,4,T1,0.6521931886672974,0.7194440960884094,8.620932579040527,0.5899999737739563,0.5849999785423279
2026-01-31,2026-01-31T05:00:00Z,5,T1,0.7595716118812561,0.7020939588546753,8.493980407714844,0.70333331823349,0.9433333277702332
2026-01-31,2026-01-31T06:00:00Z,6,T1,0.6980127096176147,0.7025472521781921,8.497296333312988,0.9833333492279053,0.9616666436195374
2026-01-31,2026-01-31T07:00:00Z,7,T1,0.5870078206062317,0.7077249884605408,8.53518295288086,0.9449999928474426,0.9516666531562805
2026-01-31,2026-01-31T08:00:00Z,8,T1,0.7526429295539856,0.7200000286102295,8.831554412841797,0.9100000262260437,0.9850000143051147
2026-01-31,2026-01-31T09:00:00Z,9,T1,0.7741729021072388,0.7037541270256042,8.50612735748291,0.9599999785423279,0.9566666483879089
2026-01-31,2026-01-31T10:00:00Z,10,T1,0.7686237096786499,0.7200000286102295,8.816535949707031,0.7933333516120911,0.9516666531562805
2026-01-31,2026-01-31T11:00:00Z,11,T1,0.7979481220245361,0.6987237334251404,8.469320297241211,0.903333306312561,0.9449999928474426
2026-01-31,2026-01-31T12:00:00Z,12,T1,0.7067651152610779,0.46893149614334106,6.943150520324707,0.800000011920929,0.9516666531562805
2026-01-31,2026-01-31T13:00:00Z,13,T1,0.4536758065223694,0.265777051448822,5.699109077453613,0.846666693687439,0.9266666769981384
2026-01-31,2026-01-31T14:00:00Z,14,T1,0.3989716172218323,0.11728964745998383,4.218447685241699,0.8399999737739563,0.6700000166893005
2026-01-31,2026-01-31T15:00:00Z,15,T1,0.23377563059329987,0.038112808018922806,2.4834604263305664,0.48500001430511475,0.6983333230018616
2026-01-31,2026-01-31T16:00:00Z,16,T1,0.16867093741893768,0.0,1.1461610794067383,0.24500000476837158,0.4333333373069763
2026-01-31,2026-01-31T17:00:00Z,17,T1,0.0964917466044426,0.0,1.2060248851776123,0.011666666716337204,0.3700000047683716
2026-01-31,2026-01-31T18:00:00Z,18,T1,0.13089577853679657,0.0,0.9965933561325073,0.10499999672174454,0.27666667103767395
2026-01-31,2026-01-31T19:00:00Z,19,T1,0.15541167557239532,0.0,0.20936843752861023,0.2133333384990692,0.1133333370089531
2026-01-31,2026-01-31T20:00:00Z,20,T1,0.05685998871922493,0.0,0.41944655776023865,,0.18666666746139526
2026-01-31,2026-01-31T21:00:00Z,21,T1,0.08431373536586761,0.0,0.3995848000049591,,0.12166666984558105
2026-01-31,2026-01-31T22:00:00Z,22,T1,0.027125708758831024,0.0,0.9593393206596375,,0.1616666615009308
2026-01-31,2026-01-31T23:00:00Z,23,T1,0.015190325677394867,0.0,0.7999403476715088,,0.1066666692495346
2026-01-31,2026-02-01T00:00:00Z,24,T1,0.03086056001484394,0.0,1.4887135028839111,,0.09166666865348816
2026-01-31,2026-02-01T01:00:00Z,25,T1,0.0,0.0,1.3203867673873901,,0.7549999952316284
2026-01-31,2026-02-01T02:00:00Z,26,T1,0.0,0.03757834807038307,2.443376064300537,,0.6566666960716248
2026-01-31,2026-02-01T03:00:00Z,27,T1,0.019962040707468987,0.059665780514478683,3.1999778747558594,,0.5649999976158142
2026-01-31,2026-02-01T04:00:00Z,28,T1,0.029548775404691696,0.08399881422519684,3.560701608657837,,0.5849999785423279
2026-01-31,2026-02-01T05:00:00Z,29,T1,0.12513867020606995,0.13655953109264374,4.488913536071777,,0.9433333277702332
2026-01-31,2026-02-01T06:00:00Z,30,T1,0.18025550246238708,0.23044994473457336,5.245635986328125,,0.9616666436195374
2026-01-31,2026-02-01T07:00:00Z,31,T1,0.16402843594551086,0.26217687129974365,5.67612886428833,,0.9516666531562805
2026-01-31,2026-02-01T08:00:00Z,32,T1,0.3267408609390259,0.2571775019168854,5.6442179679870605,,0.9850000143051147
2026-01-31,2026-02-01T09:00:00Z,33,T1,0.38138213753700256,0.22129739820957184,5.195713043212891,,0.9566666483879089
2026-01-31,2026-02-01T10:00:00Z,34,T1,0.36689990758895874,0.19561029970645905,4.988681793212891,,0.9516666531562805
2026-01-31,2026-02-01T11:00:00Z,35,T1,0.3339577317237854,0.29834216833114624,5.982332229614258,,0.9449999928474426
2026-01-31,2026-02-01T12:00:00Z,36,T1,0.3513089120388031,0.2940758764743805,5.89091157913208,,0.9516666531562805
2026-01-31,2026-02-01T13:00:00Z,37,T1,0.30037230253219604,0.30131328105926514,6.045999050140381,,0.9266666769981384
2026-01-31,2026-02-01T14:00:00Z,38,T1,0.380574107170105,0.2999947965145111,6.017745494842529,,0.6700000166893005
2026-01-31,2026-02-01T15:00:00Z,39,T1,0.3907540440559387,0.4128081798553467,6.478391647338867,,0.6983333230018616
2026-01-31,2026-02-01T16:00:00Z,40,T1,0.4130183160305023,0.41439586877822876,6.489732265472412,,0.4333333373069763
2026-01-31,2026-02-01T17:00:00Z,41,T1,0.4179360568523407,0.425803005695343,6.571211814880371,,0.3700000047683716
2026-01-31,2026-02-01T18:00:00Z,42,T1,0.35902559757232666,0.29745784401893616,5.963382244110107,,0.27666667103767395
2026-01-31,2026-02-01T19:00:00Z,43,T1,0.2857666313648224,0.2667888104915619,5.705566883087158,,0.1133333370089531
2026-01-31,2026-02-01T20:00:00Z,44,T1,0.23680709302425385,0.30087369680404663,6.036579608917236,,0.18666666746139526
2026-01-31,2026-02-01T21:00:00Z,45,T1,0.26742520928382874,0.30549073219299316,6.126314640045166,,0.12166666984558105
2026-01-31,2026-02-01T22:00:00Z,46,T1,0.3290572464466095,0.32089948654174805,6.167587757110596,,0.1616666615009308
2026-01-31,2026-02-01T23:00:00Z,47,T1,0.42003563046455383,0.314483106136322,6.1504011154174805,,0.1066666692495346
2026-01-31,2026-02-02T00:00:00Z,48,T1,0.3946933150291443,0.4049129784107208,6.421997547149658,,0.09166666865348816
2026-01-31,2026-01-31T01:00:00Z,1,T2,0.3641197085380554,0.6805322170257568,7.990965843200684,0.09166666865348816,0.7666666507720947
2026-01-31,2026-01-31T02:00:00Z,2,T2,0.3599994480609894,0.6854018568992615,8.24555778503418,0.25999999046325684,0.6133333444595337
2026-01-31,2026-01-31T03:00:00Z,3,T2,0.4362400472164154,0.687858521938324,8.393410682678223,0.43666666746139526,0.4983333349227905
2026-01-31,2026-01-31T04:00:00Z,4,T2,0.5386232733726501,0.7128859162330627,8.620932579040527,0.6116666793823242,0.5600000023841858
2026-01-31,2026-01-31T05:00:00Z,5,T2,0.664234459400177,0.6989211440086365,8.493980407714844,0.8233333230018616,0.949999988079071
2026-01-31,2026-01-31T06:00:00Z,6,T2,0.721481442451477,0.6992859840393066,8.497296333312988,0.9750000238418579,0.9649999737739563
2026-01-31,2026-01-31T07:00:00Z,7,T2,0.6879355907440186,0.7034534811973572,8.53518295288086,0.9750000238418579,0.9783333539962769
2026-01-31,2026-01-31T08:00:00Z,8,T2,0.7809430360794067,0.7243496179580688,8.831554412841797,0.971666693687439,0.9783333539962769
2026-01-31,2026-01-31T09:00:00Z,9,T2,0.8070480227470398,0.7002573609352112,8.50612735748291,0.9683333039283752,0.9833333492279053
2026-01-31,2026-01-31T10:00:00Z,10,T2,0.7948488593101501,0.7235485911369324,8.816535949707031,0.8199999928474426,0.9616666436195374
2026-01-31,2026-01-31T11:00:00Z,11,T2,0.8111966848373413,0.6962085366249084,8.469320297241211,0.9383333325386047,0.9649999737739563
2026-01-31,2026-01-31T12:00:00Z,12,T2,0.6676820516586304,0.4518105089664459,6.943150520324707,0.9233333468437195,0.9816666841506958
2026-01-31,2026-01-31T13:00:00Z,13,T2,0.4394725561141968,0.2511460483074188,5.699109077453613,0.82833331823349,0.9433333277702332
2026-01-31,2026-01-31T14:00:00Z,14,T2,0.38560816645622253,0.1062459647655487,4.218447685241699,0.8966666460037231,0.7516666650772095
2026-01-31,2026-01-31T15:00:00Z,15,T2,0.22059191763401031,0.03441793844103813,2.4834604263305664,0.5350000262260437,0.7400000095367432
2026-01-31,2026-01-31T16:00:00Z,16,T2,0.16917958855628967,0.0,1.1461610794067383,0.24666666984558105,0.5400000214576721
2026-01-31,2026-01-31T17:00:00Z,17,T2,0.0956965908408165,0.0,1.2060248851776123,0.009999999776482582,0.43166667222976685
2026-01-31,2026-01-31T18:00:00Z,18,T2,0.12653784453868866,0.0,0.9965933561325073,0.10999999940395355,0.23999999463558197
2026-01-31,2026-01-31T19:00:00Z,19,T2,0.12007421255111694,0.0,0.20936843752861023,0.20999999344348907,0.1066666692495346
2026-01-31,2026-01-31T20:00:00Z,20,T2,0.030442247167229652,0.0,0.41944655776023865,,0.18166667222976685
2026-01-31,2026-01-31T21:00:00Z,21,T2,0.08163896203041077,0.0,0.3995848000049591,,0.10333333164453506
2026-01-31,2026-01-31T22:00:00Z,22,T2,0.045967526733875275,0.0,0.9593393206596375,,0.13833333551883698
2026-01-31,2026-01-31T23:00:00Z,23,T2,0.0,0.0,0.7999403476715088,,0.10333333164453506
2026-01-31,2026-02-01T00:00:00Z,24,T2,0.008181256242096424,0.0,1.4887135028839111,,0.08500000089406967
2026-01-31,2026-02-01T01:00:00Z,25,T2,0.0,0.0,1.3203867673873901,,0.7666666507720947
2026-01-31,2026-02-01T02:00:00Z,26,T2,0.0,0.03401709347963333,2.443376064300537,,0.6133333444595337
2026-01-31,2026-02-01T03:00:00Z,27,T2,0.011044029146432877,0.05366607382893562,3.1999778747558594,,0.4983333349227905
2026-01-31,2026-02-01T04:00:00Z,28,T2,0.017949959263205528,0.07195144891738892,3.560701608657837,,0.5600000023841858
2026-01-31,2026-02-01T05:00:00Z,29,T2,0.0599459707736969,0.12845809757709503,4.488913536071777,,0.949999988079071
2026-01-31,2026-02-01T06:00:00Z,30,T2,0.10795313119888306,0.2151641994714737,5.245635986328125,,0.9649999737739563
2026-01-31,2026-02-01T07:00:00Z,31,T2,0.21850091218948364,0.24846506118774414,5.67612886428833,,0.9783333539962769
2026-01-31,2026-02-01T08:00:00Z,32,T2,0.3248835504055023,0.24474211037158966,5.6442179679870605,,0.9783333539962769
2026-01-31,2026-02-01T09:00:00Z,33,T2,0.4193241596221924,0.2075093388557434,5.195713043212891,,0.9833333492279053
2026-01-31,2026-02-01T10:00:00Z,34,T2,0.40410134196281433,0.1862156093120575,4.988681793212891,,0.9616666436195374
2026-01-31,2026-02-01T11:00:00Z,35,T2,0.3623045086860657,0.28239989280700684,5.982332229614258,,0.9649999737739563
2026-01-31,2026-02-01T12:00:00Z,36,T2,0.275277704000473,0.2732578217983246,5.89091157913208,,0.9816666841506958
2026-01-31,2026-02-01T13:00:00Z,37,T2,0.24489936232566833,0.2887665629386902,6.045999050140381,,0.9433333277702332
2026-01-31,2026-02-01T14:00:00Z,38,T2,0.3218272924423218,0.2859412431716919,6.017745494842529,,0.7516666650772095
2026-01-31,2026-02-01T15:00:00Z,39,T2,0.29282790422439575,0.40033918619155884,6.478391647338867,,0.7400000095367432
2026-01-31,2026-02-01T16:00:00Z,40,T2,0.40582942962646484,0.4014732241630554,6.489732265472412,,0.5400000214576721
2026-01-31,2026-02-01T17:00:00Z,41,T2,0.3836537301540375,0.4096212089061737,6.571211814880371,,0.43166667222976685
2026-01-31,2026-02-01T18:00:00Z,42,T2,0.24723133444786072,0.28050488233566284,5.963382244110107,,0.23999999463558197
2026-01-31,2026-02-01T19:00:00Z,43,T2,0.1917748749256134,0.25189945101737976,5.705566883087158,,0.1066666692495346
2026-01-31,2026-02-01T20:00:00Z,44,T2,0.20923645794391632,0.2878246009349823,6.036579608917236,,0.18166667222976685
2026-01-31,2026-02-01T21:00:00Z,45,T2,0.24041053652763367,0.2971574068069458,6.126314640045166,,0.10333333164453506
2026-01-31,2026-02-01T22:00:00Z,46,T2,0.32323336601257324,0.3125661313533783,6.167587757110596,,0.13833333551883698
2026-01-31,2026-02-01T23:00:00Z,47,T2,0.3509768843650818,0.30614978075027466,6.1504011154174805,,0.10333333164453506
2026-01-31,2026-02-02T00:00:00Z,48,T2,0.35386839509010315,0.39469975233078003,6.421997547149658,,0.08500000089406967
2026-02-01,2026-02-01T01:00:00Z,1,STATION,0.0,0.024130288511514664,2.1195433139801025,,0.09666666388511658
2026-02-01,2026-02-01T02:00:00Z,2,STATION,0.0,0.06101887673139572,3.330566167831421,,0.28333333134651184
2026-02-01,2026-02-01T03:00:00Z,3,STATION,0.07258661836385727,0.19588159024715424,5.047136306762695,,0.44999998807907104
2026-02-01,2026-02-01T04:00:00Z,4,STATION,0.18136091530323029,0.1750059276819229,4.814573764801025,,0.6008333563804626
2026-02-01,2026-02-01T05:00:00Z,5,STATION,0.24768085777759552,0.13587211072444916,4.5088934898376465,,0.7633333206176758
2026-02-01,2026-02-01T06:00:00Z,6,STATION,0.19057762622833252,0.07863810658454895,3.568657398223877,,0.9791666865348816
2026-02-01,2026-02-01T07:00:00Z,7,STATION,0.14132213592529297,0.09639986604452133,3.8313136100769043,,0.9599999785423279
2026-02-01,2026-02-01T08:00:00Z,8,STATION,0.16579937934875488,0.10901685804128647,4.086075782775879,,0.940833330154419
2026-02-01,2026-02-01T09:00:00Z,9,STATION,0.20114772021770477,0.11171111464500427,4.212778568267822,,0.9641666412353516
2026-02-01,2026-02-01T10:00:00Z,10,STATION,0.23284605145454407,0.11232779920101166,4.274446964263916,,0.8066666722297668
2026-02-01,2026-02-01T11:00:00Z,11,STATION,0.2654479444026947,0.2523900866508484,5.654683589935303,,0.9208333492279053
2026-02-01,2026-02-01T12:00:00Z,12,STATION,0.35714226961135864,0.20098598301410675,5.1071882247924805,,0.8616666793823242
2026-02-01,2026-02-01T13:00:00Z,13,STATION,0.23637722432613373,0.24830996990203857,5.623442649841309,,0.8374999761581421
2026-02-01,2026-02-01T14:00:00Z,14,STATION,0.3263600766658783,0.24773798882961273,5.585310459136963,,0.8683333396911621
2026-02-01,2026-02-01T15:00:00Z,15,STATION,0.28846243023872375,0.2662182152271271,5.755865097045898,,0.5099999904632568
2026-02-01,2026-02-01T16:00:00Z,16,STATION,0.3020891845226288,0.28026995062828064,5.858682632446289,,0.24583333730697632
2026-02-01,2026-02-01T17:00:00Z,17,STATION,0.2781819701194763,0.2628929018974304,5.731533527374268,,0.010833333246409893
2026-02-01,2026-02-01T18:00:00Z,18,STATION,0.2809443473815918,0.24630500376224518,5.4897780418396,,0.10750000178813934
2026-02-01,2026-02-01T19:00:00Z,19,STATION,0.30527520179748535,0.3737572729587555,6.320332050323486,,0.21166667342185974
2026-02-01,2026-02-01T20:00:00Z,20,STATION,0.3655166029930115,0.42542922496795654,6.641468048095703,,
2026-02-01,2026-02-01T21:00:00Z,21,STATION,0.373904287815094,0.42488589882850647,6.634381294250488,,
2026-02-01,2026-02-01T22:00:00Z,22,STATION,0.46945634484291077,0.3968258798122406,6.397160053253174,,
2026-02-01,2026-02-01T23:00:00Z,23,STATION,0.5128247737884521,0.399603009223938,6.420302867889404,,
2026-02-01,2026-02-02T00:00:00Z,24,STATION,0.4468851387500763,0.4408036470413208,6.84200382232666,,
2026-02-01,2026-02-02T01:00:00Z,25,STATION,0.41211459040641785,0.39519333839416504,6.3835554122924805,,0.09666666388511658
2026-02-01,2026-02-02T02:00:00Z,26,STATION,0.3190554976463318,0.4170268774032593,6.565501689910889,,0.28333333134651184
2026-02-01,2026-02-02T03:00:00Z,27,STATION,0.3176502585411072,0.41235026717185974,6.526529788970947,,0.44999998807907104
2026-02-01,2026-02-02T04:00:00Z,28,STATION,0.38580086827278137,0.5195297002792358,7.188704013824463,,0.6008333563804626
2026-02-01,2026-02-02T05:00:00Z,29,STATION,0.493442177772522,0.4091501235961914,6.499862194061279,,0.7633333206176758
2026-02-01,2026-02-02T06:00:00Z,30,STATION,0.5496493577957153,0.5302481651306152,7.2385573387146,,0.9791666865348816
2026-02-01,2026-02-02T07:00:00Z,31,STATION,0.7509667277336121,0.6837733387947083,8.105334281921387,,0.9599999785423279
2026-02-01,2026-02-02T08:00:00Z,32,STATION,0.7616328001022339,0.7297520041465759,8.895058631896973,,0.940833330154419
2026-02-01,2026-02-02T09:00:00Z,33,STATION,0.7846233248710632,0.7193408012390137,8.725278854370117,,0.9641666412353516
2026-02-01,2026-02-02T10:00:00Z,34,STATION,0.7197844386100769,0.5602529644966125,7.381181240081787,,0.8066666722297668
2026-02-01,2026-02-02T11:00:00Z,35,STATION,0.4557305872440338,0.11143126338720322,4.184792995452881,,0.9208333492279053
2026-02-01,2026-02-02T12:00:00Z,36,STATION,0.43350619077682495,0.24930451810359955,5.632106304168701,,0.8616666793823242
2026-02-01,2026-02-02T13:00:00Z,37,STATION,0.5992943644523621,0.11243534833192825,4.285201549530029,,0.8374999761581421
2026-02-01,2026-02-02T14:00:00Z,38,STATION,0.3145222067832947,0.09692197293043137,3.839557409286499,,0.8683333396911621
2026-02-01,2026-02-02T15:00:00Z,39,STATION,0.17708651721477509,0.121062271296978,4.420914649963379,,0.5099999904632568
2026-02-01,2026-02-02T16:00:00Z,40,STATION,0.20662067830562592,0.14831794798374176,4.582829475402832,,0.24583333730697632
2026-02-01,2026-02-02T17:00:00Z,41,STATION,0.27225300669670105,0.06687190383672714,3.4274628162384033,,0.010833333246409893
2026-02-01,2026-02-02T18:00:00Z,42,STATION,0.2964644432067871,0.03755168989300728,2.5937163829803467,,0.10750000178813934
2026-02-01,2026-02-02T19:00:00Z,43,STATION,0.12859676778316498,0.09931419044733047,3.8781611919403076,,0.21166667342185974
2026-02-01,2026-02-02T20:00:00Z,44,STATION,0.2632457911968231,0.24481059610843658,5.390151023864746,,
2026-02-01,2026-02-02T21:00:00Z,45,STATION,0.28055891394615173,0.24566029012203217,5.4467973709106445,,
2026-02-01,2026-02-02T22:00:00Z,46,STATION,0.28176993131637573,0.19705374538898468,5.06092643737793,,
2026-02-01,2026-02-02T23:00:00Z,47,STATION,0.25114816427230835,0.14521244168281555,4.564380645751953,,
2026-02-01,2026-02-03T00:00:00Z,48,STATION,0.18982526659965515,0.1646421104669571,4.714278697967529,,
2026-02-01,2026-02-01T01:00:00Z,1,T1,0.0,0.02496362291276455,2.1195433139801025,,0.10166666656732559
2026-02-01,2026-02-01T02:00:00Z,2,T1,0.0,0.0648893192410469,3.330566167831421,,0.30666667222976685
2026-02-01,2026-02-01T03:00:00Z,3,T1,0.09607136249542236,0.2010660618543625,5.047136306762695,,0.4633333384990692
2026-02-01,2026-02-01T04:00:00Z,4,T1,0.21266108751296997,0.17855452001094818,4.814573764801025,,0.5899999737739563
2026-02-01,2026-02-01T05:00:00Z,5,T1,0.2794722616672516,0.13975632190704346,4.5088934898376465,,0.70333331823349
2026-02-01,2026-02-01T06:00:00Z,6,T1,0.1911262422800064,0.08474134653806686,3.568657398223877,,0.9833333492279053
2026-02-01,2026-02-01T07:00:00Z,7,T1,0.1529756784439087,0.10100339353084564,3.8313136100769043,,0.9449999928474426
2026-02-01,2026-02-01T08:00:00Z,8,T1,0.1845344454050064,0.11459069699048996,4.086075782775879,,0.9100000262260437
2026-02-01,2026-02-01T09:00:00Z,9,T1,0.22184109687805176,0.11725185811519623,4.212778568267822,,0.9599999785423279
2026-02-01,2026-02-01T10:00:00Z,10,T1,0.25634709000587463,0.11766298115253448,4.274446964263916,,0.7933333516120911
2026-02-01,2026-02-01T11:00:00Z,11,T1,0.2591305673122406,0.25881707668304443,5.654683589935303,,0.903333306312561
2026-02-01,2026-02-01T12:00:00Z,12,T1,0.38694170117378235,0.206670880317688,5.1071882247924805,,0.800000011920929
2026-02-01,2026-02-01T13:00:00Z,13,T1,0.2685723900794983,0.2541666626930237,5.623442649841309,,0.846666693687439
2026-02-01,2026-02-01T14:00:00Z,14,T1,0.347460001707077,0.2541666626930237,5.585310459136963,,0.8399999737739563
2026-02-01,2026-02-01T15:00:00Z,15,T1,0.318654328584671,0.2746688425540924,5.755865097045898,,0.48500001430511475
2026-02-01,2026-02-01T16:00:00Z,16,T1,0.32448524236679077,0.29077693819999695,5.858682632446289,,0.24500000476837158
2026-02-01,2026-02-01T17:00:00Z,17,T1,0.30430254340171814,0.2708568871021271,5.731533527374268,,0.011666666716337204
2026-02-01,2026-02-01T18:00:00Z,18,T1,0.3369823694229126,0.2541666626930237,5.4897780418396,,0.10499999672174454
2026-02-01,2026-02-01T19:00:00Z,19,T1,0.33059611916542053,0.37792396545410156,6.320332050323486,,0.2133333384990692
2026-02-01,2026-02-01T20:00:00Z,20,T1,0.4079500436782837,0.4345409870147705,6.641468048095703,,
2026-02-01,2026-02-01T21:00:00Z,21,T1,0.39081767201423645,0.4340212941169739,6.634381294250488,,
2026-02-01,2026-02-01T22:00:00Z,22,T1,0.4860474169254303,0.4014357328414917,6.397160053253174,,
2026-02-01,2026-02-01T23:00:00Z,23,T1,0.5326703190803528,0.4046757221221924,6.420302867889404,,
2026-02-01,2026-02-02T00:00:00Z,24,T1,0.44602999091148376,0.44924697279930115,6.84200382232666,,
2026-02-01,2026-02-02T01:00:00Z,25,T1,0.4337075352668762,0.39953112602233887,6.3835554122924805,,0.10166666656732559
2026-02-01,2026-02-02T02:00:00Z,26,T1,0.34259530901908875,0.4250035583972931,6.565501689910889,,0.30666667222976685
2026-02-01,2026-02-02T03:00:00Z,27,T1,0.32438772916793823,0.41954752802848816,6.526529788970947,,0.4633333384990692
2026-02-01,2026-02-02T04:00:00Z,28,T1,0.42916861176490784,0.5271037817001343,7.188704013824463,,0.5899999737739563
2026-02-01,2026-02-02T05:00:00Z,29,T1,0.5280121564865112,0.41581401228904724,6.499862194061279,,0.70333331823349
2026-02-01,2026-02-02T06:00:00Z,30,T1,0.5776336193084717,0.5365759134292603,7.2385573387146,,0.9833333492279053
2026-02-01,2026-02-02T07:00:00Z,31,T1,0.7614186406135559,0.6832022070884705,8.105334281921387,,0.9449999928474426
2026-02-01,2026-02-02T08:00:00Z,32,T1,0.787259578704834,0.7274884581565857,8.895058631896973,,0.9100000262260437
2026-02-01,2026-02-02T09:00:00Z,33,T1,0.8388094902038574,0.7200000286102295,8.725278854370117,,0.9599999785423279
2026-02-01,2026-02-02T10:00:00Z,34,T1,0.7352533936500549,0.5634890198707581,7.381181240081787,,0.7933333516120911
2026-02-01,2026-02-02T11:00:00Z,35,T1,0.4958850145339966,0.11706528812646866,4.184792995452881,,0.903333306312561
2026-02-01,2026-02-02T12:00:00Z,36,T1,0.4353630542755127,0.2552799582481384,5.632106304168701,,0.800000011920929
2026-02-01,2026-02-02T13:00:00Z,37,T1,0.6186679601669312,0.11773467808961868,4.285201549530029,,0.846666693687439
2026-02-01,2026-02-02T14:00:00Z,38,T1,0.3315800428390503,0.10144306719303131,3.839557409286499,,0.8399999737739563
2026-02-01,2026-02-02T15:00:00Z,39,T1,0.1943635195493698,0.1256796419620514,4.420914649963379,,0.48500001430511475
2026-02-01,2026-02-02T16:00:00Z,40,T1,0.2239958643913269,0.15158602595329285,4.582829475402832,,0.24500000476837158
2026-02-01,2026-02-02T17:00:00Z,41,T1,0.2720097005367279,0.07156319916248322,3.4274628162384033,,0.011666666716337204
2026-02-01,2026-02-02T18:00:00Z,42,T1,0.31161847710609436,0.039582885801792145,2.5937163829803467,,0.10499999672174454
2026-02-01,2026-02-02T19:00:00Z,43,T1,0.14246045053005219,0.10350193083286285,3.8781611919403076,,0.2133333384990692
2026-02-01,2026-02-02T20:00:00Z,44,T1,0.2889382243156433,0.2541666626930237,5.390151023864746,,
2026-02-01,2026-02-02T21:00:00Z,45,T1,0.28507164120674133,0.2541666626930237,5.4467973709106445,,
2026-02-01,2026-02-02T22:00:00Z,46,T1,0.31673911213874817,0.20235313475131989,5.06092643737793,,
2026-02-01,2026-02-02T23:00:00Z,47,T1,0.28047579526901245,0.14863426983356476,4.564380645751953,,
2026-02-01,2026-02-03T00:00:00Z,48,T1,0.20342454314231873,0.167856365442276,4.714278697967529,,
2026-02-01,2026-02-01T01:00:00Z,1,T2,0.0,0.023296955972909927,2.1195433139801025,,0.09166666865348816
2026-02-01,2026-02-01T02:00:00Z,2,T2,0.0,0.05714843422174454,3.330566167831421,,0.25999999046325684
2026-02-01,2026-02-01T03:00:00Z,3,T2,0.04910186678171158,0.19069713354110718,5.047136306762695,,0.43666666746139526
2026-02-01,2026-02-01T04:00:00Z,4,T2,0.1500607281923294,0.17145735025405884,4.814573764801025,,0.6116666793823242
2026-02-01,2026-02-01T05:00:00Z,5,T2,0.21588945388793945,0.13198788464069366,4.5088934898376465,,0.8233333230018616
2026-02-01,2026-02-01T06:00:00Z,6,T2,0.19002901017665863,0.07253486663103104,3.568657398223877,,0.9750000238418579
2026-02-01,2026-02-01T07:00:00Z,7,T2,0.12966859340667725,0.09179633110761642,3.8313136100769043,,0.9750000238418579
2026-02-01,2026-02-01T08:00:00Z,8,T2,0.14706429839134216,0.10344302654266357,4.086075782775879,,0.971666693687439
2026-02-01,2026-02-01T09:00:00Z,9,T2,0.1804543286561966,0.10617037862539291,4.212778568267822,,0.9683333039283752
2026-02-01,2026-02-01T10:00:00Z,10,T2,0.2093449980020523,0.10699262470006943,4.274446964263916,,0.8199999928474426
2026-02-01,2026-02-01T11:00:00Z,11,T2,0.2717653214931488,0.24596306681632996,5.654683589935303,,0.9383333325386047
2026-02-01,2026-02-01T12:00:00Z,12,T2,0.32734283804893494,0.1953010857105255,5.1071882247924805,,0.9233333468437195
2026-02-01,2026-02-01T13:00:00Z,13,T2,0.20418204367160797,0.24245329201221466,5.623442649841309,,0.82833331823349
2026-02-01,2026-02-01T14:00:00Z,14,T2,0.3052601218223572,0.24130931496620178,5.585310459136963,,0.8966666460037231
2026-02-01,2026-02-01T15:00:00Z,15,T2,0.2582705318927765,0.25776758790016174,5.755865097045898,,0.5350000262260437
2026-02-01,2026-02-01T16:00:00Z,16,T2,0.2796931564807892,0.26976296305656433,5.858682632446289,,0.24666666984558105
2026-02-01,2026-02-01T17:00:00Z,17,T2,0.2520614266395569,0.2549288868904114,5.731533527374268,,0.009999999776482582
2026-02-01,2026-02-01T18:00:00Z,18,T2,0.22490628063678741,0.23844334483146667,5.4897780418396,,0.10999999940395355
2026-02-01,2026-02-01T19:00:00Z,19,T2,0.27995428442955017,0.3695906102657318,6.320332050323486,,0.20999999344348907
2026-02-01,2026-02-01T20:00:00Z,20,T2,0.32308319211006165,0.4163174629211426,6.641468048095703,,
2026-02-01,2026-02-01T21:00:00Z,21,T2,0.35699087381362915,0.41575050354003906,6.634381294250488,,
2026-02-01,2026-02-01T22:00:00Z,22,T2,0.45286527276039124,0.3922159969806671,6.397160053253174,,
2026-02-01,2026-02-01T23:00:00Z,23,T2,0.4929792582988739,0.3945302963256836,6.420302867889404,,
2026-02-01,2026-02-02T00:00:00Z,24,T2,0.44774025678634644,0.43236032128334045,6.84200382232666,,
2026-02-01,2026-02-02T01:00:00Z,25,T2,0.3905216157436371,0.3908555507659912,6.3835554122924805,,0.09166666865348816
2026-02-01,2026-02-02T02:00:00Z,26,T2,0.29551568627357483,0.4090501666069031,6.565501689910889,,0.25999999046325684
2026-02-01,2026-02-02T03:00:00Z,27,T2,0.3109127879142761,0.40515297651290894,6.526529788970947,,0.43666666746139526
2026-02-01,2026-02-02T04:00:00Z,28,T2,0.3424331545829773,0.5119556188583374,7.188704013824463,,0.6116666793823242
2026-02-01,2026-02-02T05:00:00Z,29,T2,0.4588721990585327,0.4024862051010132,6.499862194061279,,0.8233333230018616
2026-02-01,2026-02-02T06:00:00Z,30,T2,0.5216650366783142,0.523920476436615,7.2385573387146,,0.9750000238418579
2026-02-01,2026-02-02T07:00:00Z,31,T2,0.740514874458313,0.684344470500946,8.105334281921387,,0.9750000238418579
2026-02-01,2026-02-02T08:00:00Z,32,T2,0.7360060214996338,0.7320155501365662,8.895058631896973,,0.971666693687439
2026-02-01,2026-02-02T09:00:00Z,33,T2,0.730437159538269,0.7186815738677979,8.725278854370117,,0.9683333039283752
2026-02-01,2026-02-02T10:00:00Z,34,T2,0.7043154835700989,0.557016909122467,7.381181240081787,,0.8199999928474426
2026-02-01,2026-02-02T11:00:00Z,35,T2,0.41557613015174866,0.10579723864793777,4.184792995452881,,0.9383333325386047
2026-02-01,2026-02-02T12:00:00Z,36,T2,0.4316493272781372,0.24332906305789948,5.632106304168701,,0.9233333468437195
2026-02-01,2026-02-02T13:00:00Z,37,T2,0.579920768737793,0.10713601857423782,4.285201549530029,,0.82833331823349
2026-02-01,2026-02-02T14:00:00Z,38,T2,0.29746437072753906,0.09240087866783142,3.839557409286499,,0.8966666460037231
2026-02-01,2026-02-02T15:00:00Z,39,T2,0.15980951488018036,0.11644488573074341,4.420914649963379,,0.5350000262260437
2026-02-01,2026-02-02T16:00:00Z,40,T2,0.18924549221992493,0.14504985511302948,4.582829475402832,,0.24666666984558105
2026-02-01,2026-02-02T17:00:00Z,41,T2,0.2724962830543518,0.06218060851097107,3.4274628162384033,,0.009999999776482582
2026-02-01,2026-02-02T18:00:00Z,42,T2,0.28131040930747986,0.03552049770951271,2.5937163829803467,,0.10999999940395355
2026-02-01,2026-02-02T19:00:00Z,43,T2,0.11473308503627777,0.0951264500617981,3.8781611919403076,,0.20999999344348907
2026-02-01,2026-02-02T20:00:00Z,44,T2,0.23755337297916412,0.2354545295238495,5.390151023864746,,
2026-02-01,2026-02-02T21:00:00Z,45,T2,0.27604618668556213,0.23715391755104065,5.4467973709106445,,
2026-02-01,2026-02-02T22:00:00Z,46,T2,0.2468007653951645,0.19175435602664948,5.06092643737793,,
2026-02-01,2026-02-02T23:00:00Z,47,T2,0.22182056307792664,0.14179062843322754,4.564380645751953,,
2026-02-01,2026-02-03T00:00:00Z,48,T2,0.17622599005699158,0.161427840590477,4.714278697967529,,
2026-02-02,2026-02-02T01:00:00Z,1,STATION,0.4231739640235901,0.43792855739593506,6.804502964019775,,
2026-02-02,2026-02-02T02:00:00Z,2,STATION,0.4225515127182007,0.4185601770877838,6.5782790184021,,
2026-02-02,2026-02-02T03:00:00Z,3,STATION,0.3457684814929962,0.40449750423431396,6.461090564727783,,
2026-02-02,2026-02-02T04:00:00Z,4,STATION,0.5052767395973206,0.640553891658783,7.770641326904297,,
2026-02-02,2026-02-02T05:00:00Z,5,STATION,0.5378954410552979,0.4318333566188812,6.725000381469727,,
2026-02-02,2026-02-02T06:00:00Z,6,STATION,0.5583739280700684,0.5194342136383057,7.188260078430176,,
2026-02-02,2026-02-02T07:00:00Z,7,STATION,0.7290166616439819,0.5819567441940308,7.581523895263672,,
2026-02-02,2026-02-02T08:00:00Z,8,STATION,0.8182798027992249,0.6809945702552795,7.96639347076416,,
2026-02-02,2026-02-02T09:00:00Z,9,STATION,0.8121441006660461,0.684542179107666,8.181325912475586,,
2026-02-02,2026-02-02T10:00:00Z,10,STATION,0.7216302752494812,0.6343711018562317,7.753931045532227,,
2026-02-02,2026-02-02T11:00:00Z,11,STATION,0.7360357642173767,0.5788008570671082,7.552392482757568,,
2026-02-02,2026-02-02T12:00:00Z,12,STATION,0.6126803159713745,0.24517172574996948,5.4142255783081055,,
2026-02-02,2026-02-02T13:00:00Z,13,STATION,0.4221469759941101,0.10019748657941818,3.8970890045166016,,
2026-02-02,2026-02-02T14:00:00Z,14,STATION,0.3552718460559845,0.0533280186355114,3.0621016025543213,,
2026-02-02,2026-02-02T15:00:00Z,15,STATION,0.1704411655664444,0.05387874320149422,3.103405714035034,,
2026-02-02,2026-02-02T16:00:00Z,16,STATION,0.14781342446804047,0.08712165802717209,3.6848156452178955,,
2026-02-02,2026-02-02T17:00:00Z,17,STATION,0.16498425602912903,0.08584053069353104,3.6645872592926025,,
2026-02-02,2026-02-02T18:00:00Z,18,STATION,0.14834634959697723,0.10323291271924973,3.9621338844299316,,
2026-02-02,2026-02-02T19:00:00Z,19,STATION,0.1971305012702942,0.21158850193023682,5.178990840911865,,
2026-02-02,2026-02-02T20:00:00Z,20,STATION,0.3024362623691559,0.2943146824836731,6.036109447479248,,
2026-02-02,2026-02-02T21:00:00Z,21,STATION,0.3944530189037323,0.40389230847358704,6.456047058105469,,
2026-02-02,2026-02-02T22:00:00Z,22,STATION,0.4761708378791809,0.41026216745376587,6.509129047393799,,
2026-02-02,2026-02-02T23:00:00Z,23,STATION,0.48225370049476624,0.4115287661552429,6.519684314727783,,
2026-02-02,2026-02-03T00:00:00Z,24,STATION,0.29476940631866455,0.1711469292640686,4.777228355407715,,
2026-02-02,2026-02-03T01:00:00Z,25,STATION,0.09388475865125656,0.11205267906188965,4.246934413909912,,
2026-02-02,2026-02-03T02:00:00Z,26,STATION,0.11473929136991501,0.05799218267202377,3.2397654056549072,,
2026-02-02,2026-02-03T03:00:00Z,27,STATION,0.08319331705570221,0.02297062613070011,1.945594072341919,,
2026-02-02,2026-02-03T04:00:00Z,28,STATION,0.06409821659326553,0.0,1.4213404655456543,,
2026-02-02,2026-02-03T05:00:00Z,29,STATION,0.0387229360640049,0.02316485531628132,1.9747283458709717,,
2026-02-02,2026-02-03T06:00:00Z,30,STATION,0.06583835929632187,0.09357159584760666,3.7866568565368652,,
2026-02-02,2026-02-03T07:00:00Z,31,STATION,0.06544655561447144,0.08639926463365555,3.6734094619750977,,
2026-02-02,2026-02-03T08:00:00Z,32,STATION,0.09116066247224808,0.037066224962472916,2.552104949951172,,
2026-02-02,2026-02-03T09:00:00Z,33,STATION,0.07793296128511429,0.052433308213949203,2.994997978210449,,
2026-02-02,2026-02-03T10:00:00Z,34,STATION,0.1168774664402008,0.17832720279693604,4.846714973449707,,
2026-02-02,2026-02-03T11:00:00Z,35,STATION,0.17699457705020905,0.1662975400686264,4.73029899597168,,
2026-02-02,2026-02-03T12:00:00Z,36,STATION,0.21592985093593597,0.110725536942482,4.122690200805664,,
2026-02-02,2026-02-03T13:00:00Z,37,STATION,0.2707666754722595,0.29262664914131165,6.01309061050415,,
2026-02-02,2026-02-03T14:00:00Z,38,STATION,0.3603428900241852,0.584776759147644,7.607554912567139,,
2026-02-02,2026-02-03T15:00:00Z,39,STATION,0.5097578763961792,0.4896499812602997,7.060266494750977,,
2026-02-02,2026-02-03T16:00:00Z,40,STATION,0.4528990387916565,0.42940518260002136,6.693328380584717,,
2026-02-02,2026-02-03T17:00:00Z,41,STATION,0.4335935711860657,0.4177239239215851,6.571310520172119,,
2026-02-02,2026-02-03T18:00:00Z,42,STATION,0.3971642553806305,0.2343662530183792,5.314304351806641,,
2026-02-02,2026-02-03T19:00:00Z,43,STATION,0.3318476676940918,0.2245142161846161,5.255777359008789,,
2026-02-02,2026-02-03T20:00:00Z,44,STATION,0.3682088553905487,0.3071458339691162,6.141908645629883,,
2026-02-02,2026-02-03T21:00:00Z,45,STATION,0.44908997416496277,0.41271522641181946,6.529571533203125,,
2026-02-02,2026-02-03T22:00:00Z,46,STATION,0.468551903963089,0.4337109923362732,6.749491214752197,,
2026-02-02,2026-02-03T23:00:00Z,47,STATION,0.42634594440460205,0.5830504894256592,7.591619491577148,,
2026-02-02,2026-02-04T00:00:00Z,48,STATION,0.5160284042358398,0.41228073835372925,6.5259504318237305,,
2026-02-02,2026-02-02T01:00:00Z,1,T1,0.4271281361579895,0.4464968740940094,6.804502964019775,,
2026-02-02,2026-02-02T02:00:00Z,2,T1,0.44307246804237366,0.4267924129962921,6.5782790184021,,
2026-02-02,2026-02-02T03:00:00Z,3,T1,0.3404701352119446,0.41038596630096436,6.461090564727783,,
2026-02-02,2026-02-02T04:00:00Z,4,T1,0.5410557985305786,0.6486197113990784,7.770641326904297,,
2026-02-02,2026-02-02T05:00:00Z,5,T1,0.5819279551506042,0.44066670536994934,6.725000381469727,,
2026-02-02,2026-02-02T06:00:00Z,6,T1,0.567891538143158,0.5270193815231323,7.188260078430176,,
2026-02-02,2026-02-02T07:00:00Z,7,T1,0.7252599596977234,0.5955438017845154,7.581523895263672,,
2026-02-02,2026-02-02T08:00:00Z,8,T1,0.8255813121795654,0.6822759509086609,7.96639347076416,,
2026-02-02,2026-02-02T09:00:00Z,9,T1,0.8017932772636414,0.6838966012001038,8.181325912475586,,
2026-02-02,2026-02-02T10:00:00Z,10,T1,0.7097532153129578,0.6433281302452087,7.753931045532227,,
2026-02-02,2026-02-02T11:00:00Z,11,T1,0.7461650967597961,0.5908827781677246,7.552392482757568,,
2026-02-02,2026-02-02T12:00:00Z,12,T1,0.6212645173072815,0.2541666626930237,5.4142255783081055,,
2026-02-02,2026-02-02T13:00:00Z,13,T1,0.4963214099407196,0.10451140999794006,3.8970890045166016,,
2026-02-02,2026-02-02T14:00:00Z,14,T1,0.36774754524230957,0.055408697575330734,3.0621016025543213,,
2026-02-02,2026-02-02T15:00:00Z,15,T1,0.1879834681749344,0.056234780699014664,3.103405714035034,,
2026-02-02,2026-02-02T16:00:00Z,16,T1,0.1606065034866333,0.09319017082452774,3.6848156452178955,,
2026-02-02,2026-02-02T17:00:00Z,17,T1,0.1879986971616745,0.09211131930351257,3.6645872592926025,,
2026-02-02,2026-02-02T18:00:00Z,18,T1,0.16752755641937256,0.10798047482967377,3.9621338844299316,,
2026-02-02,2026-02-02T19:00:00Z,19,T1,0.23080049455165863,0.2182316929101944,5.178990840911865,,
2026-02-02,2026-02-02T20:00:00Z,20,T1,0.3229258358478546,0.3008517622947693,6.036109447479248,,
2026-02-02,2026-02-02T21:00:00Z,21,T1,0.42076629400253296,0.4096798896789551,6.456047058105469,,
2026-02-02,2026-02-02T22:00:00Z,22,T1,0.518979549407959,0.4171113967895508,6.509129047393799,,
2026-02-02,2026-02-02T23:00:00Z,23,T1,0.5343295931816101,0.41858911514282227,6.519684314727783,,
2026-02-02,2026-02-03T00:00:00Z,24,T1,0.3090852200984955,0.17457102239131927,4.777228355407715,,
2026-02-02,2026-02-03T01:00:00Z,25,T1,0.10971064865589142,0.11747956275939941,4.246934413909912,,
2026-02-02,2026-02-03T02:00:00Z,26,T1,0.12431172281503677,0.06125728785991669,3.2397654056549072,,
2026-02-02,2026-02-03T03:00:00Z,27,T1,0.11131320893764496,0.023803960531949997,1.945594072341919,,
2026-02-02,2026-02-03T04:00:00Z,28,T1,0.05516966059803963,0.0,1.4213404655456543,,
2026-02-02,2026-02-03T05:00:00Z,29,T1,0.045622773468494415,0.023998189717531204,1.9747283458709717,,
2026-02-02,2026-02-03T06:00:00Z,30,T1,0.046630050987005234,0.09862169623374939,3.7866568565368652,,
2026-02-02,2026-02-03T07:00:00Z,31,T1,0.06303466111421585,0.0925818383693695,3.6734094619750977,,
2026-02-02,2026-02-03T08:00:00Z,32,T1,0.0919836238026619,0.03902806341648102,2.552104949951172,,
2026-02-02,2026-02-03T09:00:00Z,33,T1,0.07707452774047852,0.054066628217697144,2.994997978210449,,
2026-02-02,2026-02-03T10:00:00Z,34,T1,0.09627462178468704,0.18198291957378387,4.846714973449707,,
2026-02-02,2026-02-03T11:00:00Z,35,T1,0.16670599579811096,0.16956521570682526,4.73029899597168,,
2026-02-02,2026-02-03T12:00:00Z,36,T1,0.2550486624240875,0.1165434718132019,4.122690200805664,,
2026-02-02,2026-02-03T13:00:00Z,37,T1,0.28346267342567444,0.2997775673866272,6.01309061050415,,
2026-02-02,2026-02-03T14:00:00Z,38,T1,0.3835272789001465,0.5997087359428406,7.607554912567139,,
2026-02-02,2026-02-03T15:00:00Z,39,T1,0.5320905447006226,0.49860087037086487,7.060266494750977,,
2026-02-02,2026-02-03T16:00:00Z,40,T1,0.48176443576812744,0.4383440911769867,6.693328380584717,,
2026-02-02,2026-02-03T17:00:00Z,41,T1,0.4554523825645447,0.42581677436828613,6.571310520172119,,
2026-02-02,2026-02-03T18:00:00Z,42,T1,0.4404977560043335,0.24303916096687317,5.314304351806641,,
2026-02-02,2026-02-03T19:00:00Z,43,T1,0.3477277159690857,0.23230920732021332,5.255777359008789,,
2026-02-02,2026-02-03T20:00:00Z,44,T1,0.40792933106422424,0.3113125264644623,6.141908645629883,,
2026-02-02,2026-02-03T21:00:00Z,45,T1,0.47535836696624756,0.41997334361076355,6.529571533203125,,
2026-02-02,2026-02-03T22:00:00Z,46,T1,0.5091083645820618,0.442462682723999,6.749491214752197,,
2026-02-02,2026-02-03T23:00:00Z,47,T1,0.4456816017627716,0.5971591472625732,7.591619491577148,,
2026-02-02,2026-02-04T00:00:00Z,48,T1,0.5718954801559448,0.41946640610694885,6.5259504318237305,,
2026-02-02,2026-02-02T01:00:00Z,1,T2,0.41921982169151306,0.42936021089553833,6.804502964019775,,
2026-02-02,2026-02-02T02:00:00Z,2,T2,0.4020305871963501,0.4103279113769531,6.5782790184021,,
2026-02-02,2026-02-02T03:00:00Z,3,T2,0.35106685757637024,0.3986090421676636,6.461090564727783,,
2026-02-02,2026-02-02T04:00:00Z,4,T2,0.4694976806640625,0.6324881315231323,7.770641326904297,,
2026-02-02,2026-02-02T05:00:00Z,5,T2,0.49386289715766907,0.4230000376701355,6.725000381469727,,
2026-02-02,2026-02-02T06:00:00Z,6,T2,0.5488563776016235,0.511849045753479,7.188260078430176,,
2026-02-02,2026-02-02T07:00:00Z,7,T2,0.7327734231948853,0.5683696866035461,7.581523895263672,,
2026-02-02,2026-02-02T08:00:00Z,8,T2,0.810978353023529,0.6797131299972534,7.96639347076416,,
2026-02-02,2026-02-02T09:00:00Z,9,T2,0.8224949240684509,0.6851877570152283,8.181325912475586,,
2026-02-02,2026-02-02T10:00:00Z,10,T2,0.7335073351860046,0.6254140734672546,7.753931045532227,,
2026-02-02,2026-02-02T11:00:00Z,11,T2,0.7259064316749573,0.5667188763618469,7.552392482757568,,
2026-02-02,2026-02-02T12:00:00Z,12,T2,0.6040960550308228,0.2361767739057541,5.4142255783081055,,
2026-02-02,2026-02-02T13:00:00Z,13,T2,0.3479725420475006,0.0958835631608963,3.8970890045166016,,
2026-02-02,2026-02-02T14:00:00Z,14,T2,0.34279611706733704,0.05124734342098236,3.0621016025543213,,
2026-02-02,2026-02-02T15:00:00Z,15,T2,0.1528988778591156,0.05152270570397377,3.103405714035034,,
2026-02-02,2026-02-02T16:00:00Z,16,T2,0.13502034544944763,0.08105315268039703,3.6848156452178955,,
2026-02-02,2026-02-02T17:00:00Z,17,T2,0.14196982979774475,0.0795697346329689,3.6645872592926025,,
2026-02-02,2026-02-02T18:00:00Z,18,T2,0.12916512787342072,0.09848535805940628,3.9621338844299316,,
2026-02-02,2026-02-02T19:00:00Z,19,T2,0.16346052289009094,0.20494529604911804,5.178990840911865,,
2026-02-02,2026-02-02T20:00:00Z,20,T2,0.28194668889045715,0.2877776026725769,6.036109447479248,,
2026-02-02,2026-02-02T21:00:00Z,21,T2,0.36813971400260925,0.3981046974658966,6.456047058105469,,
2026-02-02,2026-02-02T22:00:00Z,22,T2,0.43336212635040283,0.40341290831565857,6.509129047393799,,
2026-02-02,2026-02-02T23:00:00Z,23,T2,0.4301777780056,0.4044684171676636,6.519684314727783,,
2026-02-02,2026-02-03T00:00:00Z,24,T2,0.28045356273651123,0.16772283613681793,4.777228355407715,,
2026-02-02,2026-02-03T01:00:00Z,25,T2,0.07805886119604111,0.10662579536437988,4.246934413909912,,
2026-02-02,2026-02-03T02:00:00Z,26,T2,0.10516686737537384,0.05472708120942116,3.2397654056549072,,
2026-02-02,2026-02-03T03:00:00Z,27,T2,0.055073417723178864,0.022137293592095375,1.945594072341919,,
2026-02-02,2026-02-03T04:00:00Z,28,T2,0.07302676886320114,0.0,1.4213404655456543,,
2026-02-02,2026-02-03T05:00:00Z,29,T2,0.03182310238480568,0.022331522777676582,1.9747283458709717,,
2026-02-02,2026-02-03T06:00:00Z,30,T2,0.08504665642976761,0.08852149546146393,3.7866568565368652,,
2026-02-02,2026-02-03T07:00:00Z,31,T2,0.06785844266414642,0.08021669089794159,3.6734094619750977,,
2026-02-02,2026-02-03T08:00:00Z,32,T2,0.09033770114183426,0.035104382783174515,2.552104949951172,,
2026-02-02,2026-02-03T09:00:00Z,33,T2,0.07879140228033066,0.05079998821020126,2.994997978210449,,
2026-02-02,2026-02-03T10:00:00Z,34,T2,0.13748030364513397,0.1746714860200882,4.846714973449707,,
2026-02-02,2026-02-03T11:00:00Z,35,T2,0.18728315830230713,0.16302987933158875,4.73029899597168,,
2026-02-02,2026-02-03T12:00:00Z,36,T2,0.17681105434894562,0.10490760207176208,4.122690200805664,,
2026-02-02,2026-02-03T13:00:00Z,37,T2,0.258070707321167,0.2854757308959961,6.01309061050415,,
2026-02-02,2026-02-03T14:00:00Z,38,T2,0.3371584713459015,0.5698447823524475,7.607554912567139,,
2026-02-02,2026-02-03T15:00:00Z,39,T2,0.48742517828941345,0.4806990921497345,7.060266494750977,,
2026-02-02,2026-02-03T16:00:00Z,40,T2,0.42403364181518555,0.42046627402305603,6.693328380584717,,
2026-02-02,2026-02-03T17:00:00Z,41,T2,0.41173475980758667,0.40963104367256165,6.571310520172119,,
2026-02-02,2026-02-03T18:00:00Z,42,T2,0.3538307547569275,0.22569335997104645,5.314304351806641,,
2026-02-02,2026-02-03T19:00:00Z,43,T2,0.3159676194190979,0.21671921014785767,5.255777359008789,,
2026-02-02,2026-02-03T20:00:00Z,44,T2,0.32848840951919556,0.30297917127609253,6.141908645629883,,
2026-02-02,2026-02-03T21:00:00Z,45,T2,0.422821581363678,0.40545713901519775,6.529571533203125,,
2026-02-02,2026-02-03T22:00:00Z,46,T2,0.4279954433441162,0.42495930194854736,6.749491214752197,,
2026-02-02,2026-02-03T23:00:00Z,47,T2,0.4070103168487549,0.5689417719841003,7.591619491577148,,
2026-02-02,2026-02-04T00:00:00Z,48,T2,0.4601612985134125,0.40509504079818726,6.5259504318237305,,
2026-02-03,2026-02-03T01:00:00Z,1,STATION,0.17975632846355438,0.035641662776470184,2.429999828338623,,
2026-02-03,2026-02-03T02:00:00Z,2,STATION,0.06746148318052292,0.06710334867238998,3.4302401542663574,,
2026-02-03,2026-02-03T03:00:00Z,3,STATION,0.16074347496032715,0.036046724766492844,2.46471905708313,,
2026-02-03,2026-02-03T04:00:00Z,4,STATION,0.02408386766910553,0.039429809898138046,2.6542866230010986,,
2026-02-03,2026-02-03T05:00:00Z,5,STATION,0.045638471841812134,0.064714215695858,3.4015705585479736,,
2026-02-03,2026-02-03T06:00:00Z,6,STATION,0.16023242473602295,0.19330163300037384,5.016783714294434,,
2026-02-03,2026-02-03T07:00:00Z,7,STATION,0.1227477416396141,0.17092429101467133,4.775074005126953,,
2026-02-03,2026-02-03T08:00:00Z,8,STATION,0.11780465394258499,0.054038915783166885,3.1154186725616455,,
2026-02-03,2026-02-03T09:00:00Z,9,STATION,0.03907225281000137,0.055503033101558685,3.165091037750244,,
2026-02-03,2026-02-03T10:00:00Z,10,STATION,0.05730140209197998,0.03557484969496727,2.4242727756500244,,
2026-02-03,2026-02-03T11:00:00Z,11,STATION,0.06025681644678116,0.05587881803512573,3.1763644218444824,,
2026-02-03,2026-02-03T12:00:00Z,12,STATION,0.1495862603187561,0.17785142362117767,4.842110633850098,,
2026-02-03,2026-02-03T13:00:00Z,13,STATION,0.3371761441230774,0.1209070160984993,4.419991970062256,,
2026-02-03,2026-02-03T14:00:00Z,14,STATION,0.349650502204895,0.3960164487361908,6.390414714813232,,
2026-02-03,2026-02-03T15:00:00Z,15,STATION,0.4296092689037323,0.5211657881736755,7.196313858032227,,
2026-02-03,2026-02-03T16:00:00Z,16,STATION,0.4340614080429077,0.4110269844532013,6.515502452850342,,
2026-02-03,2026-02-03T17:00:00Z,17,STATION,0.45007941126823425,0.38000255823135376,6.337060451507568,,
2026-02-03,2026-02-03T18:00:00Z,18,STATION,0.43123942613601685,0.4174765646457672,6.569249153137207,,
2026-02-03,2026-02-03T19:00:00Z,19,STATION,0.42084550857543945,0.35400253534317017,6.2674174308776855,,
2026-02-03,2026-02-03T20:00:00Z,20,STATION,0.4198613464832306,0.5247841477394104,7.213143348693848,,
2026-02-03,2026-02-03T21:00:00Z,21,STATION,0.42428964376449585,0.40354833006858826,6.453180313110352,,
2026-02-03,2026-02-03T22:00:00Z,22,STATION,0.45449209213256836,0.38217103481292725,6.342868804931641,,
2026-02-03,2026-02-03T23:00:00Z,23,STATION,0.37499693036079407,0.3042644262313843,6.134190559387207,,
2026-02-03,2026-02-04T00:00:00Z,24,STATION,0.45595672726631165,0.5817589163780212,7.579697608947754,,
2026-02-03,2026-02-04T01:00:00Z,25,STATION,0.3158544898033142,0.30577489733695984,6.1382365226745605,,
2026-02-03,2026-02-04T02:00:00Z,26,STATION,0.3434235155582428,0.3547452986240387,6.269407272338867,,
2026-02-03,2026-02-04T03:00:00Z,27,STATION,0.38951051235198975,0.506017804145813,7.125857830047607,,
2026-02-03,2026-02-04T04:00:00Z,28,STATION,0.3120625913143158,0.30490991473197937,6.135919570922852,,
2026-02-03,2026-02-04T05:00:00Z,29,STATION,0.2508581876754761,0.20935273170471191,5.165709495544434,,
2026-02-03,2026-02-04T06:00:00Z,30,STATION,0.2892759144306183,0.21138553321361542,5.177785396575928,,
2026-02-03,2026-02-04T07:00:00Z,31,STATION,0.2958383560180664,0.10543498396873474,4.009321212768555,,
2026-02-03,2026-02-04T08:00:00Z,32,STATION,0.22941666841506958,0.09893429279327393,3.871330976486206,,
2026-02-03,2026-02-04T09:00:00Z,33,STATION,0.1884745955467224,0.11321677267551422,4.363343715667725,,
2026-02-03,2026-02-04T10:00:00Z,34,STATION,0.21238891780376434,0.11126407235860825,4.168074131011963,,
2026-02-03,2026-02-04T11:00:00Z,35,STATION,0.1659044474363327,0.06886479258537292,3.4513776302337646,,
2026-02-03,2026-02-04T12:00:00Z,36,STATION,0.13463439047336578,0.04841797426342964,2.8282511234283447,,
2026-02-03,2026-02-04T13:00:00Z,37,STATION,0.2130192518234253,0.0,0.728264331817627,,
2026-02-03,2026-02-04T14:00:00Z,38,STATION,0.2299186736345291,0.19540970027446747,5.041584491729736,,
2026-02-03,2026-02-04T15:00:00Z,39,STATION,0.3435167670249939,0.4126589298248291,6.529102325439453,,
2026-02-03,2026-02-04T16:00:00Z,40,STATION,0.5394929647445679,0.5202664732933044,7.1921305656433105,,
2026-02-03,2026-02-04T17:00:00Z,41,STATION,0.6098729968070984,0.6018966436386108,7.666162014007568,,
2026-02-03,2026-02-04T18:00:00Z,42,STATION,0.6278797388076782,0.5602002143859863,7.380694389343262,,
2026-02-03,2026-02-04T19:00:00Z,43,STATION,0.5898129940032959,0.632986843585968,7.750189781188965,,
2026-02-03,2026-02-04T20:00:00Z,44,STATION,0.6291563510894775,0.6826425790786743,8.048795700073242,,
2026-02-03,2026-02-04T21:00:00Z,45,STATION,0.7144802808761597,0.7089318037033081,8.562285423278809,,
2026-02-03,2026-02-04T22:00:00Z,46,STATION,0.8127627968788147,0.7205484509468079,8.770566940307617,,
2026-02-03,2026-02-04T23:00:00Z,47,STATION,0.9613442420959473,0.885713517665863,9.648612022399902,,
2026-02-03,2026-02-05T00:00:00Z,48,STATION,0.9847822189331055,0.905379056930542,10.384505271911621,,
2026-02-03,2026-02-03T01:00:00Z,1,T1,0.21105748414993286,0.03739999607205391,2.429999828338623,,
2026-02-03,2026-02-03T02:00:00Z,2,T1,0.0740906372666359,0.07182241231203079,3.4302401542663574,,
2026-02-03,2026-02-03T03:00:00Z,3,T1,0.2185613512992859,0.03786292299628258,2.46471905708313,,
2026-02-03,2026-02-03T04:00:00Z,4,T1,0.036159202456474304,0.041366711258888245,2.6542866230010986,,
2026-02-03,2026-02-03T05:00:00Z,5,T1,0.06326889991760254,0.06914658844470978,3.4015705585479736,,
2026-02-03,2026-02-03T06:00:00Z,6,T1,0.14823922514915466,0.19823315739631653,5.016783714294434,,
2026-02-03,2026-02-03T07:00:00Z,7,T1,0.10238638520240784,0.17434120178222656,4.775074005126953,,
2026-02-03,2026-02-03T08:00:00Z,8,T1,0.13379639387130737,0.056475039571523666,3.1154186725616455,,
2026-02-03,2026-02-03T09:00:00Z,9,T1,0.053539078682661057,0.05827030539512634,3.165091037750244,,
2026-02-03,2026-02-03T10:00:00Z,10,T1,0.049059342592954636,0.03732363507151604,2.4242727756500244,,
2026-02-03,2026-02-03T11:00:00Z,11,T1,0.06084509938955307,0.05872124806046486,3.1763644218444824,,
2026-02-03,2026-02-03T12:00:00Z,12,T1,0.15085652470588684,0.18149179220199585,4.842110633850098,,
2026-02-03,2026-02-03T13:00:00Z,13,T1,0.3612080514431,0.12553207576274872,4.419991970062256,,
2026-02-03,2026-02-03T14:00:00Z,14,T1,0.3395610451698303,0.4004914164543152,6.390414714813232,,
2026-02-03,2026-02-03T15:00:00Z,15,T1,0.42536965012550354,0.5285496115684509,7.196313858032227,,
2026-02-03,2026-02-03T16:00:00Z,16,T1,0.4605691432952881,0.41800370812416077,6.515502452850342,,
2026-02-03,2026-02-03T17:00:00Z,17,T1,0.4666864275932312,0.38416925072669983,6.337060451507568,,
2026-02-03,2026-02-03T18:00:00Z,18,T1,0.48001834750175476,0.4255281984806061,6.569249153137207,,
2026-02-03,2026-02-03T19:00:00Z,19,T1,0.44767820835113525,0.35816919803619385,6.2674174308776855,,
2026-02-03,2026-02-03T20:00:00Z,20,T1,0.4656897783279419,0.5317472815513611,7.213143348693848,,
2026-02-03,2026-02-03T21:00:00Z,21,T1,0.4453473687171936,0.40927860140800476,6.453180313110352,,
2026-02-03,2026-02-03T22:00:00Z,22,T1,0.4839155673980713,0.3863376975059509,6.342868804931641,,
2026-02-03,2026-02-03T23:00:00Z,23,T1,0.39376604557037354,0.30843108892440796,6.134190559387207,,
2026-02-03,2026-02-04T00:00:00Z,24,T1,0.47140398621559143,0.5952516198158264,7.579697608947754,,
2026-02-03,2026-02-04T01:00:00Z,25,T1,0.3120524287223816,0.3099415600299835,6.1382365226745605,,
2026-02-03,2026-02-04T02:00:00Z,26,T1,0.39416131377220154,0.35891199111938477,6.269407272338867,,
2026-02-03,2026-02-04T03:00:00Z,27,T1,0.44096702337265015,0.515163004398346,7.125857830047607,,
2026-02-03,2026-02-04T04:00:00Z,28,T1,0.3089745342731476,0.30907657742500305,6.135919570922852,,
2026-02-03,2026-02-04T05:00:00Z,29,T1,0.23152832686901093,0.21579670906066895,5.165709495544434,,
2026-02-03,2026-02-04T06:00:00Z,30,T1,0.27512818574905396,0.21801064908504486,5.177785396575928,,
2026-02-03,2026-02-04T07:00:00Z,31,T1,0.3182741701602936,0.1104971319437027,4.009321212768555,,
2026-02-03,2026-02-04T08:00:00Z,32,T1,0.2465263158082962,0.10313764959573746,3.871330976486206,,
2026-02-03,2026-02-04T09:00:00Z,33,T1,0.19283804297447205,0.1182556226849556,4.363343715667725,,
2026-02-03,2026-02-04T10:00:00Z,34,T1,0.22450262308120728,0.11695382744073868,4.168074131011963,,
2026-02-03,2026-02-04T11:00:00Z,35,T1,0.1647622436285019,0.07379523664712906,3.4513776302337646,,
2026-02-03,2026-02-04T12:00:00Z,36,T1,0.13524731993675232,0.04948505386710167,2.8282511234283447,,
2026-02-03,2026-02-04T13:00:00Z,37,T1,0.24052265286445618,0.0,0.728264331817627,,
2026-02-03,2026-02-04T14:00:00Z,38,T1,0.27691560983657837,0.20054790377616882,5.041584491729736,,
2026-02-03,2026-02-04T15:00:00Z,39,T1,0.36105310916900635,0.41990765929222107,6.529102325439453,,
2026-02-03,2026-02-04T16:00:00Z,40,T1,0.541305661201477,0.5277548432350159,7.1921305656433105,,
2026-02-03,2026-02-04T17:00:00Z,41,T1,0.6290064454078674,0.6155346632003784,7.666162014007568,,
2026-02-03,2026-02-04T18:00:00Z,42,T1,0.6648643612861633,0.5634111166000366,7.380694389343262,,
2026-02-03,2026-02-04T19:00:00Z,43,T1,0.6177185773849487,0.6421434283256531,7.750189781188965,,
2026-02-03,2026-02-04T20:00:00Z,44,T1,0.6626459360122681,0.6828253269195557,8.048795700073242,,
2026-02-03,2026-02-04T21:00:00Z,45,T1,0.7194163203239441,0.7114289402961731,8.562285423278809,,
2026-02-03,2026-02-04T22:00:00Z,46,T1,0.7995738983154297,0.7200000286102295,8.770566940307617,,
2026-02-03,2026-02-04T23:00:00Z,47,T1,0.9800261855125427,0.899885356426239,9.648612022399902,,
2026-02-03,2026-02-05T00:00:00Z,48,T1,1.0,0.9067758917808533,10.384505271911621,,
2026-02-03,2026-02-03T01:00:00Z,1,T2,0.1484551727771759,0.03388332948088646,2.429999828338623,,
2026-02-03,2026-02-03T02:00:00Z,2,T2,0.06083232909440994,0.06238427758216858,3.4302401542663574,,
2026-02-03,2026-02-03T03:00:00Z,3,T2,0.10292559862136841,0.03423052281141281,2.46471905708313,,
2026-02-03,2026-02-03T04:00:00Z,4,T2,0.01200853381305933,0.037492912262678146,2.6542866230010986,,
2026-02-03,2026-02-03T05:00:00Z,5,T2,0.02800804190337658,0.060281842947006226,3.4015705585479736,,
2026-02-03,2026-02-03T06:00:00Z,6,T2,0.17222562432289124,0.18837009370326996,5.016783714294434,,
2026-02-03,2026-02-03T07:00:00Z,7,T2,0.14310909807682037,0.1675073802471161,4.775074005126953,,
2026-02-03,2026-02-03T08:00:00Z,8,T2,0.10181289911270142,0.051602791994810104,3.1154186725616455,,
2026-02-03,2026-02-03T09:00:00Z,9,T2,0.02460542507469654,0.05273575708270073,3.165091037750244,,
2026-02-03,2026-02-03T10:00:00Z,10,T2,0.06554345786571503,0.033826060593128204,2.4242727756500244,,
2026-02-03,2026-02-03T11:00:00Z,11,T2,0.05966853350400925,0.053036388009786606,3.1763644218444824,,
2026-02-03,2026-02-03T12:00:00Z,12,T2,0.14831601083278656,0.1742110550403595,4.842110633850098,,
2026-02-03,2026-02-03T13:00:00Z,13,T2,0.3131442368030548,0.11628194898366928,4.419991970062256,,
2026-02-03,2026-02-03T14:00:00Z,14,T2,0.3597399890422821,0.3915414810180664,6.390414714813232,,
2026-02-03,2026-02-03T15:00:00Z,15,T2,0.43384888768196106,0.5137819647789001,7.196313858032227,,
2026-02-03,2026-02-03T16:00:00Z,16,T2,0.40755364298820496,0.4040502607822418,6.515502452850342,,
2026-02-03,2026-02-03T17:00:00Z,17,T2,0.4334723651409149,0.3758358955383301,6.337060451507568,,
2026-02-03,2026-02-03T18:00:00Z,18,T2,0.38246050477027893,0.40942490100860596,6.569249153137207,,
2026-02-03,2026-02-03T19:00:00Z,19,T2,0.39401280879974365,0.3498358726501465,6.2674174308776855,,
2026-02-03,2026-02-03T20:00:00Z,20,T2,0.3740329146385193,0.5178210735321045,7.213143348693848,,
2026-02-03,2026-02-03T21:00:00Z,21,T2,0.4032319188117981,0.39781805872917175,6.453180313110352,,
2026-02-03,2026-02-03T22:00:00Z,22,T2,0.42506861686706543,0.37800437211990356,6.342868804931641,,
2026-02-03,2026-02-03T23:00:00Z,23,T2,0.3562278151512146,0.3000977635383606,6.134190559387207,,
2026-02-03,2026-02-04T00:00:00Z,24,T2,0.44050946831703186,0.5682662129402161,7.579697608947754,,
2026-02-03,2026-02-04T01:00:00Z,25,T2,0.3196565806865692,0.30160820484161377,6.1382365226745605,,
2026-02-03,2026-02-04T02:00:00Z,26,T2,0.29268571734428406,0.350578635931015,6.269407272338867,,
2026-02-03,2026-02-04T03:00:00Z,27,T2,0.33805397152900696,0.49687254428863525,7.125857830047607,,
2026-02-03,2026-02-04T04:00:00Z,28,T2,0.3151506781578064,0.3007432520389557,6.135919570922852,,
2026-02-03,2026-02-04T05:00:00Z,29,T2,0.27018803358078003,0.20290876924991608,5.165709495544434,,
2026-02-03,2026-02-04T06:00:00Z,30,T2,0.30342361330986023,0.20476041734218597,5.177785396575928,,
2026-02-03,2026-02-04T07:00:00Z,31,T2,0.27340251207351685,0.10037284344434738,4.009321212768555,,
2026-02-03,2026-02-04T08:00:00Z,32,T2,0.21230702102184296,0.09473094344139099,3.871330976486206,,
2026-02-03,2026-02-04T09:00:00Z,33,T2,0.18411116302013397,0.10817791521549225,4.363343715667725,,
2026-02-03,2026-02-04T10:00:00Z,34,T2,0.2002752274274826,0.10557432472705841,4.168074131011963,,
2026-02-03,2026-02-04T11:00:00Z,35,T2,0.16704663634300232,0.06393435597419739,3.4513776302337646,,
2026-02-03,2026-02-04T12:00:00Z,36,T2,0.13402146100997925,0.047350894659757614,2.8282511234283447,,
2026-02-03,2026-02-04T13:00:00Z,37,T2,0.1855158507823944,0.0,0.728264331817627,,
2026-02-03,2026-02-04T14:00:00Z,38,T2,0.18292172253131866,0.1902714967727661,5.041584491729736,,
2026-02-03,2026-02-04T15:00:00Z,39,T2,0.32598045468330383,0.4054102301597595,6.529102325439453,,
2026-02-03,2026-02-04T16:00:00Z,40,T2,0.5376803278923035,0.5127780437469482,7.1921305656433105,,
2026-02-03,2026-02-04T17:00:00Z,41,T2,0.5907394886016846,0.5882586240768433,7.666162014007568,,
2026-02-03,2026-02-04T18:00:00Z,42,T2,0.5908951163291931,0.5569893717765808,7.380694389343262,,
2026-02-03,2026-02-04T19:00:00Z,43,T2,0.5619074106216431,0.6238303184509277,7.750189781188965,,
2026-02-03,2026-02-04T20:00:00Z,44,T2,0.595666766166687,0.682459831237793,8.048795700073242,,
2026-02-03,2026-02-04T21:00:00Z,45,T2,0.70954430103302,0.7064346671104431,8.562285423278809,,
2026-02-03,2026-02-04T22:00:00Z,46,T2,0.8259516358375549,0.721096932888031,8.770566940307617,,
2026-02-03,2026-02-04T23:00:00Z,47,T2,0.942662239074707,0.8715416789054871,9.648612022399902,,
2026-02-03,2026-02-05T00:00:00Z,48,T2,0.9695643782615662,0.9039822220802307,10.384505271911621,,
2026-02-04,2026-02-04T01:00:00Z,1,STATION,0.4350148141384125,0.440934419631958,6.843709945678711,,
2026-02-04,2026-02-04T02:00:00Z,2,STATION,0.42230144143104553,0.4632972180843353,6.954855442047119,,
2026-02-04,2026-02-04T03:00:00Z,3,STATION,0.4240540862083435,0.4682818055152893,6.974793910980225,,
2026-02-04,2026-02-04T04:00:00Z,4,STATION,0.457994669675827,0.5047571063041687,7.120695114135742,,
2026-02-04,2026-02-04T05:00:00Z,5,STATION,0.454694539308548,0.4787124991416931,7.01651668548584,,
2026-02-04,2026-02-04T06:00:00Z,6,STATION,0.334920734167099,0.2473156452178955,5.557154178619385,,
2026-02-04,2026-02-04T07:00:00Z,7,STATION,0.2790862023830414,0.21334169805049896,5.189406394958496,,
2026-02-04,2026-02-04T08:00:00Z,8,STATION,0.3118736743927002,0.20500682294368744,5.139892101287842,,
2026-02-04,2026-02-04T09:00:00Z,9,STATION,0.2589899003505707,0.1867014616727829,4.93913459777832,,
2026-02-04,2026-02-04T10:00:00Z,10,STATION,0.2172984629869461,0.13888563215732574,4.526795864105225,,
2026-02-04,2026-02-04T11:00:00Z,11,STATION,0.17892690002918243,0.09568126499652863,3.819967269897461,,
2026-02-04,2026-02-04T12:00:00Z,12,STATION,0.13016316294670105,0.04423778876662254,2.7473442554473877,,
2026-02-04,2026-02-04T13:00:00Z,13,STATION,0.08153808116912842,0.021427903324365616,1.7141854763031006,,
2026-02-04,2026-02-04T14:00:00Z,14,STATION,0.11432653665542603,0.05781252309679985,3.2343757152557373,,
2026-02-04,2026-02-04T15:00:00Z,15,STATION,0.19797733426094055,0.2922445237636566,6.007880210876465,,
2026-02-04,2026-02-04T16:00:00Z,16,STATION,0.49453234672546387,0.4073052406311035,6.484488010406494,,
2026-02-04,2026-02-04T17:00:00Z,17,STATION,0.4717511236667633,0.4570634663105011,6.929920673370361,,
2026-02-04,2026-02-04T18:00:00Z,18,STATION,0.5903844237327576,0.5899697542190552,7.633927345275879,,
2026-02-04,2026-02-04T19:00:00Z,19,STATION,0.6729082465171814,0.7041110992431641,8.523198127746582,,
2026-02-04,2026-02-04T20:00:00Z,20,STATION,0.8177387714385986,0.7975893616676331,9.107049942016602,,
2026-02-04,2026-02-04T21:00:00Z,21,STATION,0.8885595798492432,0.8872430920600891,9.699230194091797,,
2026-02-04,2026-02-04T22:00:00Z,22,STATION,0.9197607636451721,0.9016697406768799,10.052690505981445,,
2026-02-04,2026-02-04T23:00:00Z,23,STATION,0.9677910804748535,0.905379056930542,10.387578010559082,,
2026-02-04,2026-02-05T00:00:00Z,24,STATION,0.9778633117675781,0.905379056930542,10.94167709350586,,
2026-02-04,2026-02-05T01:00:00Z,25,STATION,0.9294189214706421,0.9104411602020264,11.155025482177734,,
2026-02-04,2026-02-05T02:00:00Z,26,STATION,0.9656211137771606,0.9338027834892273,11.293595314025879,,
2026-02-04,2026-02-05T03:00:00Z,27,STATION,0.9805425405502319,0.9475268721580505,11.463265419006348,,
2026-02-04,2026-02-05T04:00:00Z,28,STATION,0.9143375158309937,0.905379056930542,10.521378517150879,,
2026-02-04,2026-02-05T05:00:00Z,29,STATION,0.9187624454498291,0.905379056930542,10.816845893859863,,
2026-02-04,2026-02-05T06:00:00Z,30,STATION,0.9458265900611877,0.9475268721580505,12.038833618164062,,
2026-02-04,2026-02-05T07:00:00Z,31,STATION,0.9611955881118774,0.97200608253479,12.488380432128906,,
2026-02-04,2026-02-05T08:00:00Z,32,STATION,0.9566086530685425,0.9475268721580505,11.59947395324707,,
2026-02-04,2026-02-05T09:00:00Z,33,STATION,0.9216320514678955,0.905379056930542,10.46062183380127,,
2026-02-04,2026-02-05T10:00:00Z,34,STATION,0.8301281332969666,0.7063246965408325,8.541146278381348,,
2026-02-04,2026-02-05T11:00:00Z,35,STATION,0.8371981382369995,0.6848562359809875,8.228437423706055,,
2026-02-04,2026-02-05T12:00:00Z,36,STATION,0.9249737858772278,0.6874976754188538,8.388494491577148,,
2026-02-04,2026-02-05T13:00:00Z,37,STATION,0.9750709533691406,0.5066322088241577,7.128715991973877,,
2026-02-04,2026-02-05T14:00:00Z,38,STATION,0.9839189052581787,0.41781216859817505,6.572045803070068,,
2026-02-04,2026-02-05T15:00:00Z,39,STATION,0.686895489692688,0.4309290945529938,6.713205814361572,,
2026-02-04,2026-02-05T16:00:00Z,40,STATION,0.6732354760169983,0.4293476641178131,6.692578315734863,,
2026-02-04,2026-02-05T17:00:00Z,41,STATION,0.5167313814163208,0.4656207263469696,6.964149475097656,,
2026-02-04,2026-02-05T18:00:00Z,42,STATION,0.5197085738182068,0.3739159107208252,6.320756912231445,,
2026-02-04,2026-02-05T19:00:00Z,43,STATION,0.4285684823989868,0.2943689823150635,6.036849498748779,,
2026-02-04,2026-02-05T20:00:00Z,44,STATION,0.39370015263557434,0.2528170943260193,5.65780782699585,,
2026-02-04,2026-02-05T21:00:00Z,45,STATION,0.3727487027645111,0.24379995465278625,5.3703460693359375,,
2026-02-04,2026-02-05T22:00:00Z,46,STATION,0.3014993369579315,0.1924942433834076,5.007285118103027,,
2026-02-04,2026-02-05T23:00:00Z,47,STATION,0.31461578607559204,0.05309755727648735,3.0448169708251953,,
2026-02-04,2026-02-06T00:00:00Z,48,STATION,0.0938769280910492,0.05311543866991997,3.0461578369140625,,
2026-02-04,2026-02-04T01:00:00Z,1,T1,0.44046252965927124,0.4493720531463623,6.843709945678711,,
2026-02-04,2026-02-04T02:00:00Z,2,T1,0.444677472114563,0.4718967080116272,6.954855442047119,,
2026-02-04,2026-02-04T03:00:00Z,3,T1,0.43484005331993103,0.4769477844238281,6.974793910980225,,
2026-02-04,2026-02-04T04:00:00Z,4,T1,0.4955454170703888,0.5139094591140747,7.120695114135742,,
2026-02-04,2026-02-04T05:00:00Z,5,T1,0.4996108114719391,0.4875175356864929,7.01651668548584,,
2026-02-04,2026-02-04T06:00:00Z,6,T1,0.34668365120887756,0.2541666626930237,5.557154178619385,,
2026-02-04,2026-02-04T07:00:00Z,7,T1,0.2813691198825836,0.22014112770557404,5.189406394958496,,
2026-02-04,2026-02-04T08:00:00Z,8,T1,0.29944729804992676,0.21106353402137756,5.139892101287842,,
2026-02-04,2026-02-04T09:00:00Z,9,T1,0.2307709902524948,0.19098591804504395,4.93913459777832,,
2026-02-04,2026-02-04T10:00:00Z,10,T1,0.2175765484571457,0.14262066781520844,4.526795864105225,,
2026-02-04,2026-02-04T11:00:00Z,11,T1,0.18163421750068665,0.10039825737476349,3.819967269897461,,
2026-02-04,2026-02-04T12:00:00Z,12,T1,0.12159532308578491,0.04570940136909485,2.7473442554473877,,
2026-02-04,2026-02-04T13:00:00Z,13,T1,0.0859847143292427,0.021189140155911446,1.7141854763031006,,
2026-02-04,2026-02-04T14:00:00Z,14,T1,0.1097332164645195,0.0610416941344738,3.2343757152557373,,
2026-02-04,2026-02-04T15:00:00Z,15,T1,0.18961428105831146,0.299534410238266,6.007880210876465,,
2026-02-04,2026-02-04T16:00:00Z,16,T1,0.5022457242012024,0.4136616587638855,6.484488010406494,,
2026-02-04,2026-02-04T17:00:00Z,17,T1,0.46650055050849915,0.4655798673629761,6.929920673370361,,
2026-02-04,2026-02-04T18:00:00Z,18,T1,0.616253137588501,0.6053269505500793,7.633927345275879,,
2026-02-04,2026-02-04T19:00:00Z,19,T1,0.7108137607574463,0.706087052822113,8.523198127746582,,
2026-02-04,2026-02-04T20:00:00Z,20,T1,0.8526939749717712,0.8066320419311523,9.107049942016602,,
2026-02-04,2026-02-04T21:00:00Z,21,T1,0.9335537552833557,0.9014260172843933,9.699230194091797,,
2026-02-04,2026-02-04T22:00:00Z,22,T1,0.9507090449333191,0.9067758917808533,10.052690505981445,,
2026-02-04,2026-02-04T23:00:00Z,23,T1,0.988158106803894,0.9067758917808533,10.387578010559082,,
2026-02-04,2026-02-05T00:00:00Z,24,T1,1.0,0.9067758917808533,10.94167709350586,,
2026-02-04,2026-02-05T01:00:00Z,25,T1,0.9681212902069092,0.9127247333526611,11.155025482177734,,
2026-02-04,2026-02-05T02:00:00Z,26,T1,1.0,0.9401787519454956,11.293595314025879,,
2026-02-04,2026-02-05T03:00:00Z,27,T1,1.0,0.9563068747520447,11.463265419006348,,
2026-02-04,2026-02-05T04:00:00Z,28,T1,0.9767417907714844,0.9067758917808533,10.521378517150879,,
2026-02-04,2026-02-05T05:00:00Z,29,T1,0.9758510589599609,0.9067758917808533,10.816845893859863,,
2026-02-04,2026-02-05T06:00:00Z,30,T1,1.0,0.9563068747520447,12.038833618164062,,
2026-02-04,2026-02-05T07:00:00Z,31,T1,1.0,0.979544997215271,12.488380432128906,,
2026-02-04,2026-02-05T08:00:00Z,32,T1,1.0,0.9563068747520447,11.59947395324707,,
2026-02-04,2026-02-05T09:00:00Z,33,T1,0.9718695878982544,0.9067758917808533,10.46062183380127,,
2026-02-04,2026-02-05T10:00:00Z,34,T1,0.838750422000885,0.7085399627685547,8.541146278381348,,
2026-02-04,2026-02-05T11:00:00Z,35,T1,0.8351746201515198,0.6843677163124084,8.228437423706055,,
2026-02-04,2026-02-05T12:00:00Z,36,T1,0.9374222159385681,0.6876776218414307,8.388494491577148,,
2026-02-04,2026-02-05T13:00:00Z,37,T1,1.0,0.5157060027122498,7.128715991973877,,
2026-02-04,2026-02-05T14:00:00Z,38,T1,1.0,0.4259197413921356,6.572045803070068,,
2026-02-04,2026-02-05T15:00:00Z,39,T1,0.6746122241020203,0.43980175256729126,6.713205814361572,,
2026-02-04,2026-02-05T16:00:00Z,40,T1,0.6637164354324341,0.438289076089859,6.692578315734863,,
2026-02-04,2026-02-05T17:00:00Z,41,T1,0.5594280958175659,0.47425124049186707,6.964149475097656,,
2026-02-04,2026-02-05T18:00:00Z,42,T1,0.5493330359458923,0.37808260321617126,6.320756912231445,,
2026-02-04,2026-02-05T19:00:00Z,43,T1,0.4763438105583191,0.3008863031864166,6.036849498748779,,
2026-02-04,2026-02-05T20:00:00Z,44,T1,0.42105036973953247,0.25930657982826233,5.65780782699585,,
2026-02-04,2026-02-05T21:00:00Z,45,T1,0.431858092546463,0.25331348180770874,5.3703460693359375,,
2026-02-04,2026-02-05T22:00:00Z,46,T1,0.3282230496406555,0.19734661281108856,5.007285118103027,,
2026-02-04,2026-02-05T23:00:00Z,47,T1,0.3520309031009674,0.05506300553679466,3.0448169708251953,,
2026-02-04,2026-02-06T00:00:00Z,48,T1,0.09192851185798645,0.05508982390165329,3.0461578369140625,,
2026-02-04,2026-02-04T01:00:00Z,1,T2,0.4295670688152313,0.4324967861175537,6.843709945678711,,
2026-02-04,2026-02-04T02:00:00Z,2,T2,0.39992544054985046,0.45469769835472107,6.954855442047119,,
2026-02-04,2026-02-04T03:00:00Z,3,T2,0.41326814889907837,0.4596158266067505,6.974793910980225,,
2026-02-04,2026-02-04T04:00:00Z,4,T2,0.42044392228126526,0.49560481309890747,7.120695114135742,,
2026-02-04,2026-02-04T05:00:00Z,5,T2,0.4097782373428345,0.4699074327945709,7.01651668548584,,
2026-02-04,2026-02-04T06:00:00Z,6,T2,0.32315781712532043,0.24046462774276733,5.557154178619385,,
2026-02-04,2026-02-04T07:00:00Z,7,T2,0.27680331468582153,0.20654228329658508,5.189406394958496,,
2026-02-04,2026-02-04T08:00:00Z,8,T2,0.324300080537796,0.19895011186599731,5.139892101287842,,
2026-02-04,2026-02-04T09:00:00Z,9,T2,0.28720879554748535,0.18241700530052185,4.93913459777832,,
2026-02-04,2026-02-04T10:00:00Z,10,T2,0.21702037751674652,0.13515059649944305,4.526795864105225,,
2026-02-04,2026-02-04T11:00:00Z,11,T2,0.17621958255767822,0.09096427261829376,3.819967269897461,,
2026-02-04,2026-02-04T12:00:00Z,12,T2,0.13873101770877838,0.042766179889440536,2.7473442554473877,,
2026-02-04,2026-02-04T13:00:00Z,13,T2,0.07709144800901413,0.021666666492819786,1.7141854763031006,,
2026-02-04,2026-02-04T14:00:00Z,14,T2,0.11891986429691315,0.0545833520591259,3.2343757152557373,,
2026-02-04,2026-02-04T15:00:00Z,15,T2,0.20634037256240845,0.28495466709136963,6.007880210876465,,
2026-02-04,2026-02-04T16:00:00Z,16,T2,0.48681896924972534,0.40094879269599915,6.484488010406494,,
2026-02-04,2026-02-04T17:00:00Z,17,T2,0.47700172662734985,0.4485470652580261,6.929920673370361,,
2026-02-04,2026-02-04T18:00:00Z,18,T2,0.5645157098770142,0.574612557888031,7.633927345275879,,
2026-02-04,2026-02-04T19:00:00Z,19,T2,0.6350026726722717,0.7021351456642151,8.523198127746582,,
2026-02-04,2026-02-04T20:00:00Z,20,T2,0.7827836275100708,0.7885466814041138,9.107049942016602,,
2026-02-04,2026-02-04T21:00:00Z,21,T2,0.8435653448104858,0.8730602264404297,9.699230194091797,,
2026-02-04,2026-02-04T22:00:00Z,22,T2,0.8888124823570251,0.8965635895729065,10.052690505981445,,
2026-02-04,2026-02-04T23:00:00Z,23,T2,0.947424054145813,0.9039822220802307,10.387578010559082,,
2026-02-04,2026-02-05T00:00:00Z,24,T2,0.955726683139801,0.9039822220802307,10.94167709350586,,
2026-02-04,2026-02-05T01:00:00Z,25,T2,0.890716552734375,0.9081575870513916,11.155025482177734,,
2026-02-04,2026-02-05T02:00:00Z,26,T2,0.9312422275543213,0.9274268746376038,11.293595314025879,,
2026-02-04,2026-02-05T03:00:00Z,27,T2,0.9610850214958191,0.9387468099594116,11.463265419006348,,
2026-02-04,2026-02-05T04:00:00Z,28,T2,0.8519333004951477,0.9039822220802307,10.521378517150879,,
2026-02-04,2026-02-05T05:00:00Z,29,T2,0.8616738319396973,0.9039822220802307,10.816845893859863,,
2026-02-04,2026-02-05T06:00:00Z,30,T2,0.8916531801223755,0.9387468099594116,12.038833618164062,,
2026-02-04,2026-02-05T07:00:00Z,31,T2,0.9223911166191101,0.9644671082496643,12.488380432128906,,
2026-02-04,2026-02-05T08:00:00Z,32,T2,0.9132173657417297,0.9387468099594116,11.59947395324707,,
2026-02-04,2026-02-05T09:00:00Z,33,T2,0.8713945746421814,0.9039822220802307,10.46062183380127,,
2026-02-04,2026-02-05T10:00:00Z,34,T2,0.8215058445930481,0.7041094303131104,8.541146278381348,,
2026-02-04,2026-02-05T11:00:00Z,35,T2,0.8392216563224792,0.6853448152542114,8.228437423706055,,
2026-02-04,2026-02-05T12:00:00Z,36,T2,0.9125253558158875,0.6873177886009216,8.388494491577148,,
2026-02-04,2026-02-05T13:00:00Z,37,T2,0.950141966342926,0.49755844473838806,7.128715991973877,,
2026-02-04,2026-02-05T14:00:00Z,38,T2,0.9678377509117126,0.4097045958042145,6.572045803070068,,
2026-02-04,2026-02-05T15:00:00Z,39,T2,0.6991788148880005,0.4220564365386963,6.713205814361572,,
2026-02-04,2026-02-05T16:00:00Z,40,T2,0.6827544569969177,0.4204062521457672,6.692578315734863,,
2026-02-04,2026-02-05T17:00:00Z,41,T2,0.47403469681739807,0.45699024200439453,6.964149475097656,,
2026-02-04,2026-02-05T18:00:00Z,42,T2,0.49008411169052124,0.3697492480278015,6.320756912231445,,
2026-02-04,2026-02-05T19:00:00Z,43,T2,0.38079318404197693,0.28785163164138794,6.036849498748779,,
2026-02-04,2026-02-05T20:00:00Z,44,T2,0.3663499653339386,0.24632759392261505,5.65780782699585,,
2026-02-04,2026-02-05T21:00:00Z,45,T2,0.3136393129825592,0.23428642749786377,5.3703460693359375,,
2026-02-04,2026-02-05T22:00:00Z,46,T2,0.27477559447288513,0.18764185905456543,5.007285118103027,,
2026-02-04,2026-02-05T23:00:00Z,47,T2,0.2772006690502167,0.05113211274147034,3.0448169708251953,,
2026-02-04,2026-02-06T00:00:00Z,48,T2,0.09582535177469254,0.051141053438186646,3.0461578369140625,,
2026-02-05,2026-02-05T01:00:00Z,1,STATION,0.9774249792098999,0.9475268721580505,11.661016464233398,,
2026-02-05,2026-02-05T02:00:00Z,2,STATION,0.9688310623168945,0.9475268721580505,11.839631080627441,,
2026-02-05,2026-02-05T03:00:00Z,3,STATION,0.9564840793609619,0.9475268721580505,11.920989036560059,,
2026-02-05,2026-02-05T04:00:00Z,4,STATION,0.9608598947525024,0.9475268721580505,11.525322914123535,,
2026-02-05,2026-02-05T05:00:00Z,5,STATION,0.9547011852264404,0.943492591381073,11.351070404052734,,
2026-02-05,2026-02-05T06:00:00Z,6,STATION,0.966968834400177,0.9475268721580505,11.620196342468262,,
2026-02-05,2026-02-05T07:00:00Z,7,STATION,0.9416254758834839,0.9475268721580505,11.93563461303711,,
2026-02-05,2026-02-05T08:00:00Z,8,STATION,0.9645893573760986,0.905379056930542,11.06683349609375,,
2026-02-05,2026-02-05T09:00:00Z,9,STATION,0.9498761892318726,0.8998297452926636,10.016820907592773,,
2026-02-05,2026-02-05T10:00:00Z,10,STATION,0.8083775043487549,0.6870887279510498,8.38517951965332,,
2026-02-05,2026-02-05T11:00:00Z,11,STATION,0.9110523462295532,0.6690504550933838,7.847658634185791,,
2026-02-05,2026-02-05T12:00:00Z,12,STATION,0.9942307472229004,0.46840280294418335,6.975277900695801,,
2026-02-05,2026-02-05T13:00:00Z,13,STATION,0.9353179335594177,0.4058099091053009,6.472026824951172,,
2026-02-05,2026-02-05T14:00:00Z,14,STATION,0.7361089587211609,0.41749927401542664,6.569438457489014,,
2026-02-05,2026-02-05T15:00:00Z,15,STATION,0.5839738249778748,0.4404870271682739,6.837874412536621,,
2026-02-05,2026-02-05T16:00:00Z,16,STATION,0.613300085067749,0.4420154392719269,6.857810020446777,,
2026-02-05,2026-02-05T17:00:00Z,17,STATION,0.6106312274932861,0.38181963562965393,6.341927528381348,,
2026-02-05,2026-02-05T18:00:00Z,18,STATION,0.4634387493133545,0.41517460346221924,6.550065994262695,,
2026-02-05,2026-02-05T19:00:00Z,19,STATION,0.47947070002555847,0.3149309754371643,6.162761688232422,,
2026-02-05,2026-02-05T20:00:00Z,20,STATION,0.4249483048915863,0.24610021710395813,5.476125240325928,,
2026-02-05,2026-02-05T21:00:00Z,21,STATION,0.30818283557891846,0.20104378461837769,5.107868194580078,,
2026-02-05,2026-02-05T22:00:00Z,22,STATION,0.2236863672733307,0.16509166359901428,4.718628883361816,,
2026-02-05,2026-02-05T23:00:00Z,23,STATION,0.3228254020214081,0.052531275898218155,3.002345561981201,,
2026-02-05,2026-02-06T00:00:00Z,24,STATION,0.14408154785633087,0.051308516412973404,2.9106385707855225,,
2026-02-05,2026-02-06T01:00:00Z,25,STATION,0.3216821849346161,0.6803188323974609,7.932609558105469,,
2026-02-05,2026-02-06T02:00:00Z,26,STATION,0.377338707447052,0.2670583426952362,5.762012004852295,,
2026-02-05,2026-02-06T03:00:00Z,27,STATION,0.2695066034793854,0.22444450855255127,5.255363464355469,,
2026-02-05,2026-02-06T04:00:00Z,28,STATION,0.12218031287193298,0.6934865117073059,8.437052726745605,,
2026-02-05,2026-02-06T05:00:00Z,29,STATION,0.21655669808387756,0.9728933572769165,13.313516616821289,,
2026-02-05,2026-02-06T06:00:00Z,30,STATION,0.7544661164283752,0.934415876865387,11.297231674194336,,
2026-02-05,2026-02-06T07:00:00Z,31,STATION,0.8639751672744751,0.9719734787940979,12.481861114501953,,
2026-02-05,2026-02-06T08:00:00Z,32,STATION,0.9214199781417847,0.9719379544258118,12.47475528717041,,
2026-02-05,2026-02-06T09:00:00Z,33,STATION,0.9516345262527466,0.9727380871772766,12.934881210327148,,
2026-02-05,2026-02-06T10:00:00Z,34,STATION,0.9289618134498596,0.9727796316146851,12.985763549804688,,
2026-02-05,2026-02-06T11:00:00Z,35,STATION,0.8978472352027893,0.9706650972366333,12.366907119750977,,
2026-02-05,2026-02-06T12:00:00Z,36,STATION,0.8701424598693848,0.9748597741127014,14.13831615447998,,
2026-02-05,2026-02-06T13:00:00Z,37,STATION,0.9202365279197693,0.9742128252983093,13.596391677856445,,
2026-02-05,2026-02-06T14:00:00Z,38,STATION,0.9374223947525024,0.9743833541870117,13.803963661193848,,
2026-02-05,2026-02-06T15:00:00Z,39,STATION,0.937795877456665,0.9744495153427124,13.915907859802246,,
2026-02-05,2026-02-06T16:00:00Z,40,STATION,0.8995910286903381,0.9727609157562256,12.962869644165039,,
2026-02-05,2026-02-06T17:00:00Z,41,STATION,0.8605616688728333,0.9475268721580505,11.857210159301758,,
2026-02-05,2026-02-06T18:00:00Z,42,STATION,0.901824951171875,0.9475268721580505,11.939190864562988,,
2026-02-05,2026-02-06T19:00:00Z,43,STATION,0.852175235748291,0.905379056930542,10.680700302124023,,
2026-02-05,2026-02-06T20:00:00Z,44,STATION,0.8154575824737549,0.905379056930542,10.332259178161621,,
2026-02-05,2026-02-06T21:00:00Z,45,STATION,0.7121158242225647,0.861422598361969,9.454561233520508,,
2026-02-05,2026-02-06T22:00:00Z,46,STATION,0.6484977006912231,0.6841933131217957,8.128998756408691,,
2026-02-05,2026-02-06T23:00:00Z,47,STATION,0.426776647567749,0.5727894902229309,7.496903419494629,,
2026-02-05,2026-02-07T00:00:00Z,48,STATION,0.3081221878528595,0.2453022301197052,5.422926425933838,,
2026-02-05,2026-02-05T01:00:00Z,1,T1,1.0,0.9563068747520447,11.661016464233398,,
2026-02-05,2026-02-05T02:00:00Z,2,T1,1.0,0.9563068747520447,11.839631080627441,,
2026-02-05,2026-02-05T03:00:00Z,3,T1,1.0,0.9563068747520447,11.920989036560059,,
2026-02-05,2026-02-05T04:00:00Z,4,T1,1.0,0.9563068747520447,11.525322914123535,,
2026-02-05,2026-02-05T05:00:00Z,5,T1,1.0,0.9515659213066101,11.351070404052734,,
2026-02-05,2026-02-05T06:00:00Z,6,T1,1.0,0.9563068747520447,11.620196342468262,,
2026-02-05,2026-02-05T07:00:00Z,7,T1,1.0,0.9563068747520447,11.93563461303711,,
2026-02-05,2026-02-05T08:00:00Z,8,T1,1.0,0.9067758917808533,11.06683349609375,,
2026-02-05,2026-02-05T09:00:00Z,9,T1,0.9796901941299438,0.9067758917808533,10.016820907592773,,
2026-02-05,2026-02-05T10:00:00Z,10,T1,0.8209213018417358,0.6872244477272034,8.38517951965332,,
2026-02-05,2026-02-05T11:00:00Z,11,T1,0.9122227430343628,0.6730086207389832,7.847658634185791,,
2026-02-05,2026-02-05T12:00:00Z,12,T1,1.0,0.4770703911781311,6.975277900695801,,
2026-02-05,2026-02-05T13:00:00Z,13,T1,0.9542757868766785,0.411917120218277,6.472026824951172,,
2026-02-05,2026-02-05T14:00:00Z,14,T1,0.7423616647720337,0.42555472254753113,6.569438457489014,,
2026-02-05,2026-02-05T15:00:00Z,15,T1,0.6109104752540588,0.4489441215991974,6.837874412536621,,
2026-02-05,2026-02-05T16:00:00Z,16,T1,0.6112741827964783,0.4504060447216034,6.857810020446777,,
2026-02-05,2026-02-05T17:00:00Z,17,T1,0.6085498332977295,0.3859862983226776,6.341927528381348,,
2026-02-05,2026-02-05T18:00:00Z,18,T1,0.5261654257774353,0.4228425621986389,6.550065994262695,,
2026-02-05,2026-02-05T19:00:00Z,19,T1,0.5258188247680664,0.319097638130188,6.162761688232422,,
2026-02-05,2026-02-05T20:00:00Z,20,T1,0.4324300289154053,0.2541666626930237,5.476125240325928,,
2026-02-05,2026-02-05T21:00:00Z,21,T1,0.33212727308273315,0.20673435926437378,5.107868194580078,,
2026-02-05,2026-02-05T22:00:00Z,22,T1,0.22762468457221985,0.168320432305336,4.718628883361816,,
2026-02-05,2026-02-05T23:00:00Z,23,T1,0.3350708484649658,0.05421357974410057,3.002345561981201,,
2026-02-05,2026-02-06T00:00:00Z,24,T1,0.17823204398155212,0.052379440516233444,2.9106385707855225,,
2026-02-05,2026-02-06T01:00:00Z,25,T1,0.3434685468673706,0.6820507049560547,7.932609558105469,,
2026-02-05,2026-02-06T02:00:00Z,26,T1,0.3707246482372284,0.2756319046020508,5.762012004852295,,
2026-02-05,2026-02-06T03:00:00Z,27,T1,0.27432653307914734,0.23223328590393066,5.255363464355469,,
2026-02-05,2026-02-06T04:00:00Z,28,T1,0.15939933061599731,0.6943138837814331,8.437052726745605,,
2026-02-05,2026-02-06T05:00:00Z,29,T1,0.2409028708934784,0.979544997215271,13.313516616821289,,
2026-02-05,2026-02-06T06:00:00Z,30,T1,0.7639676332473755,0.9408991932868958,11.297231674194336,,
2026-02-05,2026-02-06T07:00:00Z,31,T1,0.8793338537216187,0.979544997215271,12.481861114501953,,
2026-02-05,2026-02-06T08:00:00Z,32,T1,0.9319724440574646,0.979544997215271,12.47475528717041,,
2026-02-05,2026-02-06T09:00:00Z,33,T1,0.9494327306747437,0.979544997215271,12.934881210327148,,
2026-02-05,2026-02-06T10:00:00Z,34,T1,0.9101893901824951,0.979544997215271,12.985763549804688,,
2026-02-05,2026-02-06T11:00:00Z,35,T1,0.8811283111572266,0.9787927865982056,12.366907119750977,,
2026-02-05,2026-02-06T12:00:00Z,36,T1,0.8993419408798218,0.981810450553894,14.13831615447998,,
2026-02-05,2026-02-06T13:00:00Z,37,T1,0.9231436848640442,0.9814238548278809,13.596391677856445,,
2026-02-05,2026-02-06T14:00:00Z,38,T1,0.9528343081474304,0.9816666841506958,13.803963661193848,,
2026-02-05,2026-02-06T15:00:00Z,39,T1,0.9602319002151489,0.9816666841506958,13.915907859802246,,
2026-02-05,2026-02-06T16:00:00Z,40,T1,0.8932430744171143,0.979544997215271,12.962869644165039,,
2026-02-05,2026-02-06T17:00:00Z,41,T1,0.8601883053779602,0.9563068747520447,11.857210159301758,,
2026-02-05,2026-02-06T18:00:00Z,42,T1,0.9246882200241089,0.9563068747520447,11.939190864562988,,
2026-02-05,2026-02-06T19:00:00Z,43,T1,0.8776575326919556,0.9067758917808533,10.680700302124023,,
2026-02-05,2026-02-06T20:00:00Z,44,T1,0.8590036630630493,0.9067758917808533,10.332259178161621,,
2026-02-05,2026-02-06T21:00:00Z,45,T1,0.7974901795387268,0.8713282942771912,9.454561233520508,,
2026-02-05,2026-02-06T22:00:00Z,46,T1,0.6435250043869019,0.6833733320236206,8.128998756408691,,
2026-02-05,2026-02-06T23:00:00Z,47,T1,0.4442306160926819,0.5820044875144958,7.496903419494629,,
2026-02-05,2026-02-07T00:00:00Z,48,T1,0.28299903869628906,0.2541666626930237,5.422926425933838,,
2026-02-05,2026-02-05T01:00:00Z,1,T2,0.9548499584197998,0.9387468099594116,11.661016464233398,,
2026-02-05,2026-02-05T02:00:00Z,2,T2,0.9376621842384338,0.9387468099594116,11.839631080627441,,
2026-02-05,2026-02-05T03:00:00Z,3,T2,0.9129682183265686,0.9387468099594116,11.920989036560059,,
2026-02-05,2026-02-05T04:00:00Z,4,T2,0.9217197895050049,0.9387468099594116,11.525322914123535,,
2026-02-05,2026-02-05T05:00:00Z,5,T2,0.9094023704528809,0.9354192614555359,11.351070404052734,,
2026-02-05,2026-02-05T06:00:00Z,6,T2,0.933937668800354,0.9387468099594116,11.620196342468262,,
2026-02-05,2026-02-05T07:00:00Z,7,T2,0.8832510113716125,0.9387468099594116,11.93563461303711,,
2026-02-05,2026-02-05T08:00:00Z,8,T2,0.9291787147521973,0.9039822220802307,11.06683349609375,,
2026-02-05,2026-02-05T09:00:00Z,9,T2,0.9200621843338013,0.8928835391998291,10.016820907592773,,
2026-02-05,2026-02-05T10:00:00Z,10,T2,0.7958336472511292,0.6869530081748962,8.38517951965332,,
2026-02-05,2026-02-05T11:00:00Z,11,T2,0.9098819494247437,0.6650922298431396,7.847658634185791,,
2026-02-05,2026-02-05T12:00:00Z,12,T2,0.9884614944458008,0.4597352147102356,6.975277900695801,,
2026-02-05,2026-02-05T13:00:00Z,13,T2,0.916360080242157,0.39970269799232483,6.472026824951172,,
2026-02-05,2026-02-05T14:00:00Z,14,T2,0.7298562526702881,0.40944385528564453,6.569438457489014,,
2026-02-05,2026-02-05T15:00:00Z,15,T2,0.5570372343063354,0.43202996253967285,6.837874412536621,,
2026-02-05,2026-02-05T16:00:00Z,16,T2,0.6153259873390198,0.433624804019928,6.857810020446777,,
2026-02-05,2026-02-05T17:00:00Z,17,T2,0.612712562084198,0.37765297293663025,6.341927528381348,,
2026-02-05,2026-02-05T18:00:00Z,18,T2,0.4007120728492737,0.4075066149234772,6.550065994262695,,
2026-02-05,2026-02-05T19:00:00Z,19,T2,0.43312257528305054,0.3107643127441406,6.162761688232422,,
2026-02-05,2026-02-05T20:00:00Z,20,T2,0.41746658086776733,0.23803375661373138,5.476125240325928,,
2026-02-05,2026-02-05T21:00:00Z,21,T2,0.28423839807510376,0.19535322487354279,5.107868194580078,,
2026-02-05,2026-02-05T22:00:00Z,22,T2,0.21974804997444153,0.16186289489269257,4.718628883361816,,
2026-02-05,2026-02-05T23:00:00Z,23,T2,0.31057995557785034,0.05084897205233574,3.002345561981201,,
2026-02-05,2026-02-06T00:00:00Z,24,T2,0.10993105918169022,0.050237592309713364,2.9106385707855225,,
2026-02-05,2026-02-06T01:00:00Z,25,T2,0.2998958230018616,0.6785869598388672,7.932609558105469,,
2026-02-05,2026-02-06T02:00:00Z,26,T2,0.383952796459198,0.25848475098609924,5.762012004852295,,
2026-02-05,2026-02-06T03:00:00Z,27,T2,0.2646866738796234,0.21665573120117188,5.255363464355469,,
2026-02-05,2026-02-06T04:00:00Z,28,T2,0.08496130257844925,0.6926591396331787,8.437052726745605,,
2026-02-05,2026-02-06T05:00:00Z,29,T2,0.19221052527427673,0.9662416577339172,13.313516616821289,,
2026-02-05,2026-02-06T06:00:00Z,30,T2,0.744964599609375,0.9279325604438782,11.297231674194336,,
2026-02-05,2026-02-06T07:00:00Z,31,T2,0.8486164808273315,0.9644019603729248,12.481861114501953,,
2026-02-05,2026-02-06T08:00:00Z,32,T2,0.9108675718307495,0.9643308520317078,12.47475528717041,,
2026-02-05,2026-02-06T09:00:00Z,33,T2,0.9538363814353943,0.9659311175346375,12.934881210327148,,
2026-02-05,2026-02-06T10:00:00Z,34,T2,0.9477342367172241,0.9660142660140991,12.985763549804688,,
2026-02-05,2026-02-06T11:00:00Z,35,T2,0.9145660996437073,0.962537407875061,12.366907119750977,,
2026-02-05,2026-02-06T12:00:00Z,36,T2,0.8409429788589478,0.9679091572761536,14.13831615447998,,
2026-02-05,2026-02-06T13:00:00Z,37,T2,0.9173293113708496,0.9670017957687378,13.596391677856445,,
2026-02-05,2026-02-06T14:00:00Z,38,T2,0.9220104813575745,0.9671000242233276,13.803963661193848,,
2026-02-05,2026-02-06T15:00:00Z,39,T2,0.9153598546981812,0.9672324061393738,13.915907859802246,,
2026-02-05,2026-02-06T16:00:00Z,40,T2,0.9059390425682068,0.9659768342971802,12.962869644165039,,
2026-02-05,2026-02-06T17:00:00Z,41,T2,0.8609349727630615,0.9387468099594116,11.857210159301758,,
2026-02-05,2026-02-06T18:00:00Z,42,T2,0.8789617419242859,0.9387468099594116,11.939190864562988,,
2026-02-05,2026-02-06T19:00:00Z,43,T2,0.8266929388046265,0.9039822220802307,10.680700302124023,,
2026-02-05,2026-02-06T20:00:00Z,44,T2,0.7719115018844604,0.9039822220802307,10.332259178161621,,
2026-02-05,2026-02-06T21:00:00Z,45,T2,0.6267415285110474,0.8515169024467468,9.454561233520508,,
2026-02-05,2026-02-06T22:00:00Z,46,T2,0.6534703969955444,0.6850133538246155,8.128998756408691,,
2026-02-05,2026-02-06T23:00:00Z,47,T2,0.40932267904281616,0.563574492931366,7.496903419494629,,
2026-02-05,2026-02-07T00:00:00Z,48,T2,0.33324533700942993,0.23643779754638672,5.422926425933838,,
2026-02-06,2026-02-06T01:00:00Z,1,STATION,0.054482463747262955,0.02341228537261486,2.011842727661133,,
2026-02-06,2026-02-06T02:00:00Z,2,STATION,0.17722584307193756,0.2961486279964447,6.061117649078369,,
2026-02-06,2026-02-06T03:00:00Z,3,STATION,0.25912314653396606,0.5342898964881897,7.2573561668396,,
2026-02-06,2026-02-06T04:00:00Z,4,STATION,0.2998183071613312,0.24567458033561707,5.447749614715576,,
2026-02-06,2026-02-06T05:00:00Z,5,STATION,0.13157327473163605,0.044334203004837036,2.7492103576660156,,
2026-02-06,2026-02-06T06:00:00Z,6,STATION,0.31131213903427124,0.22940756380558014,5.284846782684326,,
2026-02-06,2026-02-06T07:00:00Z,7,STATION,0.5631666779518127,0.7190317511558533,8.713690757751465,,
2026-02-06,2026-02-06T08:00:00Z,8,STATION,0.7207178473472595,0.8858668208122253,9.653685569763184,,
2026-02-06,2026-02-06T09:00:00Z,9,STATION,0.8115465641021729,0.9475268721580505,11.628891944885254,,
2026-02-06,2026-02-06T10:00:00Z,10,STATION,0.8425694108009338,0.972689151763916,12.748698234558105,,
2026-02-06,2026-02-06T11:00:00Z,11,STATION,0.9105247855186462,0.9743833541870117,13.641214370727539,,
2026-02-06,2026-02-06T12:00:00Z,12,STATION,0.9096189141273499,0.9761375784873962,14.783001899719238,,
2026-02-06,2026-02-06T13:00:00Z,13,STATION,0.9174821972846985,0.9795817136764526,15.9443359375,,
2026-02-06,2026-02-06T14:00:00Z,14,STATION,0.9284896850585938,0.9761375784873962,14.451656341552734,,
2026-02-06,2026-02-06T15:00:00Z,15,STATION,0.9313016533851624,0.9748591184616089,14.138187408447266,,
2026-02-06,2026-02-06T16:00:00Z,16,STATION,0.8834049105644226,0.9735534191131592,13.485750198364258,,
2026-02-06,2026-02-06T17:00:00Z,17,STATION,0.7707874774932861,0.9475268721580505,11.462348937988281,,
2026-02-06,2026-02-06T18:00:00Z,18,STATION,0.6133249402046204,0.646208643913269,7.785924434661865,,
2026-02-06,2026-02-06T19:00:00Z,19,STATION,0.5403153896331787,0.3688187301158905,6.307103633880615,,
2026-02-06,2026-02-06T20:00:00Z,20,STATION,0.4286837875843048,0.2691226601600647,5.777116775512695,,
2026-02-06,2026-02-06T21:00:00Z,21,STATION,0.34877145290374756,0.33916419744491577,6.227672100067139,,
2026-02-06,2026-02-06T22:00:00Z,22,STATION,0.3201059103012085,0.29669269919395447,6.068536758422852,,
2026-02-06,2026-02-06T23:00:00Z,23,STATION,0.2838860750198364,0.28286004066467285,5.879909515380859,,
2026-02-06,2026-02-07T00:00:00Z,24,STATION,0.23799476027488708,0.10210401564836502,3.93794322013855,,
2026-02-06,2026-02-07T01:00:00Z,25,STATION,0.126761332154274,0.13271763920783997,4.490154266357422,,
2026-02-06,2026-02-07T02:00:00Z,26,STATION,0.12170292437076569,0.03583639860153198,2.4466912746429443,,
2026-02-06,2026-02-07T03:00:00Z,27,STATION,0.06091534346342087,0.0,0.8612571358680725,,
2026-02-06,2026-02-07T04:00:00Z,28,STATION,0.014814604073762894,0.02313513308763504,1.9702699184417725,,
2026-02-06,2026-02-07T05:00:00Z,29,STATION,0.0542200431227684,0.02297699637711048,1.946549415588379,,
2026-02-06,2026-02-07T06:00:00Z,30,STATION,0.06200068071484566,0.07073678821325302,3.473841428756714,,
2026-02-06,2026-02-07T07:00:00Z,31,STATION,0.19744689762592316,0.13371871411800385,4.496101379394531,,
2026-02-06,2026-02-07T08:00:00Z,32,STATION,0.23540562391281128,0.20331940054893494,5.1298675537109375,,
2026-02-06,2026-02-07T09:00:00Z,33,STATION,0.3576960265636444,0.19190621376037598,5.000367164611816,,
2026-02-06,2026-02-07T10:00:00Z,34,STATION,0.3015107214450836,0.11225277185440063,4.26694393157959,,
2026-02-06,2026-02-07T11:00:00Z,35,STATION,0.2233794778585434,0.06213250756263733,3.3639752864837646,,
2026-02-06,2026-02-07T12:00:00Z,36,STATION,0.26114410161972046,0.01977837085723877,1.5195037126541138,,
2026-02-06,2026-02-07T13:00:00Z,37,STATION,0.14490404725074768,0.12220471352338791,4.427701473236084,,
2026-02-06,2026-02-07T14:00:00Z,38,STATION,0.31025803089141846,0.49940383434295654,7.0992817878723145,,
2026-02-06,2026-02-07T15:00:00Z,39,STATION,0.4130970537662506,0.5262909531593323,7.220151901245117,,
2026-02-06,2026-02-07T16:00:00Z,40,STATION,0.4922778904438019,0.5727108120918274,7.496176719665527,,
2026-02-06,2026-02-07T17:00:00Z,41,STATION,0.420070618391037,0.7414349913597107,8.931568145751953,,
2026-02-06,2026-02-07T18:00:00Z,42,STATION,0.6578783392906189,0.8684411644935608,9.505297660827637,,
2026-02-06,2026-02-07T19:00:00Z,43,STATION,0.6840382218360901,0.905379056930542,10.342595100402832,,
2026-02-06,2026-02-07T20:00:00Z,44,STATION,0.635520339012146,0.8412665128707886,9.326415061950684,,
2026-02-06,2026-02-07T21:00:00Z,45,STATION,0.7102515697479248,0.8873906135559082,9.70411205291748,,
2026-02-06,2026-02-07T22:00:00Z,46,STATION,0.7189710736274719,0.8892669677734375,9.766204833984375,,
2026-02-06,2026-02-07T23:00:00Z,47,STATION,0.6683775782585144,0.7849535942077637,9.0675630569458,,
2026-02-06,2026-02-08T00:00:00Z,48,STATION,0.5129250288009644,0.5448902249336243,7.306660175323486,,
2026-02-06,2026-02-06T01:00:00Z,1,T1,0.06738218665122986,0.024245617911219597,2.011842727661133,,
2026-02-06,2026-02-06T02:00:00Z,2,T1,0.1908668875694275,0.30201882123947144,6.061117649078369,,
2026-02-06,2026-02-06T03:00:00Z,3,T1,0.27704647183418274,0.5401476621627808,7.2573561668396,,
2026-02-06,2026-02-06T04:00:00Z,4,T1,0.2825894355773926,0.2541666626930237,5.447749614715576,,
2026-02-06,2026-02-06T05:00:00Z,5,T1,0.13949663937091827,0.045796483755111694,2.7492103576660156,,
2026-02-06,2026-02-06T06:00:00Z,6,T1,0.3015212118625641,0.23763860762119293,5.284846782684326,,
2026-02-06,2026-02-06T07:00:00Z,7,T1,0.5808767676353455,0.7200000286102295,8.713690757751465,,
2026-02-06,2026-02-06T08:00:00Z,8,T1,0.7087845802307129,0.900039792060852,9.653685569763184,,
2026-02-06,2026-02-06T09:00:00Z,9,T1,0.8408203125,0.9563068747520447,11.628891944885254,,
2026-02-06,2026-02-06T10:00:00Z,10,T1,0.8515294790267944,0.979544997215271,12.748698234558105,,
2026-02-06,2026-02-06T11:00:00Z,11,T1,0.9188680052757263,0.9816666841506958,13.641214370727539,,
2026-02-06,2026-02-06T12:00:00Z,12,T1,0.9186194539070129,0.9843659996986389,14.783001899719238,,
2026-02-06,2026-02-06T13:00:00Z,13,T1,0.9184902310371399,0.9891766905784607,15.9443359375,,
2026-02-06,2026-02-06T14:00:00Z,14,T1,0.9363105893135071,0.9843659996986389,14.451656341552734,,
2026-02-06,2026-02-06T15:00:00Z,15,T1,0.939662754535675,0.9818090796470642,14.138187408447266,,
2026-02-06,2026-02-06T16:00:00Z,16,T1,0.8417516946792603,0.9804849028587341,13.485750198364258,,
2026-02-06,2026-02-06T17:00:00Z,17,T1,0.7414617538452148,0.9563068747520447,11.462348937988281,,
2026-02-06,2026-02-06T18:00:00Z,18,T1,0.6266376972198486,0.6534593105316162,7.785924434661865,,
2026-02-06,2026-02-06T19:00:00Z,19,T1,0.506794810295105,0.3729853928089142,6.307103633880615,,
2026-02-06,2026-02-06T20:00:00Z,20,T1,0.4335457980632782,0.27799832820892334,5.777116775512695,,
2026-02-06,2026-02-06T21:00:00Z,21,T1,0.3370554447174072,0.34333088994026184,6.227672100067139,,
2026-02-06,2026-02-06T22:00:00Z,22,T1,0.32932624220848083,0.3023650646209717,6.068536758422852,,
2026-02-06,2026-02-06T23:00:00Z,23,T1,0.26696935296058655,0.2935624420642853,5.879909515380859,,
2026-02-06,2026-02-07T00:00:00Z,24,T1,0.2470758855342865,0.10669030249118805,3.93794322013855,,
2026-02-06,2026-02-07T01:00:00Z,25,T1,0.12180250883102417,0.1367580145597458,4.490154266357422,,
2026-02-06,2026-02-07T02:00:00Z,26,T1,0.12142496556043625,0.03762254863977432,2.4466912746429443,,
2026-02-06,2026-02-07T03:00:00Z,27,T1,0.06880872696638107,0.0,0.8612571358680725,,
2026-02-06,2026-02-07T04:00:00Z,28,T1,0.015905844047665596,0.023968465626239777,1.9702699184417725,,
2026-02-06,2026-02-07T05:00:00Z,29,T1,0.07019072771072388,0.023810328915715218,1.946549415588379,,
2026-02-06,2026-02-07T06:00:00Z,30,T1,0.07314135879278183,0.07589186728000641,3.473841428756714,,
2026-02-06,2026-02-07T07:00:00Z,31,T1,0.19545960426330566,0.13770954310894012,4.496101379394531,,
2026-02-06,2026-02-07T08:00:00Z,32,T1,0.21253395080566406,0.20922574400901794,5.1298675537109375,,
2026-02-06,2026-02-07T09:00:00Z,33,T1,0.3197896480560303,0.19670094549655914,5.000367164611816,,
2026-02-06,2026-02-07T10:00:00Z,34,T1,0.335487961769104,0.11761295795440674,4.26694393157959,,
2026-02-06,2026-02-07T11:00:00Z,35,T1,0.23205281794071198,0.06622567772865295,3.3639752864837646,,
2026-02-06,2026-02-07T12:00:00Z,36,T1,0.28252941370010376,0.019296690821647644,1.5195037126541138,,
2026-02-06,2026-02-07T13:00:00Z,37,T1,0.1399441659450531,0.12676553428173065,4.427701473236084,,
2026-02-06,2026-02-07T14:00:00Z,38,T1,0.3075369596481323,0.5084847807884216,7.0992817878723145,,
2026-02-06,2026-02-07T15:00:00Z,39,T1,0.3924577534198761,0.5330788493156433,7.220151901245117,,
2026-02-06,2026-02-07T16:00:00Z,40,T1,0.4737415313720703,0.5818882584571838,7.496176719665527,,
2026-02-06,2026-02-07T17:00:00Z,41,T1,0.3852922022342682,0.7411186099052429,8.931568145751953,,
2026-02-06,2026-02-07T18:00:00Z,42,T1,0.6587529182434082,0.8796152472496033,9.505297660827637,,
2026-02-06,2026-02-07T19:00:00Z,43,T1,0.650901198387146,0.9067758917808533,10.342595100402832,,
2026-02-06,2026-02-07T20:00:00Z,44,T1,0.617472767829895,0.8495880961418152,9.326415061950684,,
2026-02-06,2026-02-07T21:00:00Z,45,T1,0.7187979221343994,0.9015746116638184,9.70411205291748,,
2026-02-06,2026-02-07T22:00:00Z,46,T1,0.6906601786613464,0.9034644961357117,9.766204833984375,,
2026-02-06,2026-02-07T23:00:00Z,47,T1,0.7016401886940002,0.7918902635574341,9.0675630569458,,
2026-02-06,2026-02-08T00:00:00Z,48,T1,0.5419884920120239,0.5495153665542603,7.306660175323486,,
2026-02-06,2026-02-06T01:00:00Z,1,T2,0.04158274456858635,0.022578950971364975,2.011842727661133,,
2026-02-06,2026-02-06T02:00:00Z,2,T2,0.16358478367328644,0.29027843475341797,6.061117649078369,,
2026-02-06,2026-02-06T03:00:00Z,3,T2,0.24119985103607178,0.5284320712089539,7.2573561668396,,
2026-02-06,2026-02-06T04:00:00Z,4,T2,0.3170471489429474,0.23718248307704926,5.447749614715576,,
2026-02-06,2026-02-06T05:00:00Z,5,T2,0.12364991754293442,0.04287192225456238,2.7492103576660156,,
2026-02-06,2026-02-06T06:00:00Z,6,T2,0.3211030662059784,0.22117651998996735,5.284846782684326,,
2026-02-06,2026-02-06T07:00:00Z,7,T2,0.5454566478729248,0.7180635333061218,8.713690757751465,,
2026-02-06,2026-02-06T08:00:00Z,8,T2,0.7326511740684509,0.8716939091682434,9.653685569763184,,
2026-02-06,2026-02-06T09:00:00Z,9,T2,0.7822728753089905,0.9387468099594116,11.628891944885254,,
2026-02-06,2026-02-06T10:00:00Z,10,T2,0.8336093425750732,0.965833306312561,12.748698234558105,,
2026-02-06,2026-02-06T11:00:00Z,11,T2,0.9021815657615662,0.9671000242233276,13.641214370727539,,
2026-02-06,2026-02-06T12:00:00Z,12,T2,0.9006183743476868,0.9679091572761536,14.783001899719238,,
2026-02-06,2026-02-06T13:00:00Z,13,T2,0.9164741635322571,0.9699866771697998,15.9443359375,,
2026-02-06,2026-02-06T14:00:00Z,14,T2,0.9206687211990356,0.9679091572761536,14.451656341552734,,
2026-02-06,2026-02-06T15:00:00Z,15,T2,0.9229405522346497,0.9679091572761536,14.138187408447266,,
2026-02-06,2026-02-06T16:00:00Z,16,T2,0.925058126449585,0.9666219353675842,13.485750198364258,,
2026-02-06,2026-02-06T17:00:00Z,17,T2,0.8001132011413574,0.9387468099594116,11.462348937988281,,
2026-02-06,2026-02-06T18:00:00Z,18,T2,0.6000122427940369,0.6389579176902771,7.785924434661865,,
2026-02-06,2026-02-06T19:00:00Z,19,T2,0.5738360285758972,0.3646520674228668,6.307103633880615,,
2026-02-06,2026-02-06T20:00:00Z,20,T2,0.4238218069076538,0.26024699211120605,5.777116775512695,,
2026-02-06,2026-02-06T21:00:00Z,21,T2,0.3604874312877655,0.3349975347518921,6.227672100067139,,
2026-02-06,2026-02-06T22:00:00Z,22,T2,0.31088557839393616,0.29102036356925964,6.068536758422852,,
2026-02-06,2026-02-06T23:00:00Z,23,T2,0.3008027970790863,0.2721576392650604,5.879909515380859,,
2026-02-06,2026-02-07T00:00:00Z,24,T2,0.22891363501548767,0.09751772880554199,3.93794322013855,,
2026-02-06,2026-02-07T01:00:00Z,25,T2,0.1317201554775238,0.12867724895477295,4.490154266357422,,
2026-02-06,2026-02-07T02:00:00Z,26,T2,0.12198089063167572,0.034050244837999344,2.4466912746429443,,
2026-02-06,2026-02-07T03:00:00Z,27,T2,0.053021956235170364,0.0,0.8612571358680725,,
2026-02-06,2026-02-07T04:00:00Z,28,T2,0.013723363168537617,0.022301800549030304,1.9702699184417725,,
2026-02-06,2026-02-07T05:00:00Z,29,T2,0.03824935480952263,0.022143661975860596,1.946549415588379,,
2026-02-06,2026-02-07T06:00:00Z,30,T2,0.050859998911619186,0.06558170914649963,3.473841428756714,,
2026-02-06,2026-02-07T07:00:00Z,31,T2,0.19943417608737946,0.12972788512706757,4.496101379394531,,
2026-02-06,2026-02-07T08:00:00Z,32,T2,0.2582772970199585,0.19741304218769073,5.1298675537109375,,
2026-02-06,2026-02-07T09:00:00Z,33,T2,0.39560240507125854,0.187111496925354,5.000367164611816,,
2026-02-06,2026-02-07T10:00:00Z,34,T2,0.26753348112106323,0.10689258575439453,4.26694393157959,,
2026-02-06,2026-02-07T11:00:00Z,35,T2,0.21470612287521362,0.058039341121912,3.3639752864837646,,
2026-02-06,2026-02-07T12:00:00Z,36,T2,0.23975881934165955,0.020260049030184746,1.5195037126541138,,
2026-02-06,2026-02-07T13:00:00Z,37,T2,0.14986394345760345,0.11764389276504517,4.427701473236084,,
2026-02-06,2026-02-07T14:00:00Z,38,T2,0.3129790723323822,0.49032288789749146,7.0992817878723145,,
2026-02-06,2026-02-07T15:00:00Z,39,T2,0.4337363839149475,0.5195030570030212,7.220151901245117,,
2026-02-06,2026-02-07T16:00:00Z,40,T2,0.5108142495155334,0.563533365726471,7.496176719665527,,
2026-02-06,2026-02-07T17:00:00Z,41,T2,0.4548490345478058,0.7417514324188232,8.931568145751953,,
2026-02-06,2026-02-07T18:00:00Z,42,T2,0.6570037007331848,0.8572670817375183,9.505297660827637,,
2026-02-06,2026-02-07T19:00:00Z,43,T2,0.717175304889679,0.9039822220802307,10.342595100402832,,
2026-02-06,2026-02-07T20:00:00Z,44,T2,0.6535679697990417,0.8329449892044067,9.326415061950684,,
2026-02-06,2026-02-07T21:00:00Z,45,T2,0.7017052173614502,0.8732066750526428,9.70411205291748,,
2026-02-06,2026-02-07T22:00:00Z,46,T2,0.7472820281982422,0.8750694990158081,9.766204833984375,,
2026-02-06,2026-02-07T23:00:00Z,47,T2,0.6351150274276733,0.7780168652534485,9.0675630569458,,
2026-02-06,2026-02-08T00:00:00Z,48,T2,0.4838615655899048,0.5402650833129883,7.306660175323486,,
2026-02-07,2026-02-07T01:00:00Z,1,STATION,0.053228046745061874,0.037136875092983246,2.5581605434417725,,
2026-02-07,2026-02-07T02:00:00Z,2,STATION,0.09823885560035706,0.0,0.9131541848182678,,
2026-02-07,2026-02-07T03:00:00Z,3,STATION,0.01198180578649044,0.0,0.5913278460502625,,
2026-02-07,2026-02-07T04:00:00Z,4,STATION,0.0,0.0,1.340300440788269,,
2026-02-07,2026-02-07T05:00:00Z,5,STATION,0.07658614218235016,0.05786491930484772,3.235947608947754,,
2026-02-07,2026-02-07T06:00:00Z,6,STATION,0.18573810160160065,0.24759624898433685,5.575860977172852,,
2026-02-07,2026-02-07T07:00:00Z,7,STATION,0.3156260848045349,0.30341726541519165,6.131921291351318,,
2026-02-07,2026-02-07T08:00:00Z,8,STATION,0.3842184543609619,0.29632896184921265,6.063576698303223,,
2026-02-07,2026-02-07T09:00:00Z,9,STATION,0.4537813663482666,0.21183732151985168,5.180469036102295,,
2026-02-07,2026-02-07T10:00:00Z,10,STATION,0.30529898405075073,0.08610987663269043,3.668840169906616,,
2026-02-07,2026-02-07T11:00:00Z,11,STATION,0.11198016256093979,0.0328415222465992,2.3251891136169434,,
2026-02-07,2026-02-07T12:00:00Z,12,STATION,0.17779576778411865,0.0,0.609460711479187,,
2026-02-07,2026-02-07T13:00:00Z,13,STATION,0.2322249412536621,0.20093156397342682,5.106547832489014,,
2026-02-07,2026-02-07T14:00:00Z,14,STATION,0.4122348427772522,0.5825625658035278,7.587116241455078,,
2026-02-07,2026-02-07T15:00:00Z,15,STATION,0.40409913659095764,0.7443922162055969,8.94080924987793,,
2026-02-07,2026-02-07T16:00:00Z,16,STATION,0.5675453543663025,0.905379056930542,10.174819946289062,,
2026-02-07,2026-02-07T17:00:00Z,17,STATION,0.7602867484092712,0.905379056930542,10.579065322875977,,
2026-02-07,2026-02-07T18:00:00Z,18,STATION,0.7659668922424316,0.905379056930542,11.07992935180664,,
2026-02-07,2026-02-07T19:00:00Z,19,STATION,0.8584239482879639,0.9475268721580505,11.616769790649414,,
2026-02-07,2026-02-07T20:00:00Z,20,STATION,0.8259229063987732,0.9475268721580505,11.460803031921387,,
2026-02-07,2026-02-07T21:00:00Z,21,STATION,0.7369666695594788,0.905379056930542,10.620378494262695,,
2026-02-07,2026-02-07T22:00:00Z,22,STATION,0.7461363077163696,0.8788321614265442,9.580412864685059,,
2026-02-07,2026-02-07T23:00:00Z,23,STATION,0.6542642712593079,0.6906876564025879,8.414359092712402,,
2026-02-07,2026-02-08T00:00:00Z,24,STATION,0.6139951944351196,0.6814646124839783,7.989895820617676,,
2026-02-07,2026-02-08T01:00:00Z,25,STATION,0.3908296823501587,0.44848182797431946,6.895594120025635,,
2026-02-07,2026-02-08T02:00:00Z,26,STATION,0.3611621856689453,0.3754028081893921,6.324739456176758,,
2026-02-07,2026-02-08T03:00:00Z,27,STATION,0.23420172929763794,0.2845397889614105,5.902815341949463,,
2026-02-07,2026-02-08T04:00:00Z,28,STATION,0.24571149051189423,0.18399734795093536,4.907321453094482,,
2026-02-07,2026-02-08T05:00:00Z,29,STATION,0.17263220250606537,0.07282969355583191,3.4989564418792725,,
2026-02-07,2026-02-08T06:00:00Z,30,STATION,0.0992966815829277,0.02283501997590065,1.92525315284729,,
2026-02-07,2026-02-08T07:00:00Z,31,STATION,0.05444793775677681,0.0,0.9667125344276428,,
2026-02-07,2026-02-08T08:00:00Z,32,STATION,0.05819584056735039,0.021417753770947456,1.7126630544662476,,
2026-02-07,2026-02-08T09:00:00Z,33,STATION,0.17524847388267517,0.11128085851669312,4.169752597808838,,
2026-02-07,2026-02-08T10:00:00Z,34,STATION,0.4494149386882782,0.48438572883605957,7.039209365844727,,
2026-02-07,2026-02-08T11:00:00Z,35,STATION,0.7565698027610779,0.8733311295509338,9.54064655303955,,
2026-02-07,2026-02-08T12:00:00Z,36,STATION,0.9689517021179199,0.905379056930542,10.24415111541748,,
2026-02-07,2026-02-08T13:00:00Z,37,STATION,1.0,0.905379056930542,10.902852058410645,,
2026-02-07,2026-02-08T14:00:00Z,38,STATION,1.0,0.9475268721580505,11.59201431274414,,
2026-02-07,2026-02-08T15:00:00Z,39,STATION,1.0,0.9475268721580505,11.78867244720459,,
2026-02-07,2026-02-08T16:00:00Z,40,STATION,1.0,0.9475268721580505,11.722209930419922,,
2026-02-07,2026-02-08T17:00:00Z,41,STATION,1.0,0.9475268721580505,12.049613952636719,,
2026-02-07,2026-02-08T18:00:00Z,42,STATION,1.0,0.9717224836349487,12.43166446685791,,
2026-02-07,2026-02-08T19:00:00Z,43,STATION,1.0,0.9505021572113037,12.156105995178223,,
2026-02-07,2026-02-08T20:00:00Z,44,STATION,1.0,0.9475268721580505,12.061071395874023,,
2026-02-07,2026-02-08T21:00:00Z,45,STATION,1.0,0.9475268721580505,12.084698677062988,,
2026-02-07,2026-02-08T22:00:00Z,46,STATION,0.9944037199020386,0.9475268721580505,11.718573570251465,,
2026-02-07,2026-02-08T23:00:00Z,47,STATION,1.0,0.9475268721580505,11.996161460876465,,
2026-02-07,2026-02-09T00:00:00Z,48,STATION,0.9858798384666443,0.905379056930542,11.118879318237305,,
2026-02-07,2026-02-07T01:00:00Z,1,T1,0.06852889060974121,0.03910880908370018,2.5581605434417725,,
2026-02-07,2026-02-07T02:00:00Z,2,T1,0.09869255125522614,0.0,0.9131541848182678,,
2026-02-07,2026-02-07T03:00:00Z,3,T1,0.01670614443719387,0.0,0.5913278460502625,,
2026-02-07,2026-02-07T04:00:00Z,4,T1,0.0,0.0,1.340300440788269,,
2026-02-07,2026-02-07T05:00:00Z,5,T1,0.09910929203033447,0.06110456958413124,3.235947608947754,,
2026-02-07,2026-02-07T06:00:00Z,6,T1,0.21972332894802094,0.2541666626930237,5.575860977172852,,
2026-02-07,2026-02-07T07:00:00Z,7,T1,0.317759245634079,0.30758392810821533,6.131921291351318,,
2026-02-07,2026-02-07T08:00:00Z,8,T1,0.3575510084629059,0.30213358998298645,6.063576698303223,,
2026-02-07,2026-02-07T09:00:00Z,9,T1,0.4131527841091156,0.2185026854276657,5.180469036102295,,
2026-02-07,2026-02-07T10:00:00Z,10,T1,0.3079685866832733,0.09233814477920532,3.668840169906616,,
2026-02-07,2026-02-07T11:00:00Z,11,T1,0.10935128480195999,0.03434215486049652,2.3251891136169434,,
2026-02-07,2026-02-07T12:00:00Z,12,T1,0.19440823793411255,0.0,0.609460711479187,,
2026-02-07,2026-02-07T13:00:00Z,13,T1,0.26209235191345215,0.20661112666130066,5.106547832489014,,
2026-02-07,2026-02-07T14:00:00Z,14,T1,0.4056049585342407,0.5964385867118835,7.587116241455078,,
2026-02-07,2026-02-07T15:00:00Z,15,T1,0.3770778179168701,0.7445687055587769,8.94080924987793,,
2026-02-07,2026-02-07T16:00:00Z,16,T1,0.5834383368492126,0.9067758917808533,10.174819946289062,,
2026-02-07,2026-02-07T17:00:00Z,17,T1,0.7671385407447815,0.9067758917808533,10.579065322875977,,
2026-02-07,2026-02-07T18:00:00Z,18,T1,0.7527820467948914,0.9067758917808533,11.07992935180664,,
2026-02-07,2026-02-07T19:00:00Z,19,T1,0.8631798028945923,0.9563068747520447,11.616769790649414,,
2026-02-07,2026-02-07T20:00:00Z,20,T1,0.8215535283088684,0.9563068747520447,11.460803031921387,,
2026-02-07,2026-02-07T21:00:00Z,21,T1,0.7337802052497864,0.9067758917808533,10.620378494262695,,
2026-02-07,2026-02-07T22:00:00Z,22,T1,0.7314323782920837,0.8918841481208801,9.580412864685059,,
2026-02-07,2026-02-07T23:00:00Z,23,T1,0.6915802955627441,0.6912124156951904,8.414359092712402,,
2026-02-07,2026-02-08T00:00:00Z,24,T1,0.6739180684089661,0.6824326515197754,7.989895820617676,,
2026-02-07,2026-02-08T01:00:00Z,25,T1,0.41298168897628784,0.45688381791114807,6.895594120025635,,
2026-02-07,2026-02-08T02:00:00Z,26,T1,0.3492724895477295,0.37956947088241577,6.324739456176758,,
2026-02-07,2026-02-08T03:00:00Z,27,T1,0.23025068640708923,0.29463139176368713,5.902815341949463,,
2026-02-07,2026-02-08T04:00:00Z,28,T1,0.25985169410705566,0.18801669776439667,4.907321453094482,,
2026-02-07,2026-02-08T05:00:00Z,29,T1,0.1961880326271057,0.078235924243927,3.4989564418792725,,
2026-02-07,2026-02-08T06:00:00Z,30,T1,0.09229716658592224,0.023668354377150536,1.92525315284729,,
2026-02-07,2026-02-08T07:00:00Z,31,T1,0.038583848625421524,0.0,0.9667125344276428,,
2026-02-07,2026-02-08T08:00:00Z,32,T1,0.05948527157306671,0.021168839186429977,1.7126630544662476,,
2026-02-07,2026-02-08T09:00:00Z,33,T1,0.17592041194438934,0.11696501821279526,4.169752597808838,,
2026-02-07,2026-02-08T10:00:00Z,34,T1,0.417203813791275,0.49326643347740173,7.039209365844727,,
2026-02-07,2026-02-08T11:00:00Z,35,T1,0.7987956404685974,0.885388970375061,9.54064655303955,,
2026-02-07,2026-02-08T12:00:00Z,36,T1,0.9740883111953735,0.9067758917808533,10.24415111541748,,
2026-02-07,2026-02-08T13:00:00Z,37,T1,1.0,0.9067758917808533,10.902852058410645,,
2026-02-07,2026-02-08T14:00:00Z,38,T1,1.0,0.9563068747520447,11.59201431274414,,
2026-02-07,2026-02-08T15:00:00Z,39,T1,1.0,0.9563068747520447,11.78867244720459,,
2026-02-07,2026-02-08T16:00:00Z,40,T1,1.0,0.9563068747520447,11.722209930419922,,
2026-02-07,2026-02-08T17:00:00Z,41,T1,1.0,0.9563068747520447,12.049613952636719,,
2026-02-07,2026-02-08T18:00:00Z,42,T1,1.0,0.979544997215271,12.43166446685791,,
2026-02-07,2026-02-08T19:00:00Z,43,T1,1.0,0.9591982960700989,12.156105995178223,,
2026-02-07,2026-02-08T20:00:00Z,44,T1,1.0,0.9563068747520447,12.061071395874023,,
2026-02-07,2026-02-08T21:00:00Z,45,T1,1.0,0.9563068747520447,12.084698677062988,,
2026-02-07,2026-02-08T22:00:00Z,46,T1,1.0,0.9563068747520447,11.718573570251465,,
2026-02-07,2026-02-08T23:00:00Z,47,T1,1.0,0.9563068747520447,11.996161460876465,,
2026-02-07,2026-02-09T00:00:00Z,48,T1,1.0,0.9067758917808533,11.118879318237305,,
2026-02-07,2026-02-07T01:00:00Z,1,T2,0.03792719915509224,0.03516494110226631,2.5581605434417725,,
2026-02-07,2026-02-07T02:00:00Z,2,T2,0.09778515249490738,0.0,0.9131541848182678,,
2026-02-07,2026-02-07T03:00:00Z,3,T2,0.00725746713578701,0.0,0.5913278460502625,,
2026-02-07,2026-02-07T04:00:00Z,4,T2,0.0,0.0,1.340300440788269,,
2026-02-07,2026-02-07T05:00:00Z,5,T2,0.05406298488378525,0.054625269025564194,3.235947608947754,,
2026-02-07,2026-02-07T06:00:00Z,6,T2,0.15175287425518036,0.24102583527565002,5.575860977172852,,
2026-02-07,2026-02-07T07:00:00Z,7,T2,0.31349292397499084,0.29925060272216797,6.131921291351318,,
2026-02-07,2026-02-07T08:00:00Z,8,T2,0.41088590025901794,0.29052433371543884,6.063576698303223,,
2026-02-07,2026-02-07T09:00:00Z,9,T2,0.49440997838974,0.20517194271087646,5.180469036102295,,
2026-02-07,2026-02-07T10:00:00Z,10,T2,0.30262938141822815,0.07988161593675613,3.668840169906616,,
2026-02-07,2026-02-07T11:00:00Z,11,T2,0.11460904777050018,0.03134089335799217,2.3251891136169434,,
2026-02-07,2026-02-07T12:00:00Z,12,T2,0.16118328273296356,0.0,0.609460711479187,,
2026-02-07,2026-02-07T13:00:00Z,13,T2,0.20235754549503326,0.19525200128555298,5.106547832489014,,
2026-02-07,2026-02-07T14:00:00Z,14,T2,0.41886475682258606,0.5686866044998169,7.587116241455078,,
2026-02-07,2026-02-07T15:00:00Z,15,T2,0.43112045526504517,0.744215726852417,8.94080924987793,,
2026-02-07,2026-02-07T16:00:00Z,16,T2,0.5516523122787476,0.9039822220802307,10.174819946289062,,
2026-02-07,2026-02-07T17:00:00Z,17,T2,0.7534348964691162,0.9039822220802307,10.579065322875977,,
2026-02-07,2026-02-07T18:00:00Z,18,T2,0.7791517972946167,0.9039822220802307,11.07992935180664,,
2026-02-07,2026-02-07T19:00:00Z,19,T2,0.8536681532859802,0.9387468099594116,11.616769790649414,,
2026-02-07,2026-02-07T20:00:00Z,20,T2,0.8302922248840332,0.9387468099594116,11.460803031921387,,
2026-02-07,2026-02-07T21:00:00Z,21,T2,0.7401530742645264,0.9039822220802307,10.620378494262695,,
2026-02-07,2026-02-07T22:00:00Z,22,T2,0.7608402967453003,0.8657801747322083,9.580412864685059,,
2026-02-07,2026-02-07T23:00:00Z,23,T2,0.6169482469558716,0.6901628375053406,8.414359092712402,,
2026-02-07,2026-02-08T00:00:00Z,24,T2,0.5540723204612732,0.6804965138435364,7.989895820617676,,
2026-02-07,2026-02-08T01:00:00Z,25,T2,0.36867767572402954,0.44007986783981323,6.895594120025635,,
2026-02-07,2026-02-08T02:00:00Z,26,T2,0.37305188179016113,0.3712361454963684,6.324739456176758,,
2026-02-07,2026-02-08T03:00:00Z,27,T2,0.23815275728702545,0.2744482159614563,5.902815341949463,,
2026-02-07,2026-02-08T04:00:00Z,28,T2,0.2315712869167328,0.17997799813747406,4.907321453094482,,
2026-02-07,2026-02-08T05:00:00Z,29,T2,0.14907635748386383,0.06742346286773682,3.4989564418792725,,
2026-02-07,2026-02-08T06:00:00Z,30,T2,0.10629619657993317,0.022001687437295914,1.92525315284729,,
2026-02-07,2026-02-08T07:00:00Z,31,T2,0.0703120306134224,0.0,0.9667125344276428,,
2026-02-07,2026-02-08T08:00:00Z,32,T2,0.05690641328692436,0.021666666492819786,1.7126630544662476,,
2026-02-07,2026-02-08T09:00:00Z,33,T2,0.1745765507221222,0.10559670627117157,4.169752597808838,,
2026-02-07,2026-02-08T10:00:00Z,34,T2,0.481626033782959,0.4755050241947174,7.039209365844727,,
2026-02-07,2026-02-08T11:00:00Z,35,T2,0.7143439650535583,0.8612732887268066,9.54064655303955,,
2026-02-07,2026-02-08T12:00:00Z,36,T2,0.9638150930404663,0.9039822220802307,10.24415111541748,,
2026-02-07,2026-02-08T13:00:00Z,37,T2,1.0,0.9039822220802307,10.902852058410645,,
2026-02-07,2026-02-08T14:00:00Z,38,T2,1.0,0.9387468099594116,11.59201431274414,,
2026-02-07,2026-02-08T15:00:00Z,39,T2,1.0,0.9387468099594116,11.78867244720459,,
2026-02-07,2026-02-08T16:00:00Z,40,T2,1.0,0.9387468099594116,11.722209930419922,,
2026-02-07,2026-02-08T17:00:00Z,41,T2,1.0,0.9387468099594116,12.049613952636719,,
2026-02-07,2026-02-08T18:00:00Z,42,T2,1.0,0.9638999700546265,12.43166446685791,,
2026-02-07,2026-02-08T19:00:00Z,43,T2,1.0,0.9418060183525085,12.156105995178223,,
2026-02-07,2026-02-08T20:00:00Z,44,T2,1.0,0.9387468099594116,12.061071395874023,,
2026-02-07,2026-02-08T21:00:00Z,45,T2,1.0,0.9387468099594116,12.084698677062988,,
2026-02-07,2026-02-08T22:00:00Z,46,T2,0.9888074994087219,0.9387468099594116,11.718573570251465,,
2026-02-07,2026-02-08T23:00:00Z,47,T2,1.0,0.9387468099594116,11.996161460876465,,
2026-02-07,2026-02-09T00:00:00Z,48,T2,0.9717596769332886,0.9039822220802307,11.118879318237305,,
2026-02-08,2026-02-08T01:00:00Z,1,STATION,0.42957091331481934,0.590913712978363,7.636478424072266,,
2026-02-08,2026-02-08T02:00:00Z,2,STATION,0.402763307094574,0.43416422605514526,6.7554030418396,,
2026-02-08,2026-02-08T03:00:00Z,3,STATION,0.22493574023246765,0.19425788521766663,5.028034210205078,,
2026-02-08,2026-02-08T04:00:00Z,4,STATION,0.13143129646778107,0.06706760078668594,3.4298112392425537,,
2026-02-08,2026-02-08T05:00:00Z,5,STATION,0.07299168407917023,0.037352971732616425,2.576683282852173,,
2026-02-08,2026-02-08T06:00:00Z,6,STATION,0.022647039964795113,0.025932427495718002,2.165748357772827,,
2026-02-08,2026-02-08T07:00:00Z,7,STATION,0.05734037235379219,0.0,1.1464585065841675,,
2026-02-08,2026-02-08T08:00:00Z,8,STATION,0.06314190477132797,0.0,0.7070926427841187,,
2026-02-08,2026-02-08T09:00:00Z,9,STATION,0.13945971429347992,0.05142134800553322,2.9191012382507324,,
2026-02-08,2026-02-08T10:00:00Z,10,STATION,0.40224307775497437,0.28300827741622925,5.881930828094482,,
2026-02-08,2026-02-08T11:00:00Z,11,STATION,0.7465256452560425,0.7043096423149109,8.524807929992676,,
2026-02-08,2026-02-08T12:00:00Z,12,STATION,0.9608083367347717,0.905379056930542,10.69122314453125,,
2026-02-08,2026-02-08T13:00:00Z,13,STATION,1.0,0.905379056930542,10.859314918518066,,
2026-02-08,2026-02-08T14:00:00Z,14,STATION,1.0,0.9475268721580505,11.459712028503418,,
2026-02-08,2026-02-08T15:00:00Z,15,STATION,0.9986612796783447,0.9475268721580505,11.793801307678223,,
2026-02-08,2026-02-08T16:00:00Z,16,STATION,1.0,0.9475268721580505,11.990941047668457,,
2026-02-08,2026-02-08T17:00:00Z,17,STATION,1.0,0.9715571999549866,12.398602485656738,,
2026-02-08,2026-02-08T18:00:00Z,18,STATION,1.0,0.9607932567596436,12.26369857788086,,
2026-02-08,2026-02-08T19:00:00Z,19,STATION,0.9985687732696533,0.9475268721580505,11.858717918395996,,
2026-02-08,2026-02-08T20:00:00Z,20,STATION,0.995913565158844,0.9475268721580505,12.072592735290527,,
2026-02-08,2026-02-08T21:00:00Z,21,STATION,1.0,0.9475268721580505,11.899917602539062,,
2026-02-08,2026-02-08T22:00:00Z,22,STATION,0.9981940388679504,0.9538050889968872,12.190638542175293,,
2026-02-08,2026-02-08T23:00:00Z,23,STATION,0.9807910919189453,0.9475268721580505,11.596952438354492,,
2026-02-08,2026-02-09T00:00:00Z,24,STATION,0.9909351468086243,0.905379056930542,10.598742485046387,,
2026-02-08,2026-02-09T01:00:00Z,25,STATION,0.9521160125732422,0.905379056930542,10.760316848754883,,
2026-02-08,2026-02-09T02:00:00Z,26,STATION,0.9516903758049011,0.905379056930542,10.30787467956543,,
2026-02-08,2026-02-09T03:00:00Z,27,STATION,0.9042991399765015,0.8983978033065796,9.988906860351562,,
2026-02-08,2026-02-09T04:00:00Z,28,STATION,0.9007062315940857,0.9005361199378967,10.030591011047363,,
2026-02-08,2026-02-09T05:00:00Z,29,STATION,0.8015398383140564,0.7717537879943848,9.026313781738281,,
2026-02-08,2026-02-09T06:00:00Z,30,STATION,0.8698023557662964,0.8446002006530762,9.3441162109375,,
2026-02-08,2026-02-09T07:00:00Z,31,STATION,0.8744083046913147,0.8693013787269592,9.511515617370605,,
2026-02-08,2026-02-09T08:00:00Z,32,STATION,0.8945174217224121,0.7921040058135986,9.089908599853516,,
2026-02-08,2026-02-09T09:00:00Z,33,STATION,0.9440765380859375,0.8739801645278931,9.54533863067627,,
2026-02-08,2026-02-09T10:00:00Z,34,STATION,0.9803711771965027,0.891162097454071,9.828917503356934,,
2026-02-08,2026-02-09T11:00:00Z,35,STATION,0.9480608105659485,0.8820193409919739,9.603452682495117,,
2026-02-08,2026-02-09T12:00:00Z,36,STATION,0.9915357828140259,0.8925257325172424,9.874043464660645,,
2026-02-08,2026-02-09T13:00:00Z,37,STATION,0.9422050714492798,0.7360949516296387,8.91487979888916,,
2026-02-08,2026-02-09T14:00:00Z,38,STATION,0.8739073872566223,0.6839703917503357,8.115185737609863,,
2026-02-08,2026-02-09T15:00:00Z,39,STATION,0.7160775661468506,0.40363654494285583,6.453915596008301,,
2026-02-08,2026-02-09T16:00:00Z,40,STATION,0.5750955939292908,0.06459199637174606,3.40010404586792,,
2026-02-08,2026-02-09T17:00:00Z,41,STATION,0.30737733840942383,0.0,1.262640118598938,,
2026-02-08,2026-02-09T18:00:00Z,42,STATION,0.27347633242607117,0.0,1.162406325340271,,
2026-02-08,2026-02-09T19:00:00Z,43,STATION,0.19617436826229095,0.056238483637571335,3.187154531478882,,
2026-02-08,2026-02-09T20:00:00Z,44,STATION,0.1701149046421051,0.08999507874250412,3.7301855087280273,,
2026-02-08,2026-02-09T21:00:00Z,45,STATION,0.25017082691192627,0.09624864161014557,3.828925848007202,,
2026-02-08,2026-02-09T22:00:00Z,46,STATION,0.24348193407058716,0.11140860617160797,4.182527542114258,,
2026-02-08,2026-02-09T23:00:00Z,47,STATION,0.2366071492433548,0.16194374859333038,4.688165187835693,,
2026-02-08,2026-02-10T00:00:00Z,48,STATION,0.3454204201698303,0.1501522809267044,4.593726634979248,,
2026-02-08,2026-02-08T01:00:00Z,1,T1,0.42858535051345825,0.6061348915100098,7.636478424072266,,
2026-02-08,2026-02-08T02:00:00Z,2,T1,0.43905630707740784,0.4428962171077728,6.7554030418396,,
2026-02-08,2026-02-08T03:00:00Z,3,T1,0.2452625185251236,0.199283167719841,5.028034210205078,,
2026-02-08,2026-02-08T04:00:00Z,4,T1,0.1429080367088318,0.07178237289190292,3.4298112392425537,,
2026-02-08,2026-02-08T05:00:00Z,5,T1,0.07267100363969803,0.03935577720403671,2.576683282852173,,
2026-02-08,2026-02-08T06:00:00Z,6,T1,0.018729927018284798,0.026901589706540108,2.165748357772827,,
2026-02-08,2026-02-08T07:00:00Z,7,T1,0.04975647106766701,0.0,1.1464585065841675,,
2026-02-08,2026-02-08T08:00:00Z,8,T1,0.054099809378385544,0.0,0.7070926427841187,,
2026-02-08,2026-02-08T09:00:00Z,9,T1,0.1612597107887268,0.052548691630363464,2.9191012382507324,,
2026-02-08,2026-02-08T10:00:00Z,10,T1,0.37910956144332886,0.29365676641464233,5.881930828094482,,
2026-02-08,2026-02-08T11:00:00Z,11,T1,0.7504976391792297,0.706307053565979,8.524807929992676,,
2026-02-08,2026-02-08T12:00:00Z,12,T1,1.0,0.9067758917808533,10.69122314453125,,
2026-02-08,2026-02-08T13:00:00Z,13,T1,1.0,0.9067758917808533,10.859314918518066,,
2026-02-08,2026-02-08T14:00:00Z,14,T1,1.0,0.9563068747520447,11.459712028503418,,
2026-02-08,2026-02-08T15:00:00Z,15,T1,1.0,0.9563068747520447,11.793801307678223,,
2026-02-08,2026-02-08T16:00:00Z,16,T1,1.0,0.9563068747520447,11.990941047668457,,
2026-02-08,2026-02-08T17:00:00Z,17,T1,1.0,0.979544997215271,12.398602485656738,,
2026-02-08,2026-02-08T18:00:00Z,18,T1,1.0,0.9691992402076721,12.26369857788086,,
2026-02-08,2026-02-08T19:00:00Z,19,T1,1.0,0.9563068747520447,11.858717918395996,,
2026-02-08,2026-02-08T20:00:00Z,20,T1,1.0,0.9563068747520447,12.072592735290527,,
2026-02-08,2026-02-08T21:00:00Z,21,T1,1.0,0.9563068747520447,11.899917602539062,,
2026-02-08,2026-02-08T22:00:00Z,22,T1,1.0,0.9624081254005432,12.190638542175293,,
2026-02-08,2026-02-08T23:00:00Z,23,T1,1.0,0.9563068747520447,11.596952438354492,,
2026-02-08,2026-02-09T00:00:00Z,24,T1,1.0,0.9067758917808533,10.598742485046387,,
2026-02-08,2026-02-09T01:00:00Z,25,T1,0.9688279032707214,0.9067758917808533,10.760316848754883,,
2026-02-08,2026-02-09T02:00:00Z,26,T1,0.9732438921928406,0.9067758917808533,10.30787467956543,,
2026-02-08,2026-02-09T03:00:00Z,27,T1,0.9146385192871094,0.9067758917808533,9.988906860351562,,
2026-02-08,2026-02-09T04:00:00Z,28,T1,0.9657900929450989,0.9067758917808533,10.030591011047363,,
2026-02-08,2026-02-09T05:00:00Z,29,T1,0.8251007795333862,0.7764905691146851,9.026313781738281,,
2026-02-08,2026-02-09T06:00:00Z,30,T1,0.8893066644668579,0.8527742624282837,9.3441162109375,,
2026-02-08,2026-02-09T07:00:00Z,31,T1,0.8968287706375122,0.8806309103965759,9.511515617370605,,
2026-02-08,2026-02-09T08:00:00Z,32,T1,0.920323371887207,0.8002324104309082,9.089908599853516,,
2026-02-08,2026-02-09T09:00:00Z,33,T1,0.9636615514755249,0.8861553072929382,9.54533863067627,,
2026-02-08,2026-02-09T10:00:00Z,34,T1,1.0,0.9053733348846436,9.828917503356934,,
2026-02-08,2026-02-09T11:00:00Z,35,T1,0.9817222356796265,0.8956473469734192,9.603452682495117,,
2026-02-08,2026-02-09T12:00:00Z,36,T1,0.9931455850601196,0.9067468047142029,9.874043464660645,,
2026-02-08,2026-02-09T13:00:00Z,37,T1,0.9702657461166382,0.7348885536193848,8.91487979888916,,
2026-02-08,2026-02-09T14:00:00Z,38,T1,0.9268267154693604,0.6832678914070129,8.115185737609863,,
2026-02-08,2026-02-09T15:00:00Z,39,T1,0.7929250597953796,0.4093815088272095,6.453915596008301,,
2026-02-08,2026-02-09T16:00:00Z,40,T1,0.5251025557518005,0.0690097063779831,3.40010404586792,,
2026-02-08,2026-02-09T17:00:00Z,41,T1,0.33795639872550964,0.0,1.262640118598938,,
2026-02-08,2026-02-09T18:00:00Z,42,T1,0.3231145143508911,0.0,1.162406325340271,,
2026-02-08,2026-02-09T19:00:00Z,43,T1,0.1732153594493866,0.05915284529328346,3.187154531478882,,
2026-02-08,2026-02-09T20:00:00Z,44,T1,0.1646168977022171,0.0956098884344101,3.7301855087280273,,
2026-02-08,2026-02-09T21:00:00Z,45,T1,0.25342267751693726,0.10087604820728302,3.828925848007202,,
2026-02-08,2026-02-09T22:00:00Z,46,T1,0.2756001353263855,0.1170501857995987,4.182527542114258,,
2026-02-08,2026-02-09T23:00:00Z,47,T1,0.2875511050224304,0.16507096588611603,4.688165187835693,,
2026-02-08,2026-02-10T00:00:00Z,48,T1,0.37897804379463196,0.15332956612110138,4.593726634979248,,
2026-02-08,2026-02-08T01:00:00Z,1,T2,0.43055644631385803,0.5756925940513611,7.636478424072266,,
2026-02-08,2026-02-08T02:00:00Z,2,T2,0.3664703071117401,0.4254322350025177,6.7554030418396,,
2026-02-08,2026-02-08T03:00:00Z,3,T2,0.2046089470386505,0.18923260271549225,5.028034210205078,,
2026-02-08,2026-02-08T04:00:00Z,4,T2,0.11995455622673035,0.06235282123088837,3.4298112392425537,,
2026-02-08,2026-02-08T05:00:00Z,5,T2,0.07331236451864243,0.035350166261196136,2.576683282852173,,
2026-02-08,2026-02-08T06:00:00Z,6,T2,0.026564152911305428,0.024963267147541046,2.165748357772827,,
2026-02-08,2026-02-08T07:00:00Z,7,T2,0.06492427736520767,0.0,1.1464585065841675,,
2026-02-08,2026-02-08T08:00:00Z,8,T2,0.0721840038895607,0.0,0.7070926427841187,,
2026-02-08,2026-02-08T09:00:00Z,9,T2,0.11765971779823303,0.05029400810599327,2.9191012382507324,,
2026-02-08,2026-02-08T10:00:00Z,10,T2,0.42537662386894226,0.2723597586154938,5.881930828094482,,
2026-02-08,2026-02-08T11:00:00Z,11,T2,0.7425536513328552,0.702312171459198,8.524807929992676,,
2026-02-08,2026-02-08T12:00:00Z,12,T2,0.9216167330741882,0.9039822220802307,10.69122314453125,,
2026-02-08,2026-02-08T13:00:00Z,13,T2,1.0,0.9039822220802307,10.859314918518066,,
2026-02-08,2026-02-08T14:00:00Z,14,T2,1.0,0.9387468099594116,11.459712028503418,,
2026-02-08,2026-02-08T15:00:00Z,15,T2,0.9973225593566895,0.9387468099594116,11.793801307678223,,
2026-02-08,2026-02-08T16:00:00Z,16,T2,1.0,0.9387468099594116,11.990941047668457,,
2026-02-08,2026-02-08T17:00:00Z,17,T2,1.0,0.9635693430900574,12.398602485656738,,
2026-02-08,2026-02-08T18:00:00Z,18,T2,1.0,0.952387273311615,12.26369857788086,,
2026-02-08,2026-02-08T19:00:00Z,19,T2,0.9971375465393066,0.9387468099594116,11.858717918395996,,
2026-02-08,2026-02-08T20:00:00Z,20,T2,0.991827130317688,0.9387468099594116,12.072592735290527,,
2026-02-08,2026-02-08T21:00:00Z,21,T2,1.0,0.9387468099594116,11.899917602539062,,
2026-02-08,2026-02-08T22:00:00Z,22,T2,0.9963880181312561,0.9452020525932312,12.190638542175293,,
2026-02-08,2026-02-08T23:00:00Z,23,T2,0.9615821838378906,0.9387468099594116,11.596952438354492,,
2026-02-08,2026-02-09T00:00:00Z,24,T2,0.9818703532218933,0.9039822220802307,10.598742485046387,,
2026-02-08,2026-02-09T01:00:00Z,25,T2,0.9354040622711182,0.9039822220802307,10.760316848754883,,
2026-02-08,2026-02-09T02:00:00Z,26,T2,0.9301368594169617,0.9039822220802307,10.30787467956543,,
2026-02-08,2026-02-09T03:00:00Z,27,T2,0.8939597606658936,0.8900197148323059,9.988906860351562,,
2026-02-08,2026-02-09T04:00:00Z,28,T2,0.8356223702430725,0.8942962884902954,10.030591011047363,,
2026-02-08,2026-02-09T05:00:00Z,29,T2,0.7779789566993713,0.7670170664787292,9.026313781738281,,
2026-02-08,2026-02-09T06:00:00Z,30,T2,0.8502980470657349,0.8364261984825134,9.3441162109375,,
2026-02-08,2026-02-09T07:00:00Z,31,T2,0.8519878387451172,0.8579717874526978,9.511515617370605,,
2026-02-08,2026-02-09T08:00:00Z,32,T2,0.868711531162262,0.7839755415916443,9.089908599853516,,
2026-02-08,2026-02-09T09:00:00Z,33,T2,0.9244915843009949,0.8618050813674927,9.54533863067627,,
2026-02-08,2026-02-09T10:00:00Z,34,T2,0.9607424139976501,0.8769508600234985,9.828917503356934,,
2026-02-08,2026-02-09T11:00:00Z,35,T2,0.9143994450569153,0.8683913350105286,9.603452682495117,,
2026-02-08,2026-02-09T12:00:00Z,36,T2,0.9899259805679321,0.8783046007156372,9.874043464660645,,
2026-02-08,2026-02-09T13:00:00Z,37,T2,0.9141443371772766,0.7373013496398926,8.91487979888916,,
2026-02-08,2026-02-09T14:00:00Z,38,T2,0.8209880590438843,0.6846728324890137,8.115185737609863,,
2026-02-08,2026-02-09T15:00:00Z,39,T2,0.6392301321029663,0.3978915512561798,6.453915596008301,,
2026-02-08,2026-02-09T16:00:00Z,40,T2,0.6250886917114258,0.06017429009079933,3.40010404586792,,
2026-02-08,2026-02-09T17:00:00Z,41,T2,0.276798278093338,0.0,1.262640118598938,,
2026-02-08,2026-02-09T18:00:00Z,42,T2,0.22383815050125122,0.0,1.162406325340271,,
2026-02-08,2026-02-09T19:00:00Z,43,T2,0.2191333770751953,0.05332411825656891,3.187154531478882,,
2026-02-08,2026-02-09T20:00:00Z,44,T2,0.1756128966808319,0.08438026160001755,3.7301855087280273,,
2026-02-08,2026-02-09T21:00:00Z,45,T2,0.2469189614057541,0.09162123501300812,3.828925848007202,,
2026-02-08,2026-02-09T22:00:00Z,46,T2,0.21136374771595,0.10576703399419785,4.182527542114258,,
2026-02-08,2026-02-09T23:00:00Z,47,T2,0.18566319346427917,0.15881653130054474,4.688165187835693,,
2026-02-08,2026-02-10T00:00:00Z,48,T2,0.3118627667427063,0.14697501063346863,4.593726634979248,,
2026-02-09,2026-02-09T01:00:00Z,1,STATION,0.9371722936630249,0.8947416543960571,9.917633056640625,,
2026-02-09,2026-02-09T02:00:00Z,2,STATION,0.8941170573234558,0.8918144106864929,9.850504875183105,,
2026-02-09,2026-02-09T03:00:00Z,3,STATION,0.9241511225700378,0.882837176322937,9.609365463256836,,
2026-02-09,2026-02-09T04:00:00Z,4,STATION,0.8558430075645447,0.8229815363883972,9.229327201843262,,
2026-02-09,2026-02-09T05:00:00Z,5,STATION,0.8754028081893921,0.8652564883232117,9.48227596282959,,
2026-02-09,2026-02-09T06:00:00Z,6,STATION,0.9257169961929321,0.89017254114151,9.796171188354492,,
2026-02-09,2026-02-09T07:00:00Z,7,STATION,0.9250606298446655,0.8972471952438354,9.966477394104004,,
2026-02-09,2026-02-09T08:00:00Z,8,STATION,0.9295010566711426,0.8619942665100098,9.458693504333496,,
2026-02-09,2026-02-09T09:00:00Z,9,STATION,0.9800390601158142,0.8912505507469177,9.831846237182617,,
2026-02-09,2026-02-09T10:00:00Z,10,STATION,0.9593610167503357,0.7781322598457336,9.046246528625488,,
2026-02-09,2026-02-09T11:00:00Z,11,STATION,0.8473348617553711,0.8168320655822754,9.196674346923828,,
2026-02-09,2026-02-09T12:00:00Z,12,STATION,0.9158088564872742,0.671820878982544,7.855146408081055,,
2026-02-09,2026-02-09T13:00:00Z,13,STATION,0.9033207297325134,0.4321489930152893,6.729117393493652,,
2026-02-09,2026-02-09T14:00:00Z,14,STATION,0.658130407333374,0.23846834897994995,5.3386735916137695,,
2026-02-09,2026-02-09T15:00:00Z,15,STATION,0.5259264707565308,0.09308455884456635,3.7789666652679443,,
2026-02-09,2026-02-09T16:00:00Z,16,STATION,0.3703569173812866,0.035474371165037155,2.4156603813171387,,
2026-02-09,2026-02-09T17:00:00Z,17,STATION,0.31199195981025696,0.022256916388869286,1.838537573814392,,
2026-02-09,2026-02-09T18:00:00Z,18,STATION,0.26799139380455017,0.026334309950470924,2.175022602081299,,
2026-02-09,2026-02-09T19:00:00Z,19,STATION,0.1374312937259674,0.05316975340247154,3.050231456756592,,
2026-02-09,2026-02-09T20:00:00Z,20,STATION,0.23827050626277924,0.03521714359521866,2.3936121463775635,,
2026-02-09,2026-02-09T21:00:00Z,21,STATION,0.14584876596927643,0.026697639375925064,2.1834070682525635,,
2026-02-09,2026-02-09T22:00:00Z,22,STATION,0.11748528480529785,0.02539793774485588,2.153414011001587,,
2026-02-09,2026-02-09T23:00:00Z,23,STATION,0.09155575931072235,0.052683811634778976,3.0137858390808105,,
2026-02-09,2026-02-10T00:00:00Z,24,STATION,0.13294747471809387,0.0,1.2674075365066528,,
2026-02-09,2026-02-10T01:00:00Z,25,STATION,0.5051226615905762,0.26525193452835083,5.7487945556640625,,
2026-02-09,2026-02-10T02:00:00Z,26,STATION,0.20718714594841003,0.06330830603837967,3.384699583053589,,
2026-02-09,2026-02-10T03:00:00Z,27,STATION,0.17574289441108704,0.2459324598312378,5.464941501617432,,
2026-02-09,2026-02-10T04:00:00Z,28,STATION,0.19360584020614624,0.05406593158841133,3.1174447536468506,,
2026-02-09,2026-02-10T05:00:00Z,29,STATION,0.11624735593795776,0.19191597402095795,5.000482082366943,,
2026-02-09,2026-02-10T06:00:00Z,30,STATION,0.14340350031852722,0.05254651606082916,3.003488540649414,,
2026-02-09,2026-02-10T07:00:00Z,31,STATION,0.15124554932117462,0.18644514679908752,4.936119556427002,,
2026-02-09,2026-02-10T08:00:00Z,32,STATION,0.3288218379020691,0.5381601452827454,7.275357246398926,,
2026-02-09,2026-02-10T09:00:00Z,33,STATION,0.4494709074497223,0.1776072382926941,4.839747428894043,,
2026-02-09,2026-02-10T10:00:00Z,34,STATION,0.31299498677253723,0.1859169900417328,4.929905891418457,,
2026-02-09,2026-02-10T11:00:00Z,35,STATION,0.3619459569454193,0.24781489372253418,5.590437412261963,,
2026-02-09,2026-02-10T12:00:00Z,36,STATION,0.3478996157646179,0.10320241004228592,3.961480140686035,,
2026-02-09,2026-02-10T13:00:00Z,37,STATION,0.26231688261032104,0.11287108063697815,4.328774929046631,,
2026-02-09,2026-02-10T14:00:00Z,38,STATION,0.774612307548523,0.049247127026319504,2.84429931640625,,
2026-02-09,2026-02-10T15:00:00Z,39,STATION,0.5261456370353699,0.6063225865364075,7.678123950958252,,
2026-02-09,2026-02-10T16:00:00Z,40,STATION,0.7021704912185669,0.6718752980232239,7.8552937507629395,,
2026-02-09,2026-02-10T17:00:00Z,41,STATION,0.5096349120140076,0.7197394967079163,8.740230560302734,,
2026-02-09,2026-02-10T18:00:00Z,42,STATION,0.600734531879425,0.9475268721580505,12.109763145446777,,
2026-02-09,2026-02-10T19:00:00Z,43,STATION,0.866653323173523,0.905379056930542,10.913853645324707,,
2026-02-09,2026-02-10T20:00:00Z,44,STATION,0.8785464763641357,0.7798452973365784,9.051599502563477,,
2026-02-09,2026-02-10T21:00:00Z,45,STATION,0.8854662179946899,0.6823058724403381,8.031959533691406,,
2026-02-09,2026-02-10T22:00:00Z,46,STATION,0.7499134540557861,0.4111780822277069,6.516761779785156,,
2026-02-09,2026-02-10T23:00:00Z,47,STATION,0.5538553595542908,0.05452778935432434,3.135833740234375,,
2026-02-09,2026-02-11T00:00:00Z,48,STATION,0.15922150015830994,0.09226102381944656,3.765963554382324,,
2026-02-09,2026-02-09T01:00:00Z,1,T1,0.9644644260406494,0.9067758917808533,9.917633056640625,,
2026-02-09,2026-02-09T02:00:00Z,2,T1,0.9666221737861633,0.9060303568840027,9.850504875183105,,
2026-02-09,2026-02-09T03:00:00Z,3,T1,0.9496356844902039,0.8966129422187805,9.609365463256836,,
2026-02-09,2026-02-09T04:00:00Z,4,T1,0.9058676958084106,0.8321121335029602,9.229327201843262,,
2026-02-09,2026-02-09T05:00:00Z,5,T1,0.8827787041664124,0.8758550882339478,9.48227596282959,,
2026-02-09,2026-02-09T06:00:00Z,6,T1,0.9621419310569763,0.9043766260147095,9.796171188354492,,
2026-02-09,2026-02-09T07:00:00Z,7,T1,0.9592713713645935,0.9067758917808533,9.966477394104004,,
2026-02-09,2026-02-09T08:00:00Z,8,T1,0.9649304747581482,0.8720032572746277,9.458693504333496,,
2026-02-09,2026-02-09T09:00:00Z,9,T1,0.997604489326477,0.9054624438285828,9.831846237182617,,
2026-02-09,2026-02-09T10:00:00Z,10,T1,0.9793872833251953,0.783932089805603,9.046246528625488,,
2026-02-09,2026-02-09T11:00:00Z,11,T1,0.8440333008766174,0.8262348175048828,9.196674346923828,,
2026-02-09,2026-02-09T12:00:00Z,12,T1,0.9177004098892212,0.675379753112793,7.855146408081055,,
2026-02-09,2026-02-09T13:00:00Z,13,T1,0.9359384775161743,0.4409686028957367,6.729117393493652,,
2026-02-09,2026-02-09T14:00:00Z,14,T1,0.6909197568893433,0.247506782412529,5.3386735916137695,,
2026-02-09,2026-02-09T15:00:00Z,15,T1,0.5361431241035461,0.09821155667304993,3.7789666652679443,,
2026-02-09,2026-02-09T16:00:00Z,16,T1,0.40263885259628296,0.03720880672335625,2.4156603813171387,,
2026-02-09,2026-02-09T17:00:00Z,17,T1,0.33488377928733826,0.022847168147563934,1.838537573814392,,
2026-02-09,2026-02-09T18:00:00Z,18,T1,0.30684715509414673,0.027334384620189667,2.175022602081299,,
2026-02-09,2026-02-09T19:00:00Z,19,T1,0.1252833604812622,0.05517129600048065,3.050231456756592,,
2026-02-09,2026-02-09T20:00:00Z,20,T1,0.22857452929019928,0.03691482916474342,2.3936121463775635,,
2026-02-09,2026-02-09T21:00:00Z,21,T1,0.11630155146121979,0.027725661173462868,2.1834070682525635,,
2026-02-09,2026-02-09T22:00:00Z,22,T1,0.11024104803800583,0.02632598578929901,2.153414011001587,,
2026-02-09,2026-02-09T23:00:00Z,23,T1,0.09357185661792755,0.0544423833489418,3.0137858390808105,,
2026-02-09,2026-02-10T00:00:00Z,24,T1,0.13725291192531586,0.0,1.2674075365066528,,
2026-02-09,2026-02-10T01:00:00Z,25,T1,0.5220940709114075,0.27356114983558655,5.7487945556640625,,
2026-02-09,2026-02-10T02:00:00Z,26,T1,0.2075115591287613,0.0675719678401947,3.384699583053589,,
2026-02-09,2026-02-10T03:00:00Z,27,T1,0.19075307250022888,0.2541666626930237,5.464941501617432,,
2026-02-09,2026-02-10T04:00:00Z,28,T1,0.22089651226997375,0.056515563279390335,3.1174447536468506,,
2026-02-09,2026-02-10T05:00:00Z,29,T1,0.10666785389184952,0.19671165943145752,5.000482082366943,,
2026-02-09,2026-02-10T06:00:00Z,30,T1,0.15065042674541473,0.05423643812537193,3.003488540649414,,
2026-02-09,2026-02-10T07:00:00Z,31,T1,0.16033777594566345,0.19070447981357574,4.936119556427002,,
2026-02-09,2026-02-10T08:00:00Z,32,T1,0.31454017758369446,0.5435678362846375,7.275357246398926,,
2026-02-09,2026-02-10T09:00:00Z,33,T1,0.42990875244140625,0.18123972415924072,4.839747428894043,,
2026-02-09,2026-02-10T10:00:00Z,34,T1,0.33345529437065125,0.1901245266199112,4.929905891418457,,
2026-02-09,2026-02-10T11:00:00Z,35,T1,0.3839758038520813,0.2541666626930237,5.590437412261963,,
2026-02-09,2026-02-10T12:00:00Z,36,T1,0.349025160074234,0.10794561356306076,3.961480140686035,,
2026-02-09,2026-02-10T13:00:00Z,37,T1,0.3147353231906891,0.11802516877651215,4.328774929046631,,
2026-02-09,2026-02-10T14:00:00Z,38,T1,0.8207706809043884,0.05023396387696266,2.84429931640625,,
2026-02-09,2026-02-10T15:00:00Z,39,T1,0.5503568649291992,0.619322657585144,7.678123950958252,,
2026-02-09,2026-02-10T16:00:00Z,40,T1,0.7750290632247925,0.6754263043403625,7.8552937507629395,,
2026-02-09,2026-02-10T17:00:00Z,41,T1,0.6655595898628235,0.7200000286102295,8.740230560302734,,
2026-02-09,2026-02-10T18:00:00Z,42,T1,0.751434862613678,0.9563068747520447,12.109763145446777,,
2026-02-09,2026-02-10T19:00:00Z,43,T1,0.9500128626823425,0.9067758917808533,10.913853645324707,,
2026-02-09,2026-02-10T20:00:00Z,44,T1,0.8698635101318359,0.7859305739402771,9.051599502563477,,
2026-02-09,2026-02-10T21:00:00Z,45,T1,0.8824038505554199,0.6827130317687988,8.031959533691406,,
2026-02-09,2026-02-10T22:00:00Z,46,T1,0.7667272090911865,0.418179988861084,6.516761779785156,,
2026-02-09,2026-02-10T23:00:00Z,47,T1,0.5740782022476196,0.05710001289844513,3.135833740234375,,
2026-02-09,2026-02-11T00:00:00Z,48,T1,0.18337415158748627,0.09751805663108826,3.765963554382324,,
2026-02-09,2026-02-09T01:00:00Z,1,T2,0.9098801612854004,0.8827073574066162,9.917633056640625,,
2026-02-09,2026-02-09T02:00:00Z,2,T2,0.8216119408607483,0.8775984644889832,9.850504875183105,,
2026-02-09,2026-02-09T03:00:00Z,3,T2,0.8986666202545166,0.8690613508224487,9.609365463256836,,
2026-02-09,2026-02-09T04:00:00Z,4,T2,0.8058182597160339,0.8138509392738342,9.229327201843262,,
2026-02-09,2026-02-09T05:00:00Z,5,T2,0.8680269122123718,0.8546579480171204,9.48227596282959,,
2026-02-09,2026-02-09T06:00:00Z,6,T2,0.8892920613288879,0.8759684562683105,9.796171188354492,,
2026-02-09,2026-02-09T07:00:00Z,7,T2,0.8908499479293823,0.8877184987068176,9.966477394104004,,
2026-02-09,2026-02-09T08:00:00Z,8,T2,0.894071638584137,0.8519852161407471,9.458693504333496,,
2026-02-09,2026-02-09T09:00:00Z,9,T2,0.9624736905097961,0.8770387172698975,9.831846237182617,,
2026-02-09,2026-02-09T10:00:00Z,10,T2,0.9393346905708313,0.7723324298858643,9.046246528625488,,
2026-02-09,2026-02-09T11:00:00Z,11,T2,0.8506364226341248,0.8074293732643127,9.196674346923828,,
2026-02-09,2026-02-09T12:00:00Z,12,T2,0.9139173030853271,0.6682620644569397,7.855146408081055,,
2026-02-09,2026-02-09T13:00:00Z,13,T2,0.8707029819488525,0.4233293831348419,6.729117393493652,,
2026-02-09,2026-02-09T14:00:00Z,14,T2,0.6253411173820496,0.2294299155473709,5.3386735916137695,,
2026-02-09,2026-02-09T15:00:00Z,15,T2,0.5157098770141602,0.08795755356550217,3.7789666652679443,,
2026-02-09,2026-02-09T16:00:00Z,16,T2,0.33807501196861267,0.03373993933200836,2.4156603813171387,,
2026-02-09,2026-02-09T17:00:00Z,17,T2,0.28910011053085327,0.021666666492819786,1.838537573814392,,
2026-02-09,2026-02-09T18:00:00Z,18,T2,0.22913561761379242,0.025334235280752182,2.175022602081299,,
2026-02-09,2026-02-09T19:00:00Z,19,T2,0.1495792269706726,0.05116821080446243,3.050231456756592,,
2026-02-09,2026-02-09T20:00:00Z,20,T2,0.2479664832353592,0.033519454300403595,2.3936121463775635,,
2026-02-09,2026-02-09T21:00:00Z,21,T2,0.17539598047733307,0.02566961571574211,2.1834070682525635,,
2026-02-09,2026-02-09T22:00:00Z,22,T2,0.12472952157258987,0.0244698915630579,2.153414011001587,,
2026-02-09,2026-02-09T23:00:00Z,23,T2,0.08953965455293655,0.05092523992061615,3.0137858390808105,,
2026-02-09,2026-02-10T00:00:00Z,24,T2,0.12864205241203308,0.0,1.2674075365066528,,
2026-02-09,2026-02-10T01:00:00Z,25,T2,0.48815128207206726,0.2569426894187927,5.7487945556640625,,
2026-02-09,2026-02-10T02:00:00Z,26,T2,0.20686273276805878,0.05904464051127434,3.384699583053589,,
2026-02-09,2026-02-10T03:00:00Z,27,T2,0.160732701420784,0.2376982420682907,5.464941501617432,,
2026-02-09,2026-02-10T04:00:00Z,28,T2,0.16631516814231873,0.05161629989743233,3.1174447536468506,,
2026-02-09,2026-02-10T05:00:00Z,29,T2,0.1258268505334854,0.18712028861045837,5.000482082366943,,
2026-02-09,2026-02-10T06:00:00Z,30,T2,0.1361565738916397,0.050856590270996094,3.003488540649414,,
2026-02-09,2026-02-10T07:00:00Z,31,T2,0.14215333759784698,0.1821858286857605,4.936119556427002,,
2026-02-09,2026-02-10T08:00:00Z,32,T2,0.3431034982204437,0.5327523946762085,7.275357246398926,,
2026-02-09,2026-02-10T09:00:00Z,33,T2,0.46903306245803833,0.17397475242614746,4.839747428894043,,
2026-02-09,2026-02-10T10:00:00Z,34,T2,0.29253464937210083,0.1817094385623932,4.929905891418457,,
2026-02-09,2026-02-10T11:00:00Z,35,T2,0.3399161398410797,0.24146312475204468,5.590437412261963,,
2026-02-09,2026-02-10T12:00:00Z,36,T2,0.3467741012573242,0.09845920652151108,3.961480140686035,,
2026-02-09,2026-02-10T13:00:00Z,37,T2,0.2098984569311142,0.10771699994802475,4.328774929046631,,
2026-02-09,2026-02-10T14:00:00Z,38,T2,0.7284539937973022,0.048260290175676346,2.84429931640625,,
2026-02-09,2026-02-10T15:00:00Z,39,T2,0.5019344091415405,0.5933225750923157,7.678123950958252,,
2026-02-09,2026-02-10T16:00:00Z,40,T2,0.6293118596076965,0.6683242917060852,7.8552937507629395,,
2026-02-09,2026-02-10T17:00:00Z,41,T2,0.35371023416519165,0.719478964805603,8.740230560302734,,
2026-02-09,2026-02-10T18:00:00Z,42,T2,0.4500342905521393,0.9387468099594116,12.109763145446777,,
2026-02-09,2026-02-10T19:00:00Z,43,T2,0.7832937240600586,0.9039822220802307,10.913853645324707,,
2026-02-09,2026-02-10T20:00:00Z,44,T2,0.8872293829917908,0.7737599611282349,9.051599502563477,,
2026-02-09,2026-02-10T21:00:00Z,45,T2,0.8885286450386047,0.6818986535072327,8.031959533691406,,
2026-02-09,2026-02-10T22:00:00Z,46,T2,0.7330996990203857,0.40417617559432983,6.516761779785156,,
2026-02-09,2026-02-10T23:00:00Z,47,T2,0.5336324572563171,0.051955562084913254,3.135833740234375,,
2026-02-09,2026-02-11T00:00:00Z,48,T2,0.1350688636302948,0.08700399100780487,3.765963554382324,,
2026-02-10,2026-02-10T01:00:00Z,1,STATION,0.1019347533583641,0.08551330119371414,3.6594204902648926,,
2026-02-10,2026-02-10T02:00:00Z,2,STATION,0.1731986552476883,0.1325290948152542,4.489034175872803,,
2026-02-10,2026-02-10T03:00:00Z,3,STATION,0.31840261816978455,0.24735213816165924,5.559587478637695,,
2026-02-10,2026-02-10T04:00:00Z,4,STATION,0.24920456111431122,0.149106964468956,4.587516784667969,,
2026-02-10,2026-02-10T05:00:00Z,5,STATION,0.2873174548149109,0.22684136033058167,5.269602298736572,,
2026-02-10,2026-02-10T06:00:00Z,6,STATION,0.17933711409568787,0.05814375728368759,3.2443127632141113,,
2026-02-10,2026-02-10T07:00:00Z,7,STATION,0.15935687720775604,0.06089814752340317,3.326944589614868,,
2026-02-10,2026-02-10T08:00:00Z,8,STATION,0.257053941488266,0.18471118807792664,4.915719985961914,,
2026-02-10,2026-02-10T09:00:00Z,9,STATION,0.2791922986507416,0.2839510440826416,5.894786834716797,,
2026-02-10,2026-02-10T10:00:00Z,10,STATION,0.27806034684181213,0.26315048336982727,5.733417987823486,,
2026-02-10,2026-02-10T11:00:00Z,11,STATION,0.33685335516929626,0.2765790522098541,5.831676006317139,,
2026-02-10,2026-02-10T12:00:00Z,12,STATION,0.3564041554927826,0.24533456563949585,5.425082206726074,,
2026-02-10,2026-02-10T13:00:00Z,13,STATION,0.3870543837547302,0.10042987018823624,3.902068614959717,,
2026-02-10,2026-02-10T14:00:00Z,14,STATION,0.39336058497428894,0.10753044486045837,4.054224014282227,,
2026-02-10,2026-02-10T15:00:00Z,15,STATION,0.4916340410709381,0.5023272037506104,7.11097526550293,,
2026-02-10,2026-02-10T16:00:00Z,16,STATION,0.5135454535484314,0.7445542812347412,8.941315650939941,,
2026-02-10,2026-02-10T17:00:00Z,17,STATION,0.893403172492981,0.9050092101097107,10.117789268493652,,
2026-02-10,2026-02-10T18:00:00Z,18,STATION,0.9050570130348206,0.9297420382499695,11.269509315490723,,
2026-02-10,2026-02-10T19:00:00Z,19,STATION,0.9247937202453613,0.9475268721580505,11.885248184204102,,
2026-02-10,2026-02-10T20:00:00Z,20,STATION,0.9133948683738708,0.905379056930542,10.622594833374023,,
2026-02-10,2026-02-10T21:00:00Z,21,STATION,0.9110470414161682,0.7045025825500488,8.526371955871582,,
2026-02-10,2026-02-10T22:00:00Z,22,STATION,0.8792162537574768,0.49604570865631104,7.085849285125732,,
2026-02-10,2026-02-10T23:00:00Z,23,STATION,0.536456823348999,0.17615990340709686,4.825740814208984,,
2026-02-10,2026-02-11T00:00:00Z,24,STATION,0.4151252806186676,0.10816971212625504,4.067922592163086,,
2026-02-10,2026-02-11T01:00:00Z,25,STATION,0.03841817006468773,0.031487852334976196,2.293950319290161,,
2026-02-10,2026-02-11T02:00:00Z,26,STATION,0.03272242099046707,0.02402893453836441,2.104340076446533,,
2026-02-10,2026-02-11T03:00:00Z,27,STATION,0.04916062206029892,0.0,1.1834046840667725,,
2026-02-10,2026-02-11T04:00:00Z,28,STATION,0.08975474536418915,0.10854938626289368,4.076058387756348,,
2026-02-10,2026-02-11T05:00:00Z,29,STATION,0.20726558566093445,0.024734050035476685,2.1380934715270996,,
2026-02-10,2026-02-11T06:00:00Z,30,STATION,0.19352932274341583,0.11261813342571259,4.30348014831543,,
2026-02-10,2026-02-11T07:00:00Z,31,STATION,0.22571322321891785,0.10848483443260193,4.0746750831604,,
2026-02-10,2026-02-11T08:00:00Z,32,STATION,0.3819521367549896,0.0,1.1818283796310425,,
2026-02-10,2026-02-11T09:00:00Z,33,STATION,0.3069380819797516,0.577938437461853,7.544432163238525,,
2026-02-10,2026-02-11T10:00:00Z,34,STATION,0.5216668248176575,0.9475268721580505,12.095846176147461,,
2026-02-10,2026-02-11T11:00:00Z,35,STATION,0.905800998210907,0.9725655913352966,12.600279808044434,,
2026-02-10,2026-02-11T12:00:00Z,36,STATION,0.9475869536399841,0.9728776812553406,13.105844497680664,,
2026-02-10,2026-02-11T13:00:00Z,37,STATION,0.8655893206596375,0.9475268721580505,11.887024879455566,,
2026-02-10,2026-02-11T14:00:00Z,38,STATION,0.8814546465873718,0.9475268721580505,11.972073554992676,,
2026-02-10,2026-02-11T15:00:00Z,39,STATION,0.8793666362762451,0.905379056930542,10.873133659362793,,
2026-02-10,2026-02-11T16:00:00Z,40,STATION,0.8611209988594055,0.8861898183822632,9.664373397827148,,
2026-02-10,2026-02-11T17:00:00Z,41,STATION,0.6991608738899231,0.7090415954589844,8.563175201416016,,
2026-02-10,2026-02-11T18:00:00Z,42,STATION,0.6964330673217773,0.8440117239952087,9.340991973876953,,
2026-02-10,2026-02-11T19:00:00Z,43,STATION,0.6958060264587402,0.6839985251426697,8.116593360900879,,
2026-02-10,2026-02-11T20:00:00Z,44,STATION,0.6311141848564148,0.5539687871932983,7.348886013031006,,
2026-02-10,2026-02-11T21:00:00Z,45,STATION,0.49890586733818054,0.5787014365196228,7.551474571228027,,
2026-02-10,2026-02-11T22:00:00Z,46,STATION,0.4485837519168854,0.36605626344680786,6.299704074859619,,
2026-02-10,2026-02-11T23:00:00Z,47,STATION,0.343597948551178,0.4129178822040558,6.531260013580322,,
2026-02-10,2026-02-12T00:00:00Z,48,STATION,0.3647255301475525,0.43040725588798523,6.706398963928223,,
2026-02-10,2026-02-10T01:00:00Z,1,T1,0.11142949759960175,0.09183575958013535,3.6594204902648926,,
2026-02-10,2026-02-10T02:00:00Z,2,T1,0.17078717052936554,0.13657881319522858,4.489034175872803,,
2026-02-10,2026-02-10T03:00:00Z,3,T1,0.3360553979873657,0.2541666626930237,5.559587478637695,,
2026-02-10,2026-02-10T04:00:00Z,4,T1,0.2452954202890396,0.1523360013961792,4.587516784667969,,
2026-02-10,2026-02-10T05:00:00Z,5,T1,0.27818483114242554,0.23484371602535248,5.269602298736572,,
2026-02-10,2026-02-10T06:00:00Z,6,T1,0.18275783956050873,0.06143917888402939,3.2443127632141113,,
2026-02-10,2026-02-10T07:00:00Z,7,T1,0.1862020492553711,0.06474444270133972,3.326944589614868,,
2026-02-10,2026-02-10T08:00:00Z,8,T1,0.1919579952955246,0.18880052864551544,4.915719985961914,,
2026-02-10,2026-02-10T09:00:00Z,9,T1,0.2863422930240631,0.29425671696662903,5.894786834716797,,
2026-02-10,2026-02-10T10:00:00Z,10,T1,0.2745010554790497,0.27115216851234436,5.733417987823486,,
2026-02-10,2026-02-10T11:00:00Z,11,T1,0.36631500720977783,0.28654593229293823,5.831676006317139,,
2026-02-10,2026-02-10T12:00:00Z,12,T1,0.38703274726867676,0.2541666626930237,5.425082206726074,,
2026-02-10,2026-02-10T13:00:00Z,13,T1,0.4439719319343567,0.10477700084447861,3.902068614959717,,
2026-02-10,2026-02-10T14:00:00Z,14,T1,0.48242878913879395,0.11289193481206894,4.054224014282227,,
2026-02-10,2026-02-10T15:00:00Z,15,T1,0.49235403537750244,0.5114471316337585,7.11097526550293,,
2026-02-10,2026-02-10T16:00:00Z,16,T1,0.7229129672050476,0.7447577714920044,8.941315650939941,,
2026-02-10,2026-02-10T17:00:00Z,17,T1,0.9094955921173096,0.9067758917808533,10.117789268493652,,
2026-02-10,2026-02-10T18:00:00Z,18,T1,0.947350800037384,0.9354066848754883,11.269509315490723,,
2026-02-10,2026-02-10T19:00:00Z,19,T1,1.0,0.9563068747520447,11.885248184204102,,
2026-02-10,2026-02-10T20:00:00Z,20,T1,0.9613310098648071,0.9067758917808533,10.622594833374023,,
2026-02-10,2026-02-10T21:00:00Z,21,T1,0.9200673699378967,0.7065208554267883,8.526371955871582,,
2026-02-10,2026-02-10T22:00:00Z,22,T1,0.8983064889907837,0.5050818920135498,7.085849285125732,,
2026-02-10,2026-02-10T23:00:00Z,23,T1,0.5463846325874329,0.17974570393562317,4.825740814208984,,
2026-02-10,2026-02-11T00:00:00Z,24,T1,0.42176318168640137,0.11362253129482269,4.067922592163086,,
2026-02-10,2026-02-11T01:00:00Z,25,T1,0.051880136132240295,0.032884351909160614,2.293950319290161,,
2026-02-10,2026-02-11T02:00:00Z,26,T1,0.046810321509838104,0.024862267076969147,2.104340076446533,,
2026-02-10,2026-02-11T03:00:00Z,27,T1,0.042770273983478546,0.0,1.1834046840667725,,
2026-02-10,2026-02-11T04:00:00Z,28,T1,0.08994857966899872,0.11405644565820694,4.076058387756348,,
2026-02-10,2026-02-11T05:00:00Z,29,T1,0.18244563043117523,0.0256110280752182,2.1380934715270996,,
2026-02-10,2026-02-11T06:00:00Z,30,T1,0.20445822179317474,0.11785653233528137,4.30348014831543,,
2026-02-10,2026-02-11T07:00:00Z,31,T1,0.24016036093235016,0.1139826625585556,4.0746750831604,,
2026-02-10,2026-02-11T08:00:00Z,32,T1,0.41391727328300476,0.0,1.1818283796310425,,
2026-02-10,2026-02-11T09:00:00Z,33,T1,0.3106587529182434,0.5896090865135193,7.544432163238525,,
2026-02-10,2026-02-11T10:00:00Z,34,T1,0.5194018483161926,0.9563068747520447,12.095846176147461,,
2026-02-10,2026-02-11T11:00:00Z,35,T1,0.8991764783859253,0.979544997215271,12.600279808044434,,
2026-02-10,2026-02-11T12:00:00Z,36,T1,0.9664828777313232,0.979544997215271,13.105844497680664,,
2026-02-10,2026-02-11T13:00:00Z,37,T1,0.8725429773330688,0.9563068747520447,11.887024879455566,,
2026-02-10,2026-02-11T14:00:00Z,38,T1,0.8889206647872925,0.9563068747520447,11.972073554992676,,
2026-02-10,2026-02-11T15:00:00Z,39,T1,0.8527529835700989,0.9067758917808533,10.873133659362793,,
2026-02-10,2026-02-11T16:00:00Z,40,T1,0.8576781749725342,0.9003650546073914,9.664373397827148,,
2026-02-10,2026-02-11T17:00:00Z,41,T1,0.6683661341667175,0.7115506529808044,8.563175201416016,,
2026-02-10,2026-02-11T18:00:00Z,42,T1,0.6878163814544678,0.8522118330001831,9.340991973876953,,
2026-02-10,2026-02-11T19:00:00Z,43,T1,0.7134433388710022,0.6832773089408875,8.116593360900879,,
2026-02-10,2026-02-11T20:00:00Z,44,T1,0.649029552936554,0.5575383305549622,7.348886013031006,,
2026-02-10,2026-02-11T21:00:00Z,45,T1,0.5122014284133911,0.5907359719276428,7.551474571228027,,
2026-02-10,2026-02-11T22:00:00Z,46,T1,0.4491397440433502,0.37022292613983154,6.299704074859619,,
2026-02-10,2026-02-11T23:00:00Z,47,T1,0.3568933606147766,0.42020976543426514,6.531260013580322,,
2026-02-10,2026-02-12T00:00:00Z,48,T1,0.38377565145492554,0.43930259346961975,6.706398963928223,,
2026-02-10,2026-02-10T01:00:00Z,1,T2,0.09244000911712646,0.07919083535671234,3.6594204902648926,,
2026-02-10,2026-02-10T02:00:00Z,2,T2,0.17561013996601105,0.12847937643527985,4.489034175872803,,
2026-02-10,2026-02-10T03:00:00Z,3,T2,0.30074986815452576,0.2405376136302948,5.559587478637695,,
2026-02-10,2026-02-10T04:00:00Z,4,T2,0.25311368703842163,0.14587794244289398,4.587516784667969,,
2026-02-10,2026-02-10T05:00:00Z,5,T2,0.29645007848739624,0.21883898973464966,5.269602298736572,,
2026-02-10,2026-02-10T06:00:00Z,6,T2,0.1759164035320282,0.05484833940863609,3.2443127632141113,,
2026-02-10,2026-02-10T07:00:00Z,7,T2,0.132511705160141,0.057051852345466614,3.326944589614868,,
2026-02-10,2026-02-10T08:00:00Z,8,T2,0.3221498727798462,0.18062186241149902,4.915719985961914,,
2026-02-10,2026-02-10T09:00:00Z,9,T2,0.27204227447509766,0.2736453413963318,5.894786834716797,,
2026-02-10,2026-02-10T10:00:00Z,10,T2,0.2816196382045746,0.2551487684249878,5.733417987823486,,
2026-02-10,2026-02-10T11:00:00Z,11,T2,0.3073917031288147,0.2666122019290924,5.831676006317139,,
2026-02-10,2026-02-10T12:00:00Z,12,T2,0.3257755935192108,0.23650246858596802,5.425082206726074,,
2026-02-10,2026-02-10T13:00:00Z,13,T2,0.33013683557510376,0.09608274698257446,3.902068614959717,,
2026-02-10,2026-02-10T14:00:00Z,14,T2,0.30429238080978394,0.10216895490884781,4.054224014282227,,
2026-02-10,2026-02-10T15:00:00Z,15,T2,0.49091407656669617,0.49320727586746216,7.11097526550293,,
2026-02-10,2026-02-10T16:00:00Z,16,T2,0.3041778802871704,0.744350790977478,8.941315650939941,,
2026-02-10,2026-02-10T17:00:00Z,17,T2,0.8773107528686523,0.9032424688339233,10.117789268493652,,
2026-02-10,2026-02-10T18:00:00Z,18,T2,0.8627632260322571,0.9240774512290955,11.269509315490723,,
2026-02-10,2026-02-10T19:00:00Z,19,T2,0.8495873808860779,0.9387468099594116,11.885248184204102,,
2026-02-10,2026-02-10T20:00:00Z,20,T2,0.8654587268829346,0.9039822220802307,10.622594833374023,,
2026-02-10,2026-02-10T21:00:00Z,21,T2,0.9020267128944397,0.7024842500686646,8.526371955871582,,
2026-02-10,2026-02-10T22:00:00Z,22,T2,0.8601260185241699,0.48700955510139465,7.085849285125732,,
2026-02-10,2026-02-10T23:00:00Z,23,T2,0.52652907371521,0.17257410287857056,4.825740814208984,,
2026-02-10,2026-02-11T00:00:00Z,24,T2,0.40848734974861145,0.10271690040826797,4.067922592163086,,
2026-02-10,2026-02-11T01:00:00Z,25,T2,0.024956202134490013,0.03009134903550148,2.293950319290161,,
2026-02-10,2026-02-11T02:00:00Z,26,T2,0.01863451674580574,0.023195600137114525,2.104340076446533,,
2026-02-10,2026-02-11T03:00:00Z,27,T2,0.05555097386240959,0.0,1.1834046840667725,,
2026-02-10,2026-02-11T04:00:00Z,28,T2,0.08956091105937958,0.10304233431816101,4.076058387756348,,
2026-02-10,2026-02-11T05:00:00Z,29,T2,0.23208555579185486,0.02385707199573517,2.1380934715270996,,
2026-02-10,2026-02-11T06:00:00Z,30,T2,0.18260042369365692,0.1073797345161438,4.30348014831543,,
2026-02-10,2026-02-11T07:00:00Z,31,T2,0.21126607060432434,0.10298699885606766,4.0746750831604,,
2026-02-10,2026-02-11T08:00:00Z,32,T2,0.3499869704246521,0.0,1.1818283796310425,,
2026-02-10,2026-02-11T09:00:00Z,33,T2,0.30321741104125977,0.5662677884101868,7.544432163238525,,
2026-02-10,2026-02-11T10:00:00Z,34,T2,0.5239318609237671,0.9387468099594116,12.095846176147461,,
2026-02-10,2026-02-11T11:00:00Z,35,T2,0.9124255776405334,0.9655861258506775,12.600279808044434,,
2026-02-10,2026-02-11T12:00:00Z,36,T2,0.9286909699440002,0.9662103652954102,13.105844497680664,,
2026-02-10,2026-02-11T13:00:00Z,37,T2,0.8586356043815613,0.9387468099594116,11.887024879455566,,
2026-02-10,2026-02-11T14:00:00Z,38,T2,0.8739886283874512,0.9387468099594116,11.972073554992676,,
2026-02-10,2026-02-11T15:00:00Z,39,T2,0.9059802889823914,0.9039822220802307,10.873133659362793,,
2026-02-10,2026-02-11T16:00:00Z,40,T2,0.8645638823509216,0.8720145225524902,9.664373397827148,,
2026-02-10,2026-02-11T17:00:00Z,41,T2,0.7299556136131287,0.7065325975418091,8.563175201416016,,
2026-02-10,2026-02-11T18:00:00Z,42,T2,0.7050498127937317,0.8358116745948792,9.340991973876953,,
2026-02-10,2026-02-11T19:00:00Z,43,T2,0.6781686544418335,0.6847198009490967,8.116593360900879,,
2026-02-10,2026-02-11T20:00:00Z,44,T2,0.6131988167762756,0.5503993034362793,7.348886013031006,,
2026-02-10,2026-02-11T21:00:00Z,45,T2,0.4856102764606476,0.5666669011116028,7.551474571228027,,
2026-02-10,2026-02-11T22:00:00Z,46,T2,0.44802775979042053,0.3618895709514618,6.299704074859619,,
2026-02-10,2026-02-11T23:00:00Z,47,T2,0.33030253648757935,0.4056260287761688,6.531260013580322,,
2026-02-10,2026-02-12T00:00:00Z,48,T2,0.34567540884017944,0.4215119183063507,6.706398963928223,,
2026-02-11,2026-02-11T01:00:00Z,1,STATION,0.09778404980897903,0.03007110208272934,2.261256217956543,,
2026-02-11,2026-02-11T02:00:00Z,2,STATION,0.08108192682266235,0.03566762059926987,2.4322245121002197,,
2026-02-11,2026-02-11T03:00:00Z,3,STATION,0.08113276958465576,0.17585405707359314,4.822781085968018,,
2026-02-11,2026-02-11T04:00:00Z,4,STATION,0.0946475937962532,0.056158069521188736,3.184741973876953,,
2026-02-11,2026-02-11T05:00:00Z,5,STATION,0.09043198078870773,0.022990161553025246,1.9485241174697876,,
2026-02-11,2026-02-11T06:00:00Z,6,STATION,0.09517716616392136,0.05198810249567032,2.9616074562072754,,
2026-02-11,2026-02-11T07:00:00Z,7,STATION,0.1473378986120224,0.04581776633858681,2.7779245376586914,,
2026-02-11,2026-02-11T08:00:00Z,8,STATION,0.23178184032440186,0.03031058982014656,2.266782760620117,,
2026-02-11,2026-02-11T09:00:00Z,9,STATION,0.3453216254711151,0.4350833296775818,6.767391204833984,,
2026-02-11,2026-02-11T10:00:00Z,10,STATION,0.5107981562614441,0.9026613235473633,10.072019577026367,,
2026-02-11,2026-02-11T11:00:00Z,11,STATION,0.7508057951927185,0.9560474753379822,12.214081764221191,,
2026-02-11,2026-02-11T12:00:00Z,12,STATION,0.9153711795806885,0.9475268721580505,11.57629680633545,,
2026-02-11,2026-02-11T13:00:00Z,13,STATION,0.846799910068512,0.905379056930542,10.81189250946045,,
2026-02-11,2026-02-11T14:00:00Z,14,STATION,0.8506653308868408,0.905379056930542,10.214856147766113,,
2026-02-11,2026-02-11T15:00:00Z,15,STATION,0.8803892135620117,0.8266436457633972,9.248771667480469,,
2026-02-11,2026-02-11T16:00:00Z,16,STATION,0.8759732842445374,0.7616181969642639,8.994640350341797,,
2026-02-11,2026-02-11T17:00:00Z,17,STATION,0.8266393542289734,0.8532496094703674,9.395479202270508,,
2026-02-11,2026-02-11T18:00:00Z,18,STATION,0.5737402439117432,0.4969923794269562,7.089636325836182,,
2026-02-11,2026-02-11T19:00:00Z,19,STATION,0.5689830780029297,0.43465113639831543,6.761754035949707,,
2026-02-11,2026-02-11T20:00:00Z,20,STATION,0.5477457642555237,0.47023770213127136,6.982617378234863,,
2026-02-11,2026-02-11T21:00:00Z,21,STATION,0.5874521732330322,0.5173909068107605,7.178756237030029,,
2026-02-11,2026-02-11T22:00:00Z,22,STATION,0.43240445852279663,0.40549418330192566,6.469396114349365,,
2026-02-11,2026-02-11T23:00:00Z,23,STATION,0.29570114612579346,0.30430880188941956,6.1343092918396,,
2026-02-11,2026-02-12T00:00:00Z,24,STATION,0.26682940125465393,0.17657412588596344,4.829749584197998,,
2026-02-11,2026-02-12T01:00:00Z,25,STATION,0.17708203196525574,0.24586574733257294,5.460494041442871,,
2026-02-11,2026-02-12T02:00:00Z,26,STATION,0.13353167474269867,0.08214228600263596,3.6107075214385986,,
2026-02-11,2026-02-12T03:00:00Z,27,STATION,0.09203767031431198,0.023066487163305283,1.9599730968475342,,
2026-02-11,2026-02-12T04:00:00Z,28,STATION,0.022123470902442932,0.02266097441315651,1.8991460800170898,,
2026-02-11,2026-02-12T05:00:00Z,29,STATION,0.022428257390856743,0.0,1.4970579147338867,,
2026-02-11,2026-02-12T06:00:00Z,30,STATION,0.02402707375586033,0.03777984902262688,2.6132729053497314,,
2026-02-11,2026-02-12T07:00:00Z,31,STATION,0.06813033670186996,0.01983688585460186,1.5253552198410034,,
2026-02-11,2026-02-12T08:00:00Z,32,STATION,0.04838300123810768,0.0,1.2150530815124512,,
2026-02-11,2026-02-12T09:00:00Z,33,STATION,0.05329872667789459,0.02128346636891365,1.692520022392273,,
2026-02-11,2026-02-12T10:00:00Z,34,STATION,0.05617133155465126,0.03518340364098549,2.3907203674316406,,
2026-02-11,2026-02-12T11:00:00Z,35,STATION,0.09081678092479706,0.052379872649908066,2.990990400314331,,
2026-02-11,2026-02-12T12:00:00Z,36,STATION,0.21384604275226593,0.24383698403835297,5.370566368103027,,
2026-02-11,2026-02-12T13:00:00Z,37,STATION,0.23453669250011444,0.2392815202474594,5.343503952026367,,
2026-02-11,2026-02-12T14:00:00Z,38,STATION,0.16336238384246826,0.1873045712709427,4.946230411529541,,
2026-02-11,2026-02-12T15:00:00Z,39,STATION,0.1791587918996811,0.07767009735107422,3.5570411682128906,,
2026-02-11,2026-02-12T16:00:00Z,40,STATION,0.18395112454891205,0.06196163222193718,3.358849048614502,,
2026-02-11,2026-02-12T17:00:00Z,41,STATION,0.14596955478191376,0.0227922685444355,1.9188402891159058,,
2026-02-11,2026-02-12T18:00:00Z,42,STATION,0.1125224381685257,0.022791830822825432,1.9187747240066528,,
2026-02-11,2026-02-12T19:00:00Z,43,STATION,0.1104915663599968,0.035763103514909744,2.440408706665039,,
2026-02-11,2026-02-12T20:00:00Z,44,STATION,0.11393698304891586,0.04613345488905907,2.7840347290039062,,
2026-02-11,2026-02-12T21:00:00Z,45,STATION,0.11351305991411209,0.031882353127002716,2.3030543327331543,,
2026-02-11,2026-02-12T22:00:00Z,46,STATION,0.09732392430305481,0.020503630861639977,1.5920298099517822,,
2026-02-11,2026-02-12T23:00:00Z,47,STATION,0.06966716796159744,0.0,0.8712037205696106,,
2026-02-11,2026-02-13T00:00:00Z,48,STATION,0.04655179753899574,0.03709330037236214,2.5544257164001465,,
2026-02-11,2026-02-11T01:00:00Z,1,T1,0.11268024146556854,0.03135862201452255,2.261256217956543,,
2026-02-11,2026-02-11T02:00:00Z,2,T1,0.12104152888059616,0.03742966055870056,2.4322245121002197,,
2026-02-11,2026-02-11T03:00:00Z,3,T1,0.09459378570318222,0.17942999303340912,4.822781085968018,,
2026-02-11,2026-02-11T04:00:00Z,4,T1,0.11383823305368423,0.059056349098682404,3.184741973876953,,
2026-02-11,2026-02-11T05:00:00Z,5,T1,0.09766553342342377,0.023823494091629982,1.9485241174697876,,
2026-02-11,2026-02-11T06:00:00Z,6,T1,0.12752223014831543,0.05339881777763367,2.9616074562072754,,
2026-02-11,2026-02-11T07:00:00Z,7,T1,0.12206742912530899,0.04713647812604904,2.7779245376586914,,
2026-02-11,2026-02-11T08:00:00Z,8,T1,0.2739477753639221,0.03161653131246567,2.266782760620117,,
2026-02-11,2026-02-11T09:00:00Z,9,T1,0.3440453112125397,0.44377535581588745,6.767391204833984,,
2026-02-11,2026-02-11T10:00:00Z,10,T1,0.5373449921607971,0.9067758917808533,10.072019577026367,,
2026-02-11,2026-02-11T11:00:00Z,11,T1,0.7526797652244568,0.9645872712135315,12.214081764221191,,
2026-02-11,2026-02-11T12:00:00Z,12,T1,0.919127881526947,0.9563068747520447,11.57629680633545,,
2026-02-11,2026-02-11T13:00:00Z,13,T1,0.8432543277740479,0.9067758917808533,10.81189250946045,,
2026-02-11,2026-02-11T14:00:00Z,14,T1,0.864112913608551,0.9067758917808533,10.214856147766113,,
2026-02-11,2026-02-11T15:00:00Z,15,T1,0.8518505692481995,0.8356122374534607,9.248771667480469,,
2026-02-11,2026-02-11T16:00:00Z,16,T1,0.841657817363739,0.7646656632423401,8.994640350341797,,
2026-02-11,2026-02-11T17:00:00Z,17,T1,0.7985622882843018,0.8616782426834106,9.395479202270508,,
2026-02-11,2026-02-11T18:00:00Z,18,T1,0.6012449264526367,0.5060411691665649,7.089636325836182,,
2026-02-11,2026-02-11T19:00:00Z,19,T1,0.628987193107605,0.44336196780204773,6.761754035949707,,
2026-02-11,2026-02-11T20:00:00Z,20,T1,0.5639827847480774,0.4789297580718994,6.982617378234863,,
2026-02-11,2026-02-11T21:00:00Z,21,T1,0.6343377828598022,0.5252137184143066,7.178756237030029,,
2026-02-11,2026-02-11T22:00:00Z,22,T1,0.4495602250099182,0.41154879331588745,6.469396114349365,,
2026-02-11,2026-02-11T23:00:00Z,23,T1,0.31944969296455383,0.30847546458244324,6.1343092918396,,
2026-02-11,2026-02-12T00:00:00Z,24,T1,0.322004109621048,0.18017327785491943,4.829749584197998,,
2026-02-11,2026-02-12T01:00:00Z,25,T1,0.18294115364551544,0.2541666626930237,5.460494041442871,,
2026-02-11,2026-02-12T02:00:00Z,26,T1,0.1500266045331955,0.08866602927446365,3.6107075214385986,,
2026-02-11,2026-02-12T03:00:00Z,27,T1,0.09075570851564407,0.023899821564555168,1.9599730968475342,,
2026-02-11,2026-02-12T04:00:00Z,28,T1,0.019755670800805092,0.023494306951761246,1.8991460800170898,,
2026-02-11,2026-02-12T05:00:00Z,29,T1,0.0286590326577425,0.0,1.4970579147338867,,
2026-02-11,2026-02-12T06:00:00Z,30,T1,0.025822721421718597,0.039843637496232986,2.6132729053497314,,
2026-02-11,2026-02-12T07:00:00Z,31,T1,0.06131076440215111,0.019335702061653137,1.5253552198410034,,
2026-02-11,2026-02-12T08:00:00Z,32,T1,0.043713685125112534,0.0,1.2150530815124512,,
2026-02-11,2026-02-12T09:00:00Z,33,T1,0.05939850956201553,0.020900266245007515,1.692520022392273,,
2026-02-11,2026-02-12T10:00:00Z,34,T1,0.056764911860227585,0.03687627241015434,2.3907203674316406,,
2026-02-11,2026-02-12T11:00:00Z,35,T1,0.08110541105270386,0.05398647487163544,2.990990400314331,,
2026-02-11,2026-02-12T12:00:00Z,36,T1,0.2548274099826813,0.2533538043498993,5.370566368103027,,
2026-02-11,2026-02-12T13:00:00Z,37,T1,0.23301294445991516,0.24839241802692413,5.343503952026367,,
2026-02-11,2026-02-12T14:00:00Z,38,T1,0.18698722124099731,0.19164815545082092,4.946230411529541,,
2026-02-11,2026-02-12T15:00:00Z,39,T1,0.20765627920627594,0.0836571753025055,3.5570411682128906,,
2026-02-11,2026-02-12T16:00:00Z,40,T1,0.21552707254886627,0.06602062284946442,3.358849048614502,,
2026-02-11,2026-02-12T17:00:00Z,41,T1,0.1506056934595108,0.023625601083040237,1.9188402891159058,,
2026-02-11,2026-02-12T18:00:00Z,42,T1,0.1214446946978569,0.023625165224075317,1.9187747240066528,,
2026-02-11,2026-02-12T19:00:00Z,43,T1,0.12142524123191833,0.03753878176212311,2.440408706665039,,
2026-02-11,2026-02-12T20:00:00Z,44,T1,0.10286633670330048,0.047421615570783615,2.7840347290039062,,
2026-02-11,2026-02-12T21:00:00Z,45,T1,0.12146365642547607,0.033309198915958405,2.3030543327331543,,
2026-02-11,2026-02-12T22:00:00Z,46,T1,0.09613670408725739,0.019780198112130165,1.5920298099517822,,
2026-02-11,2026-02-12T23:00:00Z,47,T1,0.06504666060209274,0.0,0.8712037205696106,,
2026-02-11,2026-02-13T00:00:00Z,48,T1,0.03602695092558861,0.03905900940299034,2.5544257164001465,,
2026-02-11,2026-02-11T01:00:00Z,1,T2,0.08288785815238953,0.028783582150936127,2.261256217956543,,
2026-02-11,2026-02-11T02:00:00Z,2,T2,0.041122324764728546,0.03390558063983917,2.4322245121002197,,
2026-02-11,2026-02-11T03:00:00Z,3,T2,0.0676717534661293,0.17227812111377716,4.822781085968018,,
2026-02-11,2026-02-11T04:00:00Z,4,T2,0.07545696198940277,0.05325978621840477,3.184741973876953,,
2026-02-11,2026-02-11T05:00:00Z,5,T2,0.0831984207034111,0.02215682715177536,1.9485241174697876,,
2026-02-11,2026-02-11T06:00:00Z,6,T2,0.06283210217952728,0.05057738348841667,2.9616074562072754,,
2026-02-11,2026-02-11T07:00:00Z,7,T2,0.1726083755493164,0.04449905827641487,2.7779245376586914,,
2026-02-11,2026-02-11T08:00:00Z,8,T2,0.1896159052848816,0.029004646465182304,2.266782760620117,,
2026-02-11,2026-02-11T09:00:00Z,9,T2,0.34659796953201294,0.4263913035392761,6.767391204833984,,
2026-02-11,2026-02-11T10:00:00Z,10,T2,0.48425132036209106,0.8985466957092285,10.072019577026367,,
2026-02-11,2026-02-11T11:00:00Z,11,T2,0.7489317655563354,0.9475076198577881,12.214081764221191,,
2026-02-11,2026-02-11T12:00:00Z,12,T2,0.9116144776344299,0.9387468099594116,11.57629680633545,,
2026-02-11,2026-02-11T13:00:00Z,13,T2,0.8503455519676208,0.9039822220802307,10.81189250946045,,
2026-02-11,2026-02-11T14:00:00Z,14,T2,0.8372178077697754,0.9039822220802307,10.214856147766113,,
2026-02-11,2026-02-11T15:00:00Z,15,T2,0.908927857875824,0.8176750540733337,9.248771667480469,,
2026-02-11,2026-02-11T16:00:00Z,16,T2,0.9102888107299805,0.7585707306861877,8.994640350341797,,
2026-02-11,2026-02-11T17:00:00Z,17,T2,0.8547164797782898,0.8448209762573242,9.395479202270508,,
2026-02-11,2026-02-11T18:00:00Z,18,T2,0.5462355613708496,0.4879435896873474,7.089636325836182,,
2026-02-11,2026-02-11T19:00:00Z,19,T2,0.5089789032936096,0.42594030499458313,6.761754035949707,,
2026-02-11,2026-02-11T20:00:00Z,20,T2,0.53150874376297,0.4615456461906433,6.982617378234863,,
2026-02-11,2026-02-11T21:00:00Z,21,T2,0.5405665636062622,0.5095681548118591,7.178756237030029,,
2026-02-11,2026-02-11T22:00:00Z,22,T2,0.41524869203567505,0.39943960309028625,6.469396114349365,,
2026-02-11,2026-02-11T23:00:00Z,23,T2,0.27195262908935547,0.3001421391963959,6.1343092918396,,
2026-02-11,2026-02-12T00:00:00Z,24,T2,0.2116546779870987,0.17297495901584625,4.829749584197998,,
2026-02-11,2026-02-12T01:00:00Z,25,T2,0.17122292518615723,0.237564817070961,5.460494041442871,,
2026-02-11,2026-02-12T02:00:00Z,26,T2,0.11703675985336304,0.07561855018138885,3.6107075214385986,,
2026-02-11,2026-02-12T03:00:00Z,27,T2,0.09331963211297989,0.022233154624700546,1.9599730968475342,,
2026-02-11,2026-02-12T04:00:00Z,28,T2,0.024491269141435623,0.021827640011906624,1.8991460800170898,,
2026-02-11,2026-02-12T05:00:00Z,29,T2,0.016197482123970985,0.0,1.4970579147338867,,
2026-02-11,2026-02-12T06:00:00Z,30,T2,0.02223142795264721,0.03571606054902077,2.6132729053497314,,
2026-02-11,2026-02-12T07:00:00Z,31,T2,0.07494991272687912,0.020338069647550583,1.5253552198410034,,
2026-02-11,2026-02-12T08:00:00Z,32,T2,0.05305232107639313,0.0,1.2150530815124512,,
2026-02-11,2026-02-12T09:00:00Z,33,T2,0.04719894751906395,0.021666666492819786,1.692520022392273,,
2026-02-11,2026-02-12T10:00:00Z,34,T2,0.05557774752378464,0.033490534871816635,2.3907203674316406,,
2026-02-11,2026-02-12T11:00:00Z,35,T2,0.10052815824747086,0.050773270428180695,2.990990400314331,,
2026-02-11,2026-02-12T12:00:00Z,36,T2,0.17286467552185059,0.23432016372680664,5.370566368103027,,
2026-02-11,2026-02-12T13:00:00Z,37,T2,0.23606042563915253,0.2301706224679947,5.343503952026367,,
2026-02-11,2026-02-12T14:00:00Z,38,T2,0.13973753154277802,0.18296098709106445,4.946230411529541,,
2026-02-11,2026-02-12T15:00:00Z,39,T2,0.15066128969192505,0.07168301939964294,3.5570411682128906,,
2026-02-11,2026-02-12T16:00:00Z,40,T2,0.15237516164779663,0.057902637869119644,3.358849048614502,,
2026-02-11,2026-02-12T17:00:00Z,41,T2,0.14133340120315552,0.021958936005830765,1.9188402891159058,,
2026-02-11,2026-02-12T18:00:00Z,42,T2,0.10360018163919449,0.021958498284220695,1.9187747240066528,,
2026-02-11,2026-02-12T19:00:00Z,43,T2,0.09955789148807526,0.03398742154240608,2.440408706665039,,
2026-02-11,2026-02-12T20:00:00Z,44,T2,0.12500762939453125,0.04484529420733452,2.7840347290039062,,
2026-02-11,2026-02-12T21:00:00Z,45,T2,0.10556246340274811,0.03045550547540188,2.3030543327331543,,
2026-02-11,2026-02-12T22:00:00Z,46,T2,0.09851113706827164,0.021227063611149788,1.5920298099517822,,
2026-02-11,2026-02-12T23:00:00Z,47,T2,0.07428766787052155,0.0,0.8712037205696106,,
2026-02-11,2026-02-13T00:00:00Z,48,T2,0.05707664415240288,0.03512759134173393,2.5544257164001465,,
2026-02-12,2026-02-12T01:00:00Z,1,STATION,0.030055979266762733,0.04769065976142883,2.814174175262451,,
2026-02-12,2026-02-12T02:00:00Z,2,STATION,0.010242226533591747,0.034656837582588196,2.3670809268951416,,
2026-02-12,2026-02-12T03:00:00Z,3,STATION,0.015630198642611504,0.02398665063083172,2.0979974269866943,,
2026-02-12,2026-02-12T04:00:00Z,4,STATION,0.0012420364655554295,0.023245710879564285,1.9868566989898682,,
2026-02-12,2026-02-12T05:00:00Z,5,STATION,0.009831644594669342,0.04657170549035072,2.7925169467926025,,
2026-02-12,2026-02-12T06:00:00Z,6,STATION,0.08064296841621399,0.022422151640057564,1.8633228540420532,,
2026-02-12,2026-02-12T07:00:00Z,7,STATION,0.0802227258682251,0.044175807386636734,2.7461447715759277,,
2026-02-12,2026-02-12T08:00:00Z,8,STATION,0.10359939932823181,0.04552470147609711,2.772252321243286,,
2026-02-12,2026-02-12T09:00:00Z,9,STATION,0.09169317036867142,0.023713868111371994,2.0570802688598633,,
2026-02-12,2026-02-12T10:00:00Z,10,STATION,0.06740961968898773,0.0,1.341225028038025,,
2026-02-12,2026-02-12T11:00:00Z,11,STATION,0.0904693529009819,0.021866194903850555,1.7799291610717773,,
2026-02-12,2026-02-12T12:00:00Z,12,STATION,0.12741653621196747,0.11306066811084747,4.347733974456787,,
2026-02-12,2026-02-12T13:00:00Z,13,STATION,0.21357493102550507,0.08448714017868042,3.6432180404663086,,
2026-02-12,2026-02-12T14:00:00Z,14,STATION,0.17977793514728546,0.10486136376857758,3.9970293045043945,,
2026-02-12,2026-02-12T15:00:00Z,15,STATION,0.1881009340286255,0.05991063639521599,3.297319173812866,,
2026-02-12,2026-02-12T16:00:00Z,16,STATION,0.16744588315486908,0.10492654889822006,3.9984259605407715,,
2026-02-12,2026-02-12T17:00:00Z,17,STATION,0.18685337901115417,0.023060157895088196,1.9590238332748413,,
2026-02-12,2026-02-12T18:00:00Z,18,STATION,0.0625227838754654,0.022458940744400024,1.8688411712646484,,
2026-02-12,2026-02-12T19:00:00Z,19,STATION,0.07961978763341904,0.02609960362315178,2.1696062088012695,,
2026-02-12,2026-02-12T20:00:00Z,20,STATION,0.08272577822208405,0.03647356852889061,2.5013058185577393,,
2026-02-12,2026-02-12T21:00:00Z,21,STATION,0.10941677540540695,0.0,0.7204275727272034,,
2026-02-12,2026-02-12T22:00:00Z,22,STATION,0.041045669466257095,0.0,1.0904184579849243,,
2026-02-12,2026-02-12T23:00:00Z,23,STATION,0.024790436029434204,0.0,1.31061851978302,,
2026-02-12,2026-02-13T00:00:00Z,24,STATION,0.008954454213380814,0.0,1.4597890377044678,,
2026-02-12,2026-02-13T01:00:00Z,25,STATION,0.049772344529628754,0.036165397614240646,2.474891185760498,,
2026-02-12,2026-02-13T02:00:00Z,26,STATION,0.052871208637952805,0.022223930805921555,1.8335895538330078,,
2026-02-12,2026-02-13T03:00:00Z,27,STATION,0.02907671593129635,0.027160830795764923,2.194096088409424,,
2026-02-12,2026-02-13T04:00:00Z,28,STATION,0.058901432901620865,0.05110602825880051,2.8954522609710693,,
2026-02-12,2026-02-13T05:00:00Z,29,STATION,0.05817704275250435,0.023481646552681923,2.022247076034546,,
2026-02-12,2026-02-13T06:00:00Z,30,STATION,0.0,0.03624041751027107,2.4813215732574463,,
2026-02-12,2026-02-13T07:00:00Z,31,STATION,0.061718642711639404,0.0,1.0990862846374512,,
2026-02-12,2026-02-13T08:00:00Z,32,STATION,0.046206120401620865,0.02296929620206356,1.945394515991211,,
2026-02-12,2026-02-13T09:00:00Z,33,STATION,0.037097059190273285,0.02295735664665699,1.9436036348342896,,
2026-02-12,2026-02-13T10:00:00Z,34,STATION,0.05938369408249855,0.0,1.235396385192871,,
2026-02-12,2026-02-13T11:00:00Z,35,STATION,0.058539263904094696,0.030564341694116592,2.2726385593414307,,
2026-02-12,2026-02-13T12:00:00Z,36,STATION,0.12806731462478638,0.11102645844221115,4.144312858581543,,
2026-02-12,2026-02-13T13:00:00Z,37,STATION,0.17962048947811127,0.1940629929304123,5.025741100311279,,
2026-02-12,2026-02-13T14:00:00Z,38,STATION,0.16241110861301422,0.2059287428855896,5.145368576049805,,
2026-02-12,2026-02-13T15:00:00Z,39,STATION,0.21282945573329926,0.28070321679115295,5.861853122711182,,
2026-02-12,2026-02-13T16:00:00Z,40,STATION,0.2829344868659973,0.29411664605140686,6.0334086418151855,,
2026-02-12,2026-02-13T17:00:00Z,41,STATION,0.33899420499801636,0.41338473558425903,6.535150527954102,,
2026-02-12,2026-02-13T18:00:00Z,42,STATION,0.45033493638038635,0.4243350327014923,6.627196311950684,,
2026-02-12,2026-02-13T19:00:00Z,43,STATION,0.5049059987068176,0.523048460483551,7.205070495605469,,
2026-02-12,2026-02-13T20:00:00Z,44,STATION,0.6040325164794922,0.4692923426628113,6.9788360595703125,,
2026-02-12,2026-02-13T21:00:00Z,45,STATION,0.5767436027526855,0.43306809663772583,6.741105556488037,,
2026-02-12,2026-02-13T22:00:00Z,46,STATION,0.5617144703865051,0.3585190176963806,6.279515266418457,,
2026-02-12,2026-02-13T23:00:00Z,47,STATION,0.5794225335121155,0.18762534856796265,4.9500041007995605,,
2026-02-12,2026-02-14T00:00:00Z,48,STATION,0.4066002666950226,0.10286720842123032,3.9542973041534424,,
2026-02-12,2026-02-12T01:00:00Z,1,T1,0.033864933997392654,0.048828125,2.814174175262451,,
2026-02-12,2026-02-12T02:00:00Z,2,T1,0.020484453067183495,0.036297108978033066,2.3670809268951416,,
2026-02-12,2026-02-12T03:00:00Z,3,T1,0.014560889452695847,0.024819983169436455,2.0979974269866943,,
2026-02-12,2026-02-12T04:00:00Z,4,T1,0.002484072931110859,0.02407904528081417,1.9868566989898682,,
2026-02-12,2026-02-12T05:00:00Z,5,T1,0.018552007153630257,0.04781745374202728,2.7925169467926025,,
2026-02-12,2026-02-12T06:00:00Z,6,T1,0.09187589585781097,0.02317763864994049,1.8633228540420532,,
2026-02-12,2026-02-12T07:00:00Z,7,T1,0.07661279290914536,0.04565341770648956,2.7461447715759277,,
2026-02-12,2026-02-12T08:00:00Z,8,T1,0.09654976427555084,0.04687177389860153,2.772252321243286,,
2026-02-12,2026-02-12T09:00:00Z,9,T1,0.07732602953910828,0.02454720064997673,2.0570802688598633,,
2026-02-12,2026-02-12T10:00:00Z,10,T1,0.045365139842033386,0.0,1.341225028038025,,
2026-02-12,2026-02-12T11:00:00Z,11,T1,0.1103641614317894,0.022065721452236176,1.7799291610717773,,
2026-02-12,2026-02-12T12:00:00Z,12,T1,0.130781352519989,0.11815156042575836,4.347733974456787,,
2026-02-12,2026-02-12T13:00:00Z,13,T1,0.21397192776203156,0.09097162634134293,3.6432180404663086,,
2026-02-12,2026-02-12T14:00:00Z,14,T1,0.17741112411022186,0.10984156280755997,3.9970293045043945,,
2026-02-12,2026-02-12T15:00:00Z,15,T1,0.20106355845928192,0.06355943530797958,3.297319173812866,,
2026-02-12,2026-02-12T16:00:00Z,16,T1,0.16075409948825836,0.10991605371236801,3.9984259605407715,,
2026-02-12,2026-02-12T17:00:00Z,17,T1,0.1955847144126892,0.02389349229633808,1.9590238332748413,,
2026-02-12,2026-02-12T18:00:00Z,18,T1,0.0810559093952179,0.023251214995980263,1.8688411712646484,,
2026-02-12,2026-02-12T19:00:00Z,19,T1,0.0789208933711052,0.027081625536084175,2.1696062088012695,,
2026-02-12,2026-02-12T20:00:00Z,20,T1,0.08601409196853638,0.03835074603557587,2.5013058185577393,,
2026-02-12,2026-02-12T21:00:00Z,21,T1,0.0990103930234909,0.0,0.7204275727272034,,
2026-02-12,2026-02-12T22:00:00Z,22,T1,0.0358118936419487,0.0,1.0904184579849243,,
2026-02-12,2026-02-12T23:00:00Z,23,T1,0.02592710591852665,0.0,1.31061851978302,,
2026-02-12,2026-02-13T00:00:00Z,24,T1,0.0032581030391156673,0.0,1.4597890377044678,,
2026-02-12,2026-02-13T01:00:00Z,25,T1,0.04238305613398552,0.03799854964017868,2.474891185760498,,
2026-02-12,2026-02-13T02:00:00Z,26,T1,0.050200872123241425,0.022781195119023323,1.8335895538330078,,
2026-02-12,2026-02-13T03:00:00Z,27,T1,0.02748393453657627,0.028224484995007515,2.194096088409424,,
2026-02-12,2026-02-13T04:00:00Z,28,T1,0.05906691029667854,0.05207571014761925,2.8954522609710693,,
2026-02-12,2026-02-13T05:00:00Z,29,T1,0.06243219971656799,0.02431498095393181,2.022247076034546,,
2026-02-12,2026-02-13T06:00:00Z,30,T1,0.0,0.03808428719639778,2.4813215732574463,,
2026-02-12,2026-02-13T07:00:00Z,31,T1,0.05529564246535301,0.0,1.0990862846374512,,
2026-02-12,2026-02-13T08:00:00Z,32,T1,0.05337388440966606,0.023802630603313446,1.945394515991211,,
2026-02-12,2026-02-13T09:00:00Z,33,T1,0.046163659542798996,0.023790691047906876,1.9436036348342896,,
2026-02-12,2026-02-13T10:00:00Z,34,T1,0.0499461404979229,0.0,1.235396385192871,,
2026-02-12,2026-02-13T11:00:00Z,35,T1,0.07527707517147064,0.03188980370759964,2.2726385593414307,,
2026-02-12,2026-02-13T12:00:00Z,36,T1,0.15373976528644562,0.11679542064666748,4.144312858581543,,
2026-02-12,2026-02-13T13:00:00Z,37,T1,0.20329953730106354,0.19906915724277496,5.025741100311279,,
2026-02-12,2026-02-13T14:00:00Z,38,T1,0.17439089715480804,0.2120676040649414,5.145368576049805,,
2026-02-12,2026-02-13T15:00:00Z,39,T1,0.20828858017921448,0.2912736237049103,5.861853122711182,,
2026-02-12,2026-02-13T16:00:00Z,40,T1,0.3298613131046295,0.3007257580757141,6.0334086418151855,,
2026-02-12,2026-02-13T17:00:00Z,41,T1,0.3764655590057373,0.42075443267822266,6.535150527954102,,
2026-02-12,2026-02-13T18:00:00Z,42,T1,0.45802295207977295,0.4334943890571594,6.627196311950684,,
2026-02-12,2026-02-13T19:00:00Z,43,T1,0.4980725646018982,0.5302133560180664,7.205070495605469,,
2026-02-12,2026-02-13T20:00:00Z,44,T1,0.6322758793830872,0.47797179222106934,6.9788360595703125,,
2026-02-12,2026-02-13T21:00:00Z,45,T1,0.6075833439826965,0.4418477416038513,6.741105556488037,,
2026-02-12,2026-02-13T22:00:00Z,46,T1,0.5544190406799316,0.3626856803894043,6.279515266418457,,
2026-02-12,2026-02-13T23:00:00Z,47,T1,0.6113355755805969,0.1920003741979599,4.9500041007995605,,
2026-02-12,2026-02-14T00:00:00Z,48,T1,0.4566044807434082,0.10756251960992813,3.9542973041534424,,
2026-02-12,2026-02-12T01:00:00Z,1,T2,0.026247022673487663,0.046553198248147964,2.814174175262451,,
2026-02-12,2026-02-12T02:00:00Z,2,T2,0.0,0.033016569912433624,2.3670809268951416,,
2026-02-12,2026-02-12T03:00:00Z,3,T2,0.01669950969517231,0.023153316229581833,2.0979974269866943,,
2026-02-12,2026-02-12T04:00:00Z,4,T2,0.0,0.02241237834095955,1.9868566989898682,,
2026-02-12,2026-02-12T05:00:00Z,5,T2,0.001111282384954393,0.045325957238674164,2.7925169467926025,,
2026-02-12,2026-02-12T06:00:00Z,6,T2,0.069410040974617,0.021666666492819786,1.8633228540420532,,
2026-02-12,2026-02-12T07:00:00Z,7,T2,0.08383266627788544,0.042698197066783905,2.7461447715759277,,
2026-02-12,2026-02-12T08:00:00Z,8,T2,0.11064904183149338,0.04417763277888298,2.772252321243286,,
2026-02-12,2026-02-12T09:00:00Z,9,T2,0.10606031119823456,0.02288053371012211,2.0570802688598633,,
2026-02-12,2026-02-12T10:00:00Z,10,T2,0.08945409953594208,0.0,1.341225028038025,,
2026-02-12,2026-02-12T11:00:00Z,11,T2,0.07057454437017441,0.021666666492819786,1.7799291610717773,,
2026-02-12,2026-02-12T12:00:00Z,12,T2,0.12405172735452652,0.10796978324651718,4.347733974456787,,
2026-02-12,2026-02-12T13:00:00Z,13,T2,0.21317794919013977,0.07800265401601791,3.6432180404663086,,
2026-02-12,2026-02-12T14:00:00Z,14,T2,0.18214473128318787,0.09988117218017578,3.9970293045043945,,
2026-02-12,2026-02-12T15:00:00Z,15,T2,0.17513829469680786,0.05626184493303299,3.297319173812866,,
2026-02-12,2026-02-12T16:00:00Z,16,T2,0.1741376668214798,0.09993703663349152,3.9984259605407715,,
2026-02-12,2026-02-12T17:00:00Z,17,T2,0.17812204360961914,0.02222682535648346,1.9590238332748413,,
2026-02-12,2026-02-12T18:00:00Z,18,T2,0.04398966580629349,0.021666666492819786,1.8688411712646484,,
2026-02-12,2026-02-12T19:00:00Z,19,T2,0.08031868189573288,0.025117583572864532,2.1696062088012695,,
2026-02-12,2026-02-12T20:00:00Z,20,T2,0.07943747192621231,0.03459639102220535,2.5013058185577393,,
2026-02-12,2026-02-12T21:00:00Z,21,T2,0.119823157787323,0.0,0.7204275727272034,,
2026-02-12,2026-02-12T22:00:00Z,22,T2,0.04627944529056549,0.0,1.0904184579849243,,
2026-02-12,2026-02-12T23:00:00Z,23,T2,0.02365376614034176,0.0,1.31061851978302,,
2026-02-12,2026-02-13T00:00:00Z,24,T2,0.014650804921984673,0.0,1.4597890377044678,,
2026-02-12,2026-02-13T01:00:00Z,25,T2,0.05716162919998169,0.03433224558830261,2.474891185760498,,
2026-02-12,2026-02-13T02:00:00Z,26,T2,0.055541545152664185,0.021666666492819786,1.8335895538330078,,
2026-02-12,2026-02-13T03:00:00Z,27,T2,0.030669497326016426,0.02609717845916748,2.194096088409424,,
2026-02-12,2026-02-13T04:00:00Z,28,T2,0.058735959231853485,0.050136346369981766,2.8954522609710693,,
2026-02-12,2026-02-13T05:00:00Z,29,T2,0.053921889513731,0.022648314014077187,2.022247076034546,,
2026-02-12,2026-02-13T06:00:00Z,30,T2,0.0,0.03439654782414436,2.4813215732574463,,
2026-02-12,2026-02-13T07:00:00Z,31,T2,0.0681416392326355,0.0,1.0990862846374512,,
2026-02-12,2026-02-13T08:00:00Z,32,T2,0.03903835266828537,0.022135963663458824,1.945394515991211,,
2026-02-12,2026-02-13T09:00:00Z,33,T2,0.028030458837747574,0.022124024108052254,1.9436036348342896,,
2026-02-12,2026-02-13T10:00:00Z,34,T2,0.0688212439417839,0.0,1.235396385192871,,
2026-02-12,2026-02-13T11:00:00Z,35,T2,0.04180145636200905,0.029238879680633545,2.2726385593414307,,
2026-02-12,2026-02-13T12:00:00Z,36,T2,0.10239487141370773,0.10525750368833542,4.144312858581543,,
2026-02-12,2026-02-13T13:00:00Z,37,T2,0.1559414267539978,0.18905681371688843,5.025741100311279,,
2026-02-12,2026-02-13T14:00:00Z,38,T2,0.1504313349723816,0.1997898817062378,5.145368576049805,,
2026-02-12,2026-02-13T15:00:00Z,39,T2,0.21737033128738403,0.270132839679718,5.861853122711182,,
2026-02-12,2026-02-13T16:00:00Z,40,T2,0.2360076606273651,0.2875075340270996,6.0334086418151855,,
2026-02-12,2026-02-13T17:00:00Z,41,T2,0.3015228807926178,0.4060150682926178,6.535150527954102,,
2026-02-12,2026-02-13T18:00:00Z,42,T2,0.44264689087867737,0.4151757061481476,6.627196311950684,,
2026-02-12,2026-02-13T19:00:00Z,43,T2,0.5117393732070923,0.5158835649490356,7.205070495605469,,
2026-02-12,2026-02-13T20:00:00Z,44,T2,0.5757891535758972,0.4606128931045532,6.9788360595703125,,
2026-02-12,2026-02-13T21:00:00Z,45,T2,0.5459039211273193,0.42428845167160034,6.741105556488037,,
2026-02-12,2026-02-13T22:00:00Z,46,T2,0.5690099000930786,0.35435235500335693,6.279515266418457,,
2026-02-12,2026-02-13T23:00:00Z,47,T2,0.547509491443634,0.1832503080368042,4.9500041007995605,,
2026-02-12,2026-02-14T00:00:00Z,48,T2,0.35659605264663696,0.0981718897819519,3.9542973041534424,,
2026-02-13,2026-02-13T01:00:00Z,1,STATION,0.01868864707648754,0.03670443221926689,2.5210940837860107,,
2026-02-13,2026-02-13T02:00:00Z,2,STATION,0.0377587266266346,0.0,1.2810947895050049,,
2026-02-13,2026-02-13T03:00:00Z,3,STATION,0.015389681793749332,0.0,0.8304461240768433,,
2026-02-13,2026-02-13T04:00:00Z,4,STATION,0.0,0.0,1.1996757984161377,,
2026-02-13,2026-02-13T05:00:00Z,5,STATION,0.009328057058155537,0.021656576544046402,1.7484863996505737,,
2026-02-13,2026-02-13T06:00:00Z,6,STATION,0.01465966459363699,0.0,1.4970307350158691,,
2026-02-13,2026-02-13T07:00:00Z,7,STATION,0.0401703342795372,0.02263081632554531,1.8946224451065063,,
2026-02-13,2026-02-13T08:00:00Z,8,STATION,0.07683340460062027,0.06428262591362,3.3963913917541504,,
2026-02-13,2026-02-13T09:00:00Z,9,STATION,0.18058659136295319,0.05677560344338417,3.203268051147461,,
2026-02-13,2026-02-13T10:00:00Z,10,STATION,0.16778691112995148,0.05121563747525215,2.903672933578491,,
2026-02-13,2026-02-13T11:00:00Z,11,STATION,0.08072692155838013,0.05204397439956665,2.9657981395721436,,
2026-02-13,2026-02-13T12:00:00Z,12,STATION,0.1637163907289505,0.024082057178020477,2.1123087406158447,,
2026-02-13,2026-02-13T13:00:00Z,13,STATION,0.06485512107610703,0.048543501645326614,2.8306806087493896,,
2026-02-13,2026-02-13T14:00:00Z,14,STATION,0.14599964022636414,0.12204302102327347,4.426740646362305,,
2026-02-13,2026-02-13T15:00:00Z,15,STATION,0.253258615732193,0.28874626755714417,5.960176467895508,,
2026-02-13,2026-02-13T16:00:00Z,16,STATION,0.46977320313453674,0.5832946300506592,7.593873500823975,,
2026-02-13,2026-02-13T17:00:00Z,17,STATION,0.6250965595245361,0.6817127466201782,8.002304077148438,,
2026-02-13,2026-02-13T18:00:00Z,18,STATION,0.5920542478561401,0.5585672855377197,7.370274066925049,,
2026-02-13,2026-02-13T19:00:00Z,19,STATION,0.6387913227081299,0.5505304932594299,7.3328938484191895,,
2026-02-13,2026-02-13T20:00:00Z,20,STATION,0.5733547806739807,0.5758545398712158,7.525195598602295,,
2026-02-13,2026-02-13T21:00:00Z,21,STATION,0.7224475145339966,0.5595503449440002,7.374846458435059,,
2026-02-13,2026-02-13T22:00:00Z,22,STATION,0.6680801510810852,0.5691978931427002,7.463749885559082,,
2026-02-13,2026-02-13T23:00:00Z,23,STATION,0.6802107691764832,0.508056104183197,7.13533878326416,,
2026-02-13,2026-02-14T00:00:00Z,24,STATION,0.383964478969574,0.43196889758110046,6.726768493652344,,
2026-02-13,2026-02-14T01:00:00Z,25,STATION,0.07050983607769012,0.02238387055695057,1.8575806617736816,,
2026-02-13,2026-02-14T02:00:00Z,26,STATION,0.05786505714058876,0.0213861633092165,1.7079246044158936,,
2026-02-13,2026-02-14T03:00:00Z,27,STATION,0.04692564532160759,0.03021431900560856,2.264561176300049,,
2026-02-13,2026-02-14T04:00:00Z,28,STATION,0.07032086700201035,0.0,1.2450182437896729,,
2026-02-13,2026-02-14T05:00:00Z,29,STATION,0.06124214828014374,0.0,0.6657218337059021,,
2026-02-13,2026-02-14T06:00:00Z,30,STATION,0.008869608864188194,0.0,1.173126220703125,,
2026-02-13,2026-02-14T07:00:00Z,31,STATION,0.06300985813140869,0.020076217129826546,1.5492883920669556,,
2026-02-13,2026-02-14T08:00:00Z,32,STATION,0.07925626635551453,0.05352982133626938,3.0772366523742676,,
2026-02-13,2026-02-14T09:00:00Z,33,STATION,0.14187484979629517,0.09086526185274124,3.743925094604492,,
2026-02-13,2026-02-14T10:00:00Z,34,STATION,0.14358507096767426,0.058685410767793655,3.2605624198913574,,
2026-02-13,2026-02-14T11:00:00Z,35,STATION,0.16986778378486633,0.07589403539896011,3.5357284545898438,,
2026-02-13,2026-02-14T12:00:00Z,36,STATION,0.2491016983985901,0.22430762648582458,5.254550457000732,,
2026-02-13,2026-02-14T13:00:00Z,37,STATION,0.25054553151130676,0.212426096200943,5.183967113494873,,
2026-02-13,2026-02-14T14:00:00Z,38,STATION,0.2650015652179718,0.24770793318748474,5.583306312561035,,
2026-02-13,2026-02-14T15:00:00Z,39,STATION,0.33359482884407043,0.20889681577682495,5.16300106048584,,
2026-02-13,2026-02-14T16:00:00Z,40,STATION,0.2139996439218521,0.11300481110811234,4.342148303985596,,
2026-02-13,2026-02-14T17:00:00Z,41,STATION,0.17366430163383484,0.10049596428871155,3.903485059738159,,
2026-02-13,2026-02-14T18:00:00Z,42,STATION,0.16337314248085022,0.03028268553316593,2.266138792037964,,
2026-02-13,2026-02-14T19:00:00Z,43,STATION,0.11854522675275803,0.023048749193549156,1.9573123455047607,,
2026-02-13,2026-02-14T20:00:00Z,44,STATION,0.1243729516863823,0.0,0.6700502038002014,,
2026-02-13,2026-02-14T21:00:00Z,45,STATION,0.0418262779712677,0.022603817284107208,1.8905725479125977,,
2026-02-13,2026-02-14T22:00:00Z,46,STATION,0.07905218750238419,0.0,1.16947603225708,,
2026-02-13,2026-02-14T23:00:00Z,47,STATION,0.049562156200408936,0.05214746296405792,2.973559856414795,,
2026-02-13,2026-02-15T00:00:00Z,48,STATION,0.0798131674528122,0.09685499966144562,3.8385000228881836,,
2026-02-13,2026-02-13T01:00:00Z,1,T1,0.029840810224413872,0.03861458972096443,2.5210940837860107,,
2026-02-13,2026-02-13T02:00:00Z,2,T1,0.041884779930114746,0.0,1.2810947895050049,,
2026-02-13,2026-02-13T03:00:00Z,3,T1,0.023810729384422302,0.0,0.8304461240768433,,
2026-02-13,2026-02-13T04:00:00Z,4,T1,0.0,0.0,1.1996757984161377,,
2026-02-13,2026-02-13T05:00:00Z,5,T1,0.018656114116311073,0.02164648473262787,1.7484863996505737,,
2026-02-13,2026-02-13T06:00:00Z,6,T1,0.00881597213447094,0.0,1.4970307350158691,,
2026-02-13,2026-02-13T07:00:00Z,7,T1,0.04588858038187027,0.023464148864150047,1.8946224451065063,,
2026-02-13,2026-02-13T08:00:00Z,8,T1,0.08119209110736847,0.06866320222616196,3.3963913917541504,,
2026-02-13,2026-02-13T09:00:00Z,9,T1,0.19430667161941528,0.059797391295433044,3.203268051147461,,
2026-02-13,2026-02-13T10:00:00Z,10,T1,0.18593381345272064,0.052240125834941864,2.903672933578491,,
2026-02-13,2026-02-13T11:00:00Z,11,T1,0.10911405086517334,0.05348262935876846,2.9657981395721436,,
2026-02-13,2026-02-13T12:00:00Z,12,T1,0.21647654473781586,0.024915391579270363,2.1123087406158447,,
2026-02-13,2026-02-13T13:00:00Z,13,T1,0.0633825957775116,0.04959843307733536,2.8306806087493896,,
2026-02-13,2026-02-13T14:00:00Z,14,T1,0.1593025028705597,0.1266118437051773,4.426740646362305,,
2026-02-13,2026-02-13T15:00:00Z,15,T1,0.2938604950904846,0.2973082363605499,5.960176467895508,,
2026-02-13,2026-02-13T16:00:00Z,16,T1,0.5025947093963623,0.5975197553634644,7.593873500823975,,
2026-02-13,2026-02-13T17:00:00Z,17,T1,0.6199067831039429,0.6825153827667236,8.002304077148438,,
2026-02-13,2026-02-13T18:00:00Z,18,T1,0.6228752136230469,0.5616020560264587,7.370274066925049,,
2026-02-13,2026-02-13T19:00:00Z,19,T1,0.6584144234657288,0.5544998049736023,7.3328938484191895,,
2026-02-13,2026-02-13T20:00:00Z,20,T1,0.6201072335243225,0.5865312814712524,7.525195598602295,,
2026-02-13,2026-02-13T21:00:00Z,21,T1,0.7510258555412292,0.5624708533287048,7.374846458435059,,
2026-02-13,2026-02-13T22:00:00Z,22,T1,0.6551411747932434,0.57669997215271,7.463749885559082,,
2026-02-13,2026-02-13T23:00:00Z,23,T1,0.6857196092605591,0.516964316368103,7.13533878326416,,
2026-02-13,2026-02-14T00:00:00Z,24,T1,0.46501290798187256,0.4407963454723358,6.726768493652344,,
2026-02-13,2026-02-14T01:00:00Z,25,T1,0.08038930594921112,0.0231010764837265,1.8575806617736816,,
2026-02-13,2026-02-14T02:00:00Z,26,T1,0.06758959591388702,0.021105661988258362,1.7079246044158936,,
2026-02-13,2026-02-14T03:00:00Z,27,T1,0.054994914680719376,0.03151285648345947,2.264561176300049,,
2026-02-13,2026-02-14T04:00:00Z,28,T1,0.06284923851490021,0.0,1.2450182437896729,,
2026-02-13,2026-02-14T05:00:00Z,29,T1,0.08367052674293518,0.0,0.6657218337059021,,
2026-02-13,2026-02-14T06:00:00Z,30,T1,0.01773921772837639,0.0,1.173126220703125,,
2026-02-13,2026-02-14T07:00:00Z,31,T1,0.07326576858758926,0.01949525624513626,1.5492883920669556,,
2026-02-13,2026-02-14T08:00:00Z,32,T1,0.08156310766935349,0.055711399763822556,3.0772366523742676,,
2026-02-13,2026-02-14T09:00:00Z,33,T1,0.14718979597091675,0.09634267538785934,3.743925094604492,,
2026-02-13,2026-02-14T10:00:00Z,34,T1,0.1416977345943451,0.062089160084724426,3.2605624198913574,,
2026-02-13,2026-02-14T11:00:00Z,35,T1,0.17668046057224274,0.08166798949241638,3.5357284545898438,,
2026-02-13,2026-02-14T12:00:00Z,36,T1,0.26781728863716125,0.2320842146873474,5.254550457000732,,
2026-02-13,2026-02-14T13:00:00Z,37,T1,0.235378235578537,0.21914394199848175,5.183967113494873,,
2026-02-13,2026-02-14T14:00:00Z,38,T1,0.26915934681892395,0.2541666626930237,5.583306312561035,,
2026-02-13,2026-02-14T15:00:00Z,39,T1,0.34922051429748535,0.21530015766620636,5.16300106048584,,
2026-02-13,2026-02-14T16:00:00Z,40,T1,0.2444661557674408,0.11811432242393494,4.342148303985596,,
2026-02-13,2026-02-14T17:00:00Z,41,T1,0.19479374587535858,0.10485253483057022,3.903485059738159,,
2026-02-13,2026-02-14T18:00:00Z,42,T1,0.16250601410865784,0.031586483120918274,2.266138792037964,,
2026-02-13,2026-02-14T19:00:00Z,43,T1,0.10805648565292358,0.023882081732153893,1.9573123455047607,,
2026-02-13,2026-02-14T20:00:00Z,44,T1,0.13598111271858215,0.0,0.6700502038002014,,
2026-02-13,2026-02-14T21:00:00Z,45,T1,0.05622509494423866,0.023437149822711945,1.8905725479125977,,
2026-02-13,2026-02-14T22:00:00Z,46,T1,0.07956449687480927,0.0,1.16947603225708,,
2026-02-13,2026-02-14T23:00:00Z,47,T1,0.04347030818462372,0.05363786220550537,2.973559856414795,,
2026-02-13,2026-02-15T00:00:00Z,48,T1,0.06584332883358002,0.1013866662979126,3.8385000228881836,,
2026-02-13,2026-02-13T01:00:00Z,1,T2,0.007536482997238636,0.03479427471756935,2.5210940837860107,,
2026-02-13,2026-02-13T02:00:00Z,2,T2,0.03363266959786415,0.0,1.2810947895050049,,
2026-02-13,2026-02-13T03:00:00Z,3,T2,0.006968634203076363,0.0,0.8304461240768433,,
2026-02-13,2026-02-13T04:00:00Z,4,T2,0.0,0.0,1.1996757984161377,,
2026-02-13,2026-02-13T05:00:00Z,5,T2,0.0,0.021666666492819786,1.7484863996505737,,
2026-02-13,2026-02-13T06:00:00Z,6,T2,0.02050335705280304,0.0,1.4970307350158691,,
2026-02-13,2026-02-13T07:00:00Z,7,T2,0.034452084451913834,0.021797483786940575,1.8946224451065063,,
2026-02-13,2026-02-13T08:00:00Z,8,T2,0.07247471809387207,0.059902042150497437,3.3963913917541504,,
2026-02-13,2026-02-13T09:00:00Z,9,T2,0.1668664962053299,0.0537538155913353,3.203268051147461,,
2026-02-13,2026-02-13T10:00:00Z,10,T2,0.1496400088071823,0.05019115284085274,2.903672933578491,,
2026-02-13,2026-02-13T11:00:00Z,11,T2,0.052339788526296616,0.05060531944036484,2.9657981395721436,,
2026-02-13,2026-02-13T12:00:00Z,12,T2,0.11095622926950455,0.02324872463941574,2.1123087406158447,,
2026-02-13,2026-02-13T13:00:00Z,13,T2,0.06632765382528305,0.04748857021331787,2.8306806087493896,,
2026-02-13,2026-02-13T14:00:00Z,14,T2,0.13269676268100739,0.11747419089078903,4.426740646362305,,
2026-02-13,2026-02-13T15:00:00Z,15,T2,0.21265672147274017,0.2801843285560608,5.960176467895508,,
2026-02-13,2026-02-13T16:00:00Z,16,T2,0.4369516968727112,0.569069504737854,7.593873500823975,,
2026-02-13,2026-02-13T17:00:00Z,17,T2,0.6302863359451294,0.6809101700782776,8.002304077148438,,
2026-02-13,2026-02-13T18:00:00Z,18,T2,0.5612333416938782,0.5555324554443359,7.370274066925049,,
2026-02-13,2026-02-13T19:00:00Z,19,T2,0.6191681623458862,0.5465611815452576,7.3328938484191895,,
2026-02-13,2026-02-13T20:00:00Z,20,T2,0.5266023278236389,0.5651777386665344,7.525195598602295,,
2026-02-13,2026-02-13T21:00:00Z,21,T2,0.6938692331314087,0.5566298365592957,7.374846458435059,,
2026-02-13,2026-02-13T22:00:00Z,22,T2,0.681019127368927,0.5616958141326904,7.463749885559082,,
2026-02-13,2026-02-13T23:00:00Z,23,T2,0.6747019290924072,0.4991479218006134,7.13533878326416,,
2026-02-13,2026-02-14T00:00:00Z,24,T2,0.302916020154953,0.4231414794921875,6.726768493652344,,
2026-02-13,2026-02-14T01:00:00Z,25,T2,0.06063035503029823,0.021666666492819786,1.8575806617736816,,
2026-02-13,2026-02-14T02:00:00Z,26,T2,0.0481405183672905,0.021666666492819786,1.7079246044158936,,
2026-02-13,2026-02-14T03:00:00Z,27,T2,0.038856375962495804,0.028915781527757645,2.264561176300049,,
2026-02-13,2026-02-14T04:00:00Z,28,T2,0.07779249548912048,0.0,1.2450182437896729,,
2026-02-13,2026-02-14T05:00:00Z,29,T2,0.03881377354264259,0.0,0.6657218337059021,,
2026-02-13,2026-02-14T06:00:00Z,30,T2,0.0,0.0,1.173126220703125,,
2026-02-13,2026-02-14T07:00:00Z,31,T2,0.05275395140051842,0.02065717801451683,1.5492883920669556,,
2026-02-13,2026-02-14T08:00:00Z,32,T2,0.07694942504167557,0.0513482429087162,3.0772366523742676,,
2026-02-13,2026-02-14T09:00:00Z,33,T2,0.13655991852283478,0.08538784086704254,3.743925094604492,,
2026-02-13,2026-02-14T10:00:00Z,34,T2,0.14547239243984222,0.055281661450862885,3.2605624198913574,,
2026-02-13,2026-02-14T11:00:00Z,35,T2,0.16305510699748993,0.07012008875608444,3.5357284545898438,,
2026-02-13,2026-02-14T12:00:00Z,36,T2,0.23038610816001892,0.21653105318546295,5.254550457000732,,
2026-02-13,2026-02-14T13:00:00Z,37,T2,0.2657128572463989,0.20570826530456543,5.183967113494873,,
2026-02-13,2026-02-14T14:00:00Z,38,T2,0.26084378361701965,0.2412491887807846,5.583306312561035,,
2026-02-13,2026-02-14T15:00:00Z,39,T2,0.31796911358833313,0.20249345898628235,5.16300106048584,,
2026-02-13,2026-02-14T16:00:00Z,40,T2,0.18353311717510223,0.10789530724287033,4.342148303985596,,
2026-02-13,2026-02-14T17:00:00Z,41,T2,0.1525348573923111,0.09613940119743347,3.903485059738159,,
2026-02-13,2026-02-14T18:00:00Z,42,T2,0.1642402708530426,0.02897888980805874,2.266138792037964,,
2026-02-13,2026-02-14T19:00:00Z,43,T2,0.12903396785259247,0.02221541665494442,1.9573123455047607,,
2026-02-13,2026-02-14T20:00:00Z,44,T2,0.11276479065418243,0.0,0.6700502038002014,,
2026-02-13,2026-02-14T21:00:00Z,45,T2,0.02742745913565159,0.021770482882857323,1.8905725479125977,,
2026-02-13,2026-02-14T22:00:00Z,46,T2,0.0785398781299591,0.0,1.16947603225708,,
2026-02-13,2026-02-14T23:00:00Z,47,T2,0.05565400794148445,0.050657063722610474,2.973559856414795,,
2026-02-13,2026-02-15T00:00:00Z,48,T2,0.09378300607204437,0.09232333302497864,3.8385000228881836,,
2026-02-14,2026-02-14T01:00:00Z,1,STATION,0.1756100356578827,0.27098405361175537,5.790737152099609,,
2026-02-14,2026-02-14T02:00:00Z,2,STATION,0.2011200338602066,0.09097009152173996,3.7455804347991943,,
2026-02-14,2026-02-14T03:00:00Z,3,STATION,0.06993182003498077,0.09283022582530975,3.7749509811401367,,
2026-02-14,2026-02-14T04:00:00Z,4,STATION,0.04433598741889,0.04754412919282913,2.811337947845459,,
2026-02-14,2026-02-14T05:00:00Z,5,STATION,0.030581917613744736,0.020826511085033417,1.6243177652359009,,
2026-02-14,2026-02-14T06:00:00Z,6,STATION,0.04057949781417847,0.023141946643590927,1.9712921380996704,,
2026-02-14,2026-02-14T07:00:00Z,7,STATION,0.057935528457164764,0.0,1.4524991512298584,,
2026-02-14,2026-02-14T08:00:00Z,8,STATION,0.03353816270828247,0.0,1.3718914985656738,,
2026-02-14,2026-02-14T09:00:00Z,9,STATION,0.02415958233177662,0.05453093722462654,3.135928153991699,,
2026-02-14,2026-02-14T10:00:00Z,10,STATION,0.10345035046339035,0.0,0.8853824138641357,,
2026-02-14,2026-02-14T11:00:00Z,11,STATION,0.04038769751787186,0.0,0.9655500054359436,,
2026-02-14,2026-02-14T12:00:00Z,12,STATION,0.07376331835985184,0.0,0.5687133073806763,,
2026-02-14,2026-02-14T13:00:00Z,13,STATION,0.06612814962863922,0.0,0.37930724024772644,,
2026-02-14,2026-02-14T14:00:00Z,14,STATION,0.04683099314570427,0.020941663533449173,1.6412495374679565,,
2026-02-14,2026-02-14T15:00:00Z,15,STATION,0.09669151157140732,0.036372970789670944,2.492683172225952,,
2026-02-14,2026-02-14T16:00:00Z,16,STATION,0.14711442589759827,0.04956330358982086,2.85041880607605,,
2026-02-14,2026-02-14T17:00:00Z,17,STATION,0.10918846726417542,0.05164026841521263,2.9355201721191406,,
2026-02-14,2026-02-14T18:00:00Z,18,STATION,0.13237479329109192,0.0,0.43003323674201965,,
2026-02-14,2026-02-14T19:00:00Z,19,STATION,0.05467657744884491,0.0,0.5997735857963562,,
2026-02-14,2026-02-14T20:00:00Z,20,STATION,0.058522630482912064,0.0,1.1588739156723022,,
2026-02-14,2026-02-14T21:00:00Z,21,STATION,0.02038085274398327,0.0,1.3207954168319702,,
2026-02-14,2026-02-14T22:00:00Z,22,STATION,0.07947377115488052,0.028419166803359985,2.2231345176696777,,
2026-02-14,2026-02-14T23:00:00Z,23,STATION,0.048252709209918976,0.08551241457462311,3.6594066619873047,,
2026-02-14,2026-02-15T00:00:00Z,24,STATION,0.031152503564953804,0.05926186591386795,3.27785587310791,,
2026-02-14,2026-02-15T01:00:00Z,25,STATION,0.12025509029626846,0.19281020760536194,5.011002540588379,,
2026-02-14,2026-02-15T02:00:00Z,26,STATION,0.17847543954849243,0.2844057083129883,5.900986671447754,,
2026-02-14,2026-02-15T03:00:00Z,27,STATION,0.2805999517440796,0.4190465211868286,6.582332134246826,,
2026-02-14,2026-02-15T04:00:00Z,28,STATION,0.34691041707992554,0.44438111782073975,6.8791913986206055,,
2026-02-14,2026-02-15T05:00:00Z,29,STATION,0.6230102181434631,0.6116754412651062,7.692591190338135,,
2026-02-14,2026-02-15T06:00:00Z,30,STATION,0.6184971928596497,0.7191606760025024,8.718524932861328,,
2026-02-14,2026-02-15T07:00:00Z,31,STATION,0.8235745429992676,0.8730107545852661,9.538331031799316,,
2026-02-14,2026-02-15T08:00:00Z,32,STATION,0.8988085985183716,0.8892144560813904,9.764466285705566,,
2026-02-14,2026-02-15T09:00:00Z,33,STATION,0.9046345949172974,0.8659873604774475,9.48755931854248,,
2026-02-14,2026-02-15T10:00:00Z,34,STATION,0.8920501470565796,0.7172511219978333,8.646917343139648,,
2026-02-14,2026-02-15T11:00:00Z,35,STATION,0.9254966378211975,0.6819280385971069,8.013068199157715,,
2026-02-14,2026-02-15T12:00:00Z,36,STATION,0.931886613368988,0.685430645942688,8.314594268798828,,
2026-02-14,2026-02-15T13:00:00Z,37,STATION,0.9407656192779541,0.6846135854721069,8.192037582397461,,
2026-02-14,2026-02-15T14:00:00Z,38,STATION,0.889701783657074,0.685714840888977,8.35722541809082,,
2026-02-14,2026-02-15T15:00:00Z,39,STATION,0.9301847815513611,0.6845774054527283,8.186609268188477,,
2026-02-14,2026-02-15T16:00:00Z,40,STATION,0.8790925145149231,0.6833703517913818,8.085186004638672,,
2026-02-14,2026-02-15T17:00:00Z,41,STATION,0.8465851545333862,0.5849568843841553,7.609217166900635,,
2026-02-14,2026-02-15T18:00:00Z,42,STATION,0.7199891209602356,0.4292759597301483,6.691642761230469,,
2026-02-14,2026-02-15T19:00:00Z,43,STATION,0.6413868069648743,0.4261508584022522,6.650880813598633,,
2026-02-14,2026-02-15T20:00:00Z,44,STATION,0.49564629793167114,0.43297502398490906,6.739891529083252,,
2026-02-14,2026-02-15T21:00:00Z,45,STATION,0.5472270846366882,0.4186878204345703,6.579342842102051,,
2026-02-14,2026-02-15T22:00:00Z,46,STATION,0.39682555198669434,0.32564884424209595,6.191470146179199,,
2026-02-14,2026-02-15T23:00:00Z,47,STATION,0.4528105556964874,0.28579479455947876,5.919929027557373,,
2026-02-14,2026-02-16T00:00:00Z,48,STATION,0.4646100699901581,0.2699469029903412,5.783148288726807,,
2026-02-14,2026-02-14T01:00:00Z,1,T1,0.20759795606136322,0.28013211488723755,5.790737152099609,,
2026-02-14,2026-02-14T02:00:00Z,2,T1,0.25167781114578247,0.0964309498667717,3.7455804347991943,,
2026-02-14,2026-02-14T03:00:00Z,3,T1,0.11542459577322006,0.09799738228321075,3.7749509811401367,,
2026-02-14,2026-02-14T04:00:00Z,4,T1,0.06160547584295273,0.048695772886276245,2.811337947845459,,
2026-02-14,2026-02-14T05:00:00Z,5,T1,0.029707487672567368,0.01999545283615589,1.6243177652359009,,
2026-02-14,2026-02-14T06:00:00Z,6,T1,0.03737413510680199,0.023975281044840813,1.9712921380996704,,
2026-02-14,2026-02-14T07:00:00Z,7,T1,0.04284343123435974,0.0,1.4524991512298584,,
2026-02-14,2026-02-14T08:00:00Z,8,T1,0.0295806173235178,0.0,1.3718914985656738,,
2026-02-14,2026-02-14T09:00:00Z,9,T1,0.0314350351691246,0.05710379034280777,3.135928153991699,,
2026-02-14,2026-02-14T10:00:00Z,10,T1,0.0828302875161171,0.0,0.8853824138641357,,
2026-02-14,2026-02-14T11:00:00Z,11,T1,0.027589427307248116,0.0,0.9655500054359436,,
2026-02-14,2026-02-14T12:00:00Z,12,T1,0.045038435608148575,0.0,0.5687133073806763,,
2026-02-14,2026-02-14T13:00:00Z,13,T1,0.04550705477595329,0.0,0.37930724024772644,,
2026-02-14,2026-02-14T14:00:00Z,14,T1,0.05036906898021698,0.02021666057407856,1.6412495374679565,,
2026-02-14,2026-02-14T15:00:00Z,15,T1,0.08286259323358536,0.038235776126384735,2.492683172225952,,
2026-02-14,2026-02-14T16:00:00Z,16,T1,0.11767233163118362,0.05051954463124275,2.85041880607605,,
2026-02-14,2026-02-14T17:00:00Z,17,T1,0.10043114423751831,0.052877072244882584,2.9355201721191406,,
2026-02-14,2026-02-14T18:00:00Z,18,T1,0.13848263025283813,0.0,0.43003323674201965,,
2026-02-14,2026-02-14T19:00:00Z,19,T1,0.058425214141607285,0.0,0.5997735857963562,,
2026-02-14,2026-02-14T20:00:00Z,20,T1,0.05297761783003807,0.0,1.1588739156723022,,
2026-02-14,2026-02-14T21:00:00Z,21,T1,0.03094092570245266,0.0,1.3207954168319702,,
2026-02-14,2026-02-14T22:00:00Z,22,T1,0.0896511822938919,0.029579617083072662,2.2231345176696777,,
2026-02-14,2026-02-14T23:00:00Z,23,T1,0.01908573880791664,0.09183501452207565,3.6594066619873047,,
2026-02-14,2026-02-15T00:00:00Z,24,T1,0.006690115202218294,0.06278090924024582,3.27785587310791,,
2026-02-14,2026-02-15T01:00:00Z,25,T1,0.12161508947610855,0.19769355654716492,5.011002540588379,,
2026-02-14,2026-02-15T02:00:00Z,26,T1,0.20443402230739594,0.2945460379123688,5.900986671447754,,
2026-02-14,2026-02-15T03:00:00Z,27,T1,0.3057311177253723,0.42735984921455383,6.582332134246826,,
2026-02-14,2026-02-15T04:00:00Z,28,T1,0.3909778594970703,0.4527284502983093,6.8791913986206055,,
2026-02-14,2026-02-15T05:00:00Z,29,T1,0.640389084815979,0.6239039301872253,7.692591190338135,,
2026-02-14,2026-02-15T06:00:00Z,30,T1,0.6181501746177673,0.7200000286102295,8.718524932861328,,
2026-02-14,2026-02-15T07:00:00Z,31,T1,0.8385812044143677,0.8850106596946716,9.538331031799316,,
2026-02-14,2026-02-15T08:00:00Z,32,T1,0.9286299347877502,0.9034115672111511,9.764466285705566,,
2026-02-14,2026-02-15T09:00:00Z,33,T1,0.932166576385498,0.8767179846763611,9.48755931854248,,
2026-02-14,2026-02-15T10:00:00Z,34,T1,0.9126173853874207,0.7200000286102295,8.646917343139648,,
2026-02-14,2026-02-15T11:00:00Z,35,T1,0.9308854937553406,0.6825871467590332,8.013068199157715,,
2026-02-14,2026-02-15T12:00:00Z,36,T1,0.9441553354263306,0.6852293014526367,8.314594268798828,,
2026-02-14,2026-02-15T13:00:00Z,37,T1,0.9610946178436279,0.6840037107467651,8.192037582397461,,
2026-02-14,2026-02-15T14:00:00Z,38,T1,0.9000422954559326,0.6856555938720703,8.35722541809082,,
2026-02-14,2026-02-15T15:00:00Z,39,T1,0.9499847292900085,0.6839494109153748,8.186609268188477,,
2026-02-14,2026-02-15T16:00:00Z,40,T1,0.9113914370536804,0.6830679178237915,8.085186004638672,,
2026-02-14,2026-02-15T17:00:00Z,41,T1,0.8805485367774963,0.5999747514724731,7.609217166900635,,
2026-02-14,2026-02-15T18:00:00Z,42,T1,0.7844187021255493,0.43822047114372253,6.691642761230469,,
2026-02-14,2026-02-15T19:00:00Z,43,T1,0.689741313457489,0.4352312684059143,6.650880813598633,,
2026-02-14,2026-02-15T20:00:00Z,44,T1,0.5348976850509644,0.4417587220668793,6.739891529083252,,
2026-02-14,2026-02-15T21:00:00Z,45,T1,0.5986403226852417,0.4269413352012634,6.579342842102051,,
2026-02-14,2026-02-15T22:00:00Z,46,T1,0.45075854659080505,0.32981550693511963,6.191470146179199,,
2026-02-14,2026-02-15T23:00:00Z,47,T1,0.4818163514137268,0.2954300343990326,5.919929027557373,,
2026-02-14,2026-02-16T00:00:00Z,48,T1,0.47060471773147583,0.2789432108402252,5.783148288726807,,
2026-02-14,2026-02-14T01:00:00Z,1,T2,0.14362211525440216,0.2618359923362732,5.790737152099609,,
2026-02-14,2026-02-14T02:00:00Z,2,T2,0.15056225657463074,0.08550922572612762,3.7455804347991943,,
2026-02-14,2026-02-14T03:00:00Z,3,T2,0.024439044296741486,0.08766306936740875,3.7749509811401367,,
2026-02-14,2026-02-14T04:00:00Z,4,T2,0.02706650085747242,0.04639248549938202,2.811337947845459,,
2026-02-14,2026-02-14T05:00:00Z,5,T2,0.031456347554922104,0.02165757119655609,1.6243177652359009,,
2026-02-14,2026-02-14T06:00:00Z,6,T2,0.04378486052155495,0.02230861410498619,1.9712921380996704,,
2026-02-14,2026-02-14T07:00:00Z,7,T2,0.07302762567996979,0.0,1.4524991512298584,,
2026-02-14,2026-02-14T08:00:00Z,8,T2,0.03749570995569229,0.0,1.3718914985656738,,
2026-02-14,2026-02-14T09:00:00Z,9,T2,0.016884129494428635,0.051958080381155014,3.135928153991699,,
2026-02-14,2026-02-14T10:00:00Z,10,T2,0.1240704208612442,0.0,0.8853824138641357,,
2026-02-14,2026-02-14T11:00:00Z,11,T2,0.05318596959114075,0.0,0.9655500054359436,,
2026-02-14,2026-02-14T12:00:00Z,12,T2,0.1024881973862648,0.0,0.5687133073806763,,
2026-02-14,2026-02-14T13:00:00Z,13,T2,0.08674924075603485,0.0,0.37930724024772644,,
2026-02-14,2026-02-14T14:00:00Z,14,T2,0.04329291731119156,0.021666666492819786,1.6412495374679565,,
2026-02-14,2026-02-14T15:00:00Z,15,T2,0.11052042245864868,0.03451016545295715,2.492683172225952,,
2026-02-14,2026-02-14T16:00:00Z,16,T2,0.1765565276145935,0.04860706627368927,2.85041880607605,,
2026-02-14,2026-02-14T17:00:00Z,17,T2,0.11794579029083252,0.05040346831083298,2.9355201721191406,,
2026-02-14,2026-02-14T18:00:00Z,18,T2,0.1262669712305069,0.0,0.43003323674201965,,
2026-02-14,2026-02-14T19:00:00Z,19,T2,0.050927937030792236,0.0,0.5997735857963562,,
2026-02-14,2026-02-14T20:00:00Z,20,T2,0.06406763941049576,0.0,1.1588739156723022,,
2026-02-14,2026-02-14T21:00:00Z,21,T2,0.009820779785513878,0.0,1.3207954168319702,,
2026-02-14,2026-02-14T22:00:00Z,22,T2,0.06929636001586914,0.027258718386292458,2.2231345176696777,,
2026-02-14,2026-02-14T23:00:00Z,23,T2,0.07741968333721161,0.07918981462717056,3.6594066619873047,,
2026-02-14,2026-02-15T00:00:00Z,24,T2,0.0556148886680603,0.05574282631278038,3.27785587310791,,
2026-02-14,2026-02-15T01:00:00Z,25,T2,0.11889509111642838,0.18792685866355896,5.011002540588379,,
2026-02-14,2026-02-15T02:00:00Z,26,T2,0.15251685678958893,0.2742653489112854,5.900986671447754,,
2026-02-14,2026-02-15T03:00:00Z,27,T2,0.25546878576278687,0.4107332229614258,6.582332134246826,,
2026-02-14,2026-02-15T04:00:00Z,28,T2,0.30284300446510315,0.43603381514549255,6.8791913986206055,,
2026-02-14,2026-02-15T05:00:00Z,29,T2,0.605631411075592,0.5994470119476318,7.692591190338135,,
2026-02-14,2026-02-15T06:00:00Z,30,T2,0.6188441514968872,0.7183213233947754,8.718524932861328,,
2026-02-14,2026-02-15T07:00:00Z,31,T2,0.8085678815841675,0.8610107898712158,9.538331031799316,,
2026-02-14,2026-02-15T08:00:00Z,32,T2,0.8689873218536377,0.8750172853469849,9.764466285705566,,
2026-02-14,2026-02-15T09:00:00Z,33,T2,0.8771026730537415,0.8552566766738892,9.48755931854248,,
2026-02-14,2026-02-15T10:00:00Z,34,T2,0.8714829087257385,0.7145022749900818,8.646917343139648,,
2026-02-14,2026-02-15T11:00:00Z,35,T2,0.9201078414916992,0.6812689304351807,8.013068199157715,,
2026-02-14,2026-02-15T12:00:00Z,36,T2,0.9196179509162903,0.6856319904327393,8.314594268798828,,
2026-02-14,2026-02-15T13:00:00Z,37,T2,0.9204365611076355,0.6852234601974487,8.192037582397461,,
2026-02-14,2026-02-15T14:00:00Z,38,T2,0.8793612718582153,0.6857740879058838,8.35722541809082,,
2026-02-14,2026-02-15T15:00:00Z,39,T2,0.9103848338127136,0.685205340385437,8.186609268188477,,
2026-02-14,2026-02-15T16:00:00Z,40,T2,0.8467935919761658,0.6836728453636169,8.085186004638672,,
2026-02-14,2026-02-15T17:00:00Z,41,T2,0.8126217722892761,0.5699389576911926,7.609217166900635,,
2026-02-14,2026-02-15T18:00:00Z,42,T2,0.6555595993995667,0.4203314185142517,6.691642761230469,,
2026-02-14,2026-02-15T19:00:00Z,43,T2,0.5930323004722595,0.4170704782009125,6.650880813598633,,
2026-02-14,2026-02-15T20:00:00Z,44,T2,0.45639491081237793,0.42419132590293884,6.739891529083252,,
2026-02-14,2026-02-15T21:00:00Z,45,T2,0.49581387639045715,0.4104343056678772,6.579342842102051,,
2026-02-14,2026-02-15T22:00:00Z,46,T2,0.342892587184906,0.32148218154907227,6.191470146179199,,
2026-02-14,2026-02-15T23:00:00Z,47,T2,0.42380475997924805,0.2761595547199249,5.919929027557373,,
2026-02-14,2026-02-16T00:00:00Z,48,T2,0.45861542224884033,0.26095062494277954,5.783148288726807,,
2026-02-15,2026-02-15T01:00:00Z,1,STATION,0.14767679572105408,0.23473131656646729,5.316473007202148,,
2026-02-15,2026-02-15T02:00:00Z,2,STATION,0.19921259582042694,0.24600140750408173,5.46953821182251,,
2026-02-15,2026-02-15T03:00:00Z,3,STATION,0.2182023674249649,0.42896515130996704,6.687588691711426,,
2026-02-15,2026-02-15T04:00:00Z,4,STATION,0.4452323019504547,0.57459956407547,7.513611316680908,,
2026-02-15,2026-02-15T05:00:00Z,5,STATION,0.5073671936988831,0.6178558468818665,7.709295272827148,,
2026-02-15,2026-02-15T06:00:00Z,6,STATION,0.6085551381111145,0.7094559073448181,8.566534996032715,,
2026-02-15,2026-02-15T07:00:00Z,7,STATION,0.7719700932502747,0.8862845301628113,9.667508125305176,,
2026-02-15,2026-02-15T08:00:00Z,8,STATION,0.8865888714790344,0.8778797388076782,9.573528289794922,,
2026-02-15,2026-02-15T09:00:00Z,9,STATION,0.8332065343856812,0.7214500904083252,8.804378509521484,,
2026-02-15,2026-02-15T10:00:00Z,10,STATION,0.9272260665893555,0.6846511363983154,8.197671890258789,,
2026-02-15,2026-02-15T11:00:00Z,11,STATION,0.9266254305839539,0.6834800243377686,8.090669631958008,,
2026-02-15,2026-02-15T12:00:00Z,12,STATION,0.9495806097984314,0.6832296252250671,8.078147888183594,,
2026-02-15,2026-02-15T13:00:00Z,13,STATION,0.9546709060668945,0.6146119236946106,7.700527667999268,,
2026-02-15,2026-02-15T14:00:00Z,14,STATION,0.9223489165306091,0.6391851902008057,7.766942024230957,,
2026-02-15,2026-02-15T15:00:00Z,15,STATION,0.8804563283920288,0.6821973323822021,8.026534080505371,,
2026-02-15,2026-02-15T16:00:00Z,16,STATION,0.9223142266273499,0.5612741112709045,7.3906073570251465,,
2026-02-15,2026-02-15T17:00:00Z,17,STATION,0.8091453313827515,0.3222229480743408,6.18229341506958,,
2026-02-15,2026-02-15T18:00:00Z,18,STATION,0.5234052538871765,0.2504900395870209,5.640780925750732,,
2026-02-15,2026-02-15T19:00:00Z,19,STATION,0.4293253719806671,0.22024959325790405,5.230443000793457,,
2026-02-15,2026-02-15T20:00:00Z,20,STATION,0.29274889826774597,0.2863592207431793,5.92762565612793,,
2026-02-15,2026-02-15T21:00:00Z,21,STATION,0.35632824897766113,0.3087536692619324,6.146214962005615,,
2026-02-15,2026-02-15T22:00:00Z,22,STATION,0.4341793358325958,0.3966269791126251,6.39550256729126,,
2026-02-15,2026-02-15T23:00:00Z,23,STATION,0.46801045536994934,0.4183025658130646,6.576132297515869,,
2026-02-15,2026-02-16T00:00:00Z,24,STATION,0.526251494884491,0.4264257848262787,6.65446662902832,,
2026-02-15,2026-02-16T01:00:00Z,25,STATION,0.3563891649246216,0.2483239471912384,5.624373912811279,,
2026-02-15,2026-02-16T02:00:00Z,26,STATION,0.2539653480052948,0.34176555275917053,6.234639644622803,,
2026-02-15,2026-02-16T03:00:00Z,27,STATION,0.3137238621711731,0.43249180912971497,6.733588695526123,,
2026-02-15,2026-02-16T04:00:00Z,28,STATION,0.4500078856945038,0.4860612750053406,7.04591178894043,,
2026-02-15,2026-02-16T05:00:00Z,29,STATION,0.3618505597114563,0.25894418358802795,5.702640533447266,,
2026-02-15,2026-02-16T06:00:00Z,30,STATION,0.3646238148212433,0.2996603548526764,6.109004974365234,,
2026-02-15,2026-02-16T07:00:00Z,31,STATION,0.5086529850959778,0.2476588934659958,5.5800371170043945,,
2026-02-15,2026-02-16T08:00:00Z,32,STATION,0.3760893940925598,0.15541110932826996,4.624967098236084,,
2026-02-15,2026-02-16T09:00:00Z,33,STATION,0.3378036320209503,0.23084527254104614,5.2933878898620605,,
2026-02-15,2026-02-16T10:00:00Z,34,STATION,0.5112153887748718,0.21567606925964355,5.203273773193359,,
2026-02-15,2026-02-16T11:00:00Z,35,STATION,0.4532427191734314,0.2966012954711914,6.067290306091309,,
2026-02-15,2026-02-16T12:00:00Z,36,STATION,0.5650230646133423,0.437980055809021,6.805174827575684,,
2026-02-15,2026-02-16T13:00:00Z,37,STATION,0.6309537887573242,0.24756792187690735,5.573972225189209,,
2026-02-15,2026-02-16T14:00:00Z,38,STATION,0.4905283451080322,0.36503010988235474,6.296955585479736,,
2026-02-15,2026-02-16T15:00:00Z,39,STATION,0.5564643144607544,0.4489070475101471,6.897294998168945,,
2026-02-15,2026-02-16T16:00:00Z,40,STATION,0.6312029361724854,0.5434776544570923,7.3000898361206055,,
2026-02-15,2026-02-16T17:00:00Z,41,STATION,0.5687718391418457,0.45631685853004456,6.926934242248535,,
2026-02-15,2026-02-16T18:00:00Z,42,STATION,0.5217291712760925,0.3795747458934784,6.335914611816406,,
2026-02-15,2026-02-16T19:00:00Z,43,STATION,0.3570716977119446,0.29452240467071533,6.038941860198975,,
2026-02-15,2026-02-16T20:00:00Z,44,STATION,0.32368549704551697,0.3285932242870331,6.199357032775879,,
2026-02-15,2026-02-16T21:00:00Z,45,STATION,0.35743817687034607,0.34457260370254517,6.242158889770508,,
2026-02-15,2026-02-16T22:00:00Z,46,STATION,0.33993756771087646,0.28094905614852905,5.863651752471924,,
2026-02-15,2026-02-16T23:00:00Z,47,STATION,0.2931252419948578,0.2955162823200226,6.052494525909424,,
2026-02-15,2026-02-17T00:00:00Z,48,STATION,0.1845768690109253,0.23969963192939758,5.345987796783447,,
2026-02-15,2026-02-15T01:00:00Z,1,T1,0.14753656089305878,0.2434367537498474,5.316473007202148,,
2026-02-15,2026-02-15T02:00:00Z,2,T1,0.22140218317508698,0.2541666626930237,5.46953821182251,,
2026-02-15,2026-02-15T03:00:00Z,3,T1,0.2505781650543213,0.4379231929779053,6.687588691711426,,
2026-02-15,2026-02-15T04:00:00Z,4,T1,0.5076594352722168,0.5846778154373169,7.513611316680908,,
2026-02-15,2026-02-15T05:00:00Z,5,T1,0.5652819871902466,0.6291934251785278,7.709295272827148,,
2026-02-15,2026-02-15T06:00:00Z,6,T1,0.6344672441482544,0.7120097279548645,8.566534996032715,,
2026-02-15,2026-02-15T07:00:00Z,7,T1,0.8009986281394958,0.9004604816436768,9.667508125305176,,
2026-02-15,2026-02-15T08:00:00Z,8,T1,0.9139330983161926,0.8907595872879028,9.573528289794922,,
2026-02-15,2026-02-15T09:00:00Z,9,T1,0.8424588441848755,0.7200000286102295,8.804378509521484,,
2026-02-15,2026-02-15T10:00:00Z,10,T1,0.9279237985610962,0.6840600371360779,8.197671890258789,,
2026-02-15,2026-02-15T11:00:00Z,11,T1,0.9342941045761108,0.6831044554710388,8.090669631958008,,
2026-02-15,2026-02-15T12:00:00Z,12,T1,0.9541324973106384,0.6830210089683533,8.078147888183594,,
2026-02-15,2026-02-15T13:00:00Z,13,T1,0.9546468257904053,0.6264171004295349,7.700527667999268,,
2026-02-15,2026-02-15T14:00:00Z,14,T1,0.9598827958106995,0.6474483013153076,7.766942024230957,,
2026-02-15,2026-02-15T15:00:00Z,15,T1,0.9031230807304382,0.6826769113540649,8.026534080505371,,
2026-02-15,2026-02-15T16:00:00Z,16,T1,0.9751845002174377,0.5649971961975098,7.3906073570251465,,
2026-02-15,2026-02-15T17:00:00Z,17,T1,0.8116185665130615,0.3263896107673645,6.18229341506958,,
2026-02-15,2026-02-15T18:00:00Z,18,T1,0.5965919494628906,0.2566390037536621,5.640780925750732,,
2026-02-15,2026-02-15T19:00:00Z,19,T1,0.49578529596328735,0.22766457498073578,5.230443000793457,,
2026-02-15,2026-02-15T20:00:00Z,20,T1,0.34125816822052,0.2957891821861267,5.92762565612793,,
2026-02-15,2026-02-15T21:00:00Z,21,T1,0.4177737832069397,0.31292033195495605,6.146214962005615,,
2026-02-15,2026-02-15T22:00:00Z,22,T1,0.4804820716381073,0.4012037217617035,6.39550256729126,,
2026-02-15,2026-02-15T23:00:00Z,23,T1,0.5608712434768677,0.4264918863773346,6.576132297515869,,
2026-02-15,2026-02-16T00:00:00Z,24,T1,0.5505846738815308,0.43549424409866333,6.65446662902832,,
2026-02-15,2026-02-16T01:00:00Z,25,T1,0.39496204257011414,0.2541666626930237,5.624373912811279,,
2026-02-15,2026-02-16T02:00:00Z,26,T1,0.2937706708908081,0.3459322154521942,6.234639644622803,,
2026-02-15,2026-02-16T03:00:00Z,27,T1,0.374896377325058,0.4412965178489685,6.733588695526123,,
2026-02-15,2026-02-16T04:00:00Z,28,T1,0.4646223485469818,0.4949643015861511,7.04591178894043,,
2026-02-15,2026-02-16T05:00:00Z,29,T1,0.4206312894821167,0.2663303315639496,5.702640533447266,,
2026-02-15,2026-02-16T06:00:00Z,30,T1,0.37833359837532043,0.30425354838371277,6.109004974365234,,
2026-02-15,2026-02-16T07:00:00Z,31,T1,0.4963313341140747,0.2541666626930237,5.5800371170043945,,
2026-02-15,2026-02-16T08:00:00Z,32,T1,0.3597114384174347,0.15832804143428802,4.624967098236084,,
2026-02-15,2026-02-16T09:00:00Z,33,T1,0.3270261883735657,0.23920443654060364,5.2933878898620605,,
2026-02-15,2026-02-16T10:00:00Z,34,T1,0.5202091932296753,0.22268350422382355,5.203273773193359,,
2026-02-15,2026-02-16T11:00:00Z,35,T1,0.47686657309532166,0.3023068904876709,6.067290306091309,,
2026-02-15,2026-02-16T12:00:00Z,36,T1,0.5935994386672974,0.44654616713523865,6.805174827575684,,
2026-02-15,2026-02-16T13:00:00Z,37,T1,0.6370736956596375,0.2541666626930237,5.573972225189209,,
2026-02-15,2026-02-16T14:00:00Z,38,T1,0.4910513460636139,0.3691968023777008,6.296955585479736,,
2026-02-15,2026-02-16T15:00:00Z,39,T1,0.5686365365982056,0.45731469988822937,6.897294998168945,,
2026-02-15,2026-02-16T16:00:00Z,40,T1,0.6185972690582275,0.548267126083374,7.3000898361206055,,
2026-02-15,2026-02-16T17:00:00Z,41,T1,0.5760641098022461,0.46482330560684204,6.926934242248535,,
2026-02-15,2026-02-16T18:00:00Z,42,T1,0.5802038311958313,0.3837414085865021,6.335914611816406,,
2026-02-15,2026-02-16T19:00:00Z,43,T1,0.38652390241622925,0.3009839355945587,6.038941860198975,,
2026-02-15,2026-02-16T20:00:00Z,44,T1,0.3607286810874939,0.33275991678237915,6.199357032775879,,
2026-02-15,2026-02-16T21:00:00Z,45,T1,0.3937024176120758,0.34873926639556885,6.242158889770508,,
2026-02-15,2026-02-16T22:00:00Z,46,T1,0.3873389661312103,0.29155540466308594,5.863651752471924,,
2026-02-15,2026-02-16T23:00:00Z,47,T1,0.3192496597766876,0.3016164004802704,6.052494525909424,,
2026-02-15,2026-02-17T00:00:00Z,48,T1,0.2728900611400604,0.24884778261184692,5.345987796783447,,
2026-02-15,2026-02-15T01:00:00Z,1,T2,0.14781704545021057,0.22602589428424835,5.316473007202148,,
2026-02-15,2026-02-15T02:00:00Z,2,T2,0.1770230084657669,0.23783615231513977,5.46953821182251,,
2026-02-15,2026-02-15T03:00:00Z,3,T2,0.18582655489444733,0.4200071096420288,6.687588691711426,,
2026-02-15,2026-02-15T04:00:00Z,4,T2,0.3828052282333374,0.564521312713623,7.513611316680908,,
2026-02-15,2026-02-15T05:00:00Z,5,T2,0.44945237040519714,0.6065182685852051,7.709295272827148,,
2026-02-15,2026-02-15T06:00:00Z,6,T2,0.5826430916786194,0.7069021463394165,8.566534996032715,,
2026-02-15,2026-02-15T07:00:00Z,7,T2,0.7429414987564087,0.8721085786819458,9.667508125305176,,
2026-02-15,2026-02-15T08:00:00Z,8,T2,0.859244704246521,0.8649998307228088,9.573528289794922,,
2026-02-15,2026-02-15T09:00:00Z,9,T2,0.8239542245864868,0.7229002118110657,8.804378509521484,,
2026-02-15,2026-02-15T10:00:00Z,10,T2,0.92652827501297,0.685242235660553,8.197671890258789,,
2026-02-15,2026-02-15T11:00:00Z,11,T2,0.9189568161964417,0.6838556528091431,8.090669631958008,,
2026-02-15,2026-02-15T12:00:00Z,12,T2,0.9450287818908691,0.683438241481781,8.078147888183594,,
2026-02-15,2026-02-15T13:00:00Z,13,T2,0.9546950459480286,0.6028067469596863,7.700527667999268,,
2026-02-15,2026-02-15T14:00:00Z,14,T2,0.8848150968551636,0.6309221386909485,7.766942024230957,,
2026-02-15,2026-02-15T15:00:00Z,15,T2,0.8577895760536194,0.6817178130149841,8.026534080505371,,
2026-02-15,2026-02-15T16:00:00Z,16,T2,0.8694438934326172,0.5575510859489441,7.3906073570251465,,
2026-02-15,2026-02-15T17:00:00Z,17,T2,0.8066721558570862,0.31805628538131714,6.18229341506958,,
2026-02-15,2026-02-15T18:00:00Z,18,T2,0.4502185583114624,0.24434109032154083,5.640780925750732,,
2026-02-15,2026-02-15T19:00:00Z,19,T2,0.3628654181957245,0.21283461153507233,5.230443000793457,,
2026-02-15,2026-02-15T20:00:00Z,20,T2,0.24423961341381073,0.27692922949790955,5.92762565612793,,
2026-02-15,2026-02-15T21:00:00Z,21,T2,0.2948826849460602,0.3045870065689087,6.146214962005615,,
2026-02-15,2026-02-15T22:00:00Z,22,T2,0.38787662982940674,0.39205026626586914,6.39550256729126,,
2026-02-15,2026-02-15T23:00:00Z,23,T2,0.375149667263031,0.41011324524879456,6.576132297515869,,
2026-02-15,2026-02-16T00:00:00Z,24,T2,0.501918375492096,0.41735735535621643,6.65446662902832,,
2026-02-15,2026-02-16T01:00:00Z,25,T2,0.31781628727912903,0.24248121678829193,5.624373912811279,,
2026-02-15,2026-02-16T02:00:00Z,26,T2,0.2141600400209427,0.33759886026382446,6.234639644622803,,
2026-02-15,2026-02-16T03:00:00Z,27,T2,0.2525513172149658,0.4236871004104614,6.733588695526123,,
2026-02-15,2026-02-16T04:00:00Z,28,T2,0.43539339303970337,0.47715824842453003,7.04591178894043,,
2026-02-15,2026-02-16T05:00:00Z,29,T2,0.3030698597431183,0.2515580356121063,5.702640533447266,,
2026-02-15,2026-02-16T06:00:00Z,30,T2,0.35091403126716614,0.29506716132164,6.109004974365234,,
2026-02-15,2026-02-16T07:00:00Z,31,T2,0.5209746360778809,0.2411511093378067,5.5800371170043945,,
2026-02-15,2026-02-16T08:00:00Z,32,T2,0.39246734976768494,0.1524941623210907,4.624967098236084,,
2026-02-15,2026-02-16T09:00:00Z,33,T2,0.34858107566833496,0.22248612344264984,5.2933878898620605,,
2026-02-15,2026-02-16T10:00:00Z,34,T2,0.5022215843200684,0.20866861939430237,5.203273773193359,,
2026-02-15,2026-02-16T11:00:00Z,35,T2,0.4296188950538635,0.2908957302570343,6.067290306091309,,
2026-02-15,2026-02-16T12:00:00Z,36,T2,0.5364466905593872,0.42941397428512573,6.805174827575684,,
2026-02-15,2026-02-16T13:00:00Z,37,T2,0.6248338222503662,0.24096916615962982,5.573972225189209,,
2026-02-15,2026-02-16T14:00:00Z,38,T2,0.4900053143501282,0.36086344718933105,6.296955585479736,,
2026-02-15,2026-02-16T15:00:00Z,39,T2,0.544292151927948,0.4404993951320648,6.897294998168945,,
2026-02-15,2026-02-16T16:00:00Z,40,T2,0.6438086628913879,0.5386882424354553,7.3000898361206055,,
2026-02-15,2026-02-16T17:00:00Z,41,T2,0.5614796280860901,0.44781041145324707,6.926934242248535,,
2026-02-15,2026-02-16T18:00:00Z,42,T2,0.46325451135635376,0.3754080832004547,6.335914611816406,,
2026-02-15,2026-02-16T19:00:00Z,43,T2,0.3276194930076599,0.28806084394454956,6.038941860198975,,
2026-02-15,2026-02-16T20:00:00Z,44,T2,0.28664231300354004,0.3244265615940094,6.199357032775879,,
2026-02-15,2026-02-16T21:00:00Z,45,T2,0.32117393612861633,0.3404059112071991,6.242158889770508,,
2026-02-15,2026-02-16T22:00:00Z,46,T2,0.2925361394882202,0.2703426778316498,5.863651752471924,,
2026-02-15,2026-02-16T23:00:00Z,47,T2,0.26700079441070557,0.2894161343574524,6.052494525909424,,
2026-02-15,2026-02-17T00:00:00Z,48,T2,0.09626368433237076,0.23055148124694824,5.345987796783447,,
2026-02-16,2026-02-16T01:00:00Z,1,STATION,0.45366743206977844,0.4356133043766022,6.774303913116455,,
2026-02-16,2026-02-16T02:00:00Z,2,STATION,0.5478654503822327,0.44106075167655945,6.845357418060303,,
2026-02-16,2026-02-16T03:00:00Z,3,STATION,0.5465949177742004,0.4054257869720459,6.468825817108154,,
2026-02-16,2026-02-16T04:00:00Z,4,STATION,0.38653042912483215,0.4790186583995819,7.0177412033081055,,
2026-02-16,2026-02-16T05:00:00Z,5,STATION,0.30891191959381104,0.26898789405822754,5.776130676269531,,
2026-02-16,2026-02-16T06:00:00Z,6,STATION,0.4350983500480652,0.4702495336532593,6.982664585113525,,
2026-02-16,2026-02-16T07:00:00Z,7,STATION,0.631309986114502,0.5713843703269958,7.4839324951171875,,
2026-02-16,2026-02-16T08:00:00Z,8,STATION,0.6658168435096741,0.5033325552940369,7.114996910095215,,
2026-02-16,2026-02-16T09:00:00Z,9,STATION,0.7963192462921143,0.41478684544563293,6.546834945678711,,
2026-02-16,2026-02-16T10:00:00Z,10,STATION,0.6574070453643799,0.24559837579727173,5.44266939163208,,
2026-02-16,2026-02-16T11:00:00Z,11,STATION,0.6042606234550476,0.2136891782283783,5.191470146179199,,
2026-02-16,2026-02-16T12:00:00Z,12,STATION,0.4919430911540985,0.19692185521125793,5.059374809265137,,
2026-02-16,2026-02-16T13:00:00Z,13,STATION,0.3588915467262268,0.27623188495635986,5.829135894775391,,
2026-02-16,2026-02-16T14:00:00Z,14,STATION,0.7015163898468018,0.24712753295898438,5.544612884521484,,
2026-02-16,2026-02-16T15:00:00Z,15,STATION,0.5966329574584961,0.24677665531635284,5.521221160888672,,
2026-02-16,2026-02-16T16:00:00Z,16,STATION,0.4263511002063751,0.2573032081127167,5.690633296966553,,
2026-02-16,2026-02-16T17:00:00Z,17,STATION,0.49636781215667725,0.23790502548217773,5.335326671600342,,
2026-02-16,2026-02-16T18:00:00Z,18,STATION,0.38711053133010864,0.1980952024459839,5.073178768157959,,
2026-02-16,2026-02-16T19:00:00Z,19,STATION,0.285871297121048,0.18799814581871033,4.954390048980713,,
2026-02-16,2026-02-16T20:00:00Z,20,STATION,0.27652254700660706,0.25714924931526184,5.689506530761719,,
2026-02-16,2026-02-16T21:00:00Z,21,STATION,0.368355929851532,0.2967517673969269,6.069342136383057,,
2026-02-16,2026-02-16T22:00:00Z,22,STATION,0.4741184413433075,0.42172110080718994,6.604620456695557,,
2026-02-16,2026-02-16T23:00:00Z,23,STATION,0.42930951714515686,0.29243573546409607,6.010487079620361,,
2026-02-16,2026-02-17T00:00:00Z,24,STATION,0.4599123001098633,0.03560866788029671,2.427171468734741,,
2026-02-16,2026-02-17T01:00:00Z,25,STATION,0.10637308657169342,0.24551068246364594,5.43682336807251,,
2026-02-16,2026-02-17T02:00:00Z,26,STATION,0.10203998535871506,0.11240905523300171,4.282571792602539,,
2026-02-16,2026-02-17T03:00:00Z,27,STATION,0.07446574419736862,0.06266379356384277,3.3769655227661133,,
2026-02-16,2026-02-17T04:00:00Z,28,STATION,0.04737740755081177,0.08704560995101929,3.68361496925354,,
2026-02-16,2026-02-17T05:00:00Z,29,STATION,0.0823555737733841,0.17192412912845612,4.784749507904053,,
2026-02-16,2026-02-17T06:00:00Z,30,STATION,0.2682078182697296,0.08949919790029526,3.722355842590332,,
2026-02-16,2026-02-17T07:00:00Z,31,STATION,0.20790058374404907,0.1340750753879547,4.498218536376953,,
2026-02-16,2026-02-17T08:00:00Z,32,STATION,0.4390176832675934,0.09322594106197357,3.7811989784240723,,
2026-02-16,2026-02-17T09:00:00Z,33,STATION,0.25152063369750977,0.17171797156333923,4.782754421234131,,
2026-02-16,2026-02-17T10:00:00Z,34,STATION,0.3573465347290039,0.24494308233261108,5.398983001708984,,
2026-02-16,2026-02-17T11:00:00Z,35,STATION,0.596244215965271,0.2472129911184311,5.5503106117248535,,
2026-02-16,2026-02-17T12:00:00Z,36,STATION,0.48118266463279724,0.4409920275211334,6.844460964202881,,
2026-02-16,2026-02-17T13:00:00Z,37,STATION,0.5810202956199646,0.5142889022827148,7.164328098297119,,
2026-02-16,2026-02-17T14:00:00Z,38,STATION,0.6772796511650085,0.517224907875061,7.177984237670898,,
2026-02-16,2026-02-17T15:00:00Z,39,STATION,0.6544741988182068,0.45529112219810486,6.922831058502197,,
2026-02-16,2026-02-17T16:00:00Z,40,STATION,0.5733607411384583,0.49232059717178345,7.070949077606201,,
2026-02-16,2026-02-17T17:00:00Z,41,STATION,0.6039846539497375,0.5301921963691711,7.238296985626221,,
2026-02-16,2026-02-17T18:00:00Z,42,STATION,0.561368465423584,0.6301411390304565,7.742498397827148,,
2026-02-16,2026-02-17T19:00:00Z,43,STATION,0.5000053644180298,0.7154728174209595,8.615320205688477,,
2026-02-16,2026-02-17T20:00:00Z,44,STATION,0.5109870433807373,0.8462896943092346,9.353086471557617,,
2026-02-16,2026-02-17T21:00:00Z,45,STATION,0.71797114610672,0.6817938089370728,8.00635814666748,,
2026-02-16,2026-02-17T22:00:00Z,46,STATION,0.6733716130256653,0.532582700252533,7.249415397644043,,
2026-02-16,2026-02-17T23:00:00Z,47,STATION,0.6497438549995422,0.5126450061798096,7.15668249130249,,
2026-02-16,2026-02-18T00:00:00Z,48,STATION,0.6038320660591125,0.591262936592102,7.637422561645508,,
2026-02-16,2026-02-16T01:00:00Z,1,T1,0.48416173458099365,0.44428229331970215,6.774303913116455,,
2026-02-16,2026-02-16T02:00:00Z,2,T1,0.6020359396934509,0.449492871761322,6.845357418060303,,
2026-02-16,2026-02-16T03:00:00Z,3,T1,0.5597699880599976,0.4114689826965332,6.468825817108154,,
2026-02-16,2026-02-16T04:00:00Z,4,T1,0.44326621294021606,0.48782777786254883,7.0177412033081055,,
2026-02-16,2026-02-16T05:00:00Z,5,T1,0.393644779920578,0.2778438329696655,5.776130676269531,,
2026-02-16,2026-02-16T06:00:00Z,6,T1,0.48603251576423645,0.47894173860549927,6.982664585113525,,
2026-02-16,2026-02-16T07:00:00Z,7,T1,0.687026858329773,0.5799292325973511,7.4839324951171875,,
2026-02-16,2026-02-16T08:00:00Z,8,T1,0.6907221674919128,0.5124658346176147,7.114996910095215,,
2026-02-16,2026-02-16T09:00:00Z,9,T1,0.7774047255516052,0.4223901927471161,6.546834945678711,,
2026-02-16,2026-02-16T10:00:00Z,10,T1,0.6691156029701233,0.2541666626930237,5.44266939163208,,
2026-02-16,2026-02-16T11:00:00Z,11,T1,0.5765906572341919,0.220519557595253,5.191470146179199,,
2026-02-16,2026-02-16T12:00:00Z,12,T1,0.4576471447944641,0.20220831036567688,5.059374809265137,,
2026-02-16,2026-02-16T13:00:00Z,13,T1,0.37670570611953735,0.28614792227745056,5.829135894775391,,
2026-02-16,2026-02-16T14:00:00Z,14,T1,0.6938454508781433,0.2541666626930237,5.544612884521484,,
2026-02-16,2026-02-16T15:00:00Z,15,T1,0.5818033814430237,0.2541666626930237,5.521221160888672,,
2026-02-16,2026-02-16T16:00:00Z,16,T1,0.4137197732925415,0.26444920897483826,5.690633296966553,,
2026-02-16,2026-02-16T17:00:00Z,17,T1,0.4910694360733032,0.2468932569026947,5.335326671600342,,
2026-02-16,2026-02-16T18:00:00Z,18,T1,0.4110463857650757,0.20349667966365814,5.073178768157959,,
2026-02-16,2026-02-16T19:00:00Z,19,T1,0.2625163197517395,0.1924097239971161,4.954390048980713,,
2026-02-16,2026-02-16T20:00:00Z,20,T1,0.3042052090167999,0.2642727196216583,5.689506530761719,,
2026-02-16,2026-02-16T21:00:00Z,21,T1,0.38859280943870544,0.30240264534950256,6.069342136383057,,
2026-02-16,2026-02-16T22:00:00Z,22,T1,0.5103002190589905,0.4304801821708679,6.604620456695557,,
2026-02-16,2026-02-16T23:00:00Z,23,T1,0.470145046710968,0.29965606331825256,6.010487079620361,,
2026-02-16,2026-02-17T00:00:00Z,24,T1,0.48991063237190247,0.03736228495836258,2.427171468734741,,
2026-02-16,2026-02-17T01:00:00Z,25,T1,0.15968286991119385,0.2541666626930237,5.43682336807251,,
2026-02-16,2026-02-17T02:00:00Z,26,T1,0.12941443920135498,0.11771714687347412,4.282571792602539,,
2026-02-16,2026-02-17T03:00:00Z,27,T1,0.11211905628442764,0.06685011088848114,3.3769655227661133,,
2026-02-16,2026-02-17T04:00:00Z,28,T1,0.06469745188951492,0.09312612563371658,3.68361496925354,,
2026-02-16,2026-02-17T05:00:00Z,29,T1,0.1051863357424736,0.17537328600883484,4.784749507904053,,
2026-02-16,2026-02-17T06:00:00Z,30,T1,0.31409400701522827,0.0951923057436943,3.722355842590332,,
2026-02-16,2026-02-17T07:00:00Z,31,T1,0.20902246236801147,0.13804826140403748,4.498218536376953,,
2026-02-16,2026-02-17T08:00:00Z,32,T1,0.4431244432926178,0.09833061695098877,3.7811989784240723,,
2026-02-16,2026-02-17T09:00:00Z,33,T1,0.2558298707008362,0.1751604974269867,4.782754421234131,,
2026-02-16,2026-02-17T10:00:00Z,34,T1,0.3464727997779846,0.2541666626930237,5.398983001708984,,
2026-02-16,2026-02-17T11:00:00Z,35,T1,0.6649364829063416,0.2541666626930237,5.5503106117248535,,
2026-02-16,2026-02-17T12:00:00Z,36,T1,0.5202977657318115,0.44942715764045715,6.844460964202881,,
2026-02-16,2026-02-17T13:00:00Z,37,T1,0.6019231677055359,0.5224723815917969,7.164328098297119,,
2026-02-16,2026-02-17T14:00:00Z,38,T1,0.7070310711860657,0.5250669717788696,7.177984237670898,,
2026-02-16,2026-02-17T15:00:00Z,39,T1,0.6951385140419006,0.4637838900089264,6.922831058502197,,
2026-02-16,2026-02-17T16:00:00Z,40,T1,0.5923311710357666,0.5013071298599243,7.070949077606201,,
2026-02-16,2026-02-17T17:00:00Z,41,T1,0.6104598045349121,0.5365264415740967,7.238296985626221,,
2026-02-16,2026-02-17T18:00:00Z,42,T1,0.6022480726242065,0.6397078633308411,7.742498397827148,,
2026-02-16,2026-02-17T19:00:00Z,43,T1,0.6056268811225891,0.7186771035194397,8.615320205688477,,
2026-02-16,2026-02-17T20:00:00Z,44,T1,0.6888446807861328,0.854388952255249,9.353086471557617,,
2026-02-16,2026-02-17T21:00:00Z,45,T1,0.8196452260017395,0.6825423836708069,8.00635814666748,,
2026-02-16,2026-02-17T22:00:00Z,46,T1,0.7286443114280701,0.5386389493942261,7.249415397644043,,
2026-02-16,2026-02-17T23:00:00Z,47,T1,0.7160109877586365,0.5210196375846863,7.15668249130249,,
2026-02-16,2026-02-18T00:00:00Z,48,T1,0.6632333993911743,0.6064337491989136,7.637422561645508,,
2026-02-16,2026-02-16T01:00:00Z,1,T2,0.42317312955856323,0.4269443154335022,6.774303913116455,,
2026-02-16,2026-02-16T02:00:00Z,2,T2,0.4936949610710144,0.4326286017894745,6.845357418060303,,
2026-02-16,2026-02-16T03:00:00Z,3,T2,0.5334197878837585,0.3993825912475586,6.468825817108154,,
2026-02-16,2026-02-16T04:00:00Z,4,T2,0.32979467511177063,0.4702095091342926,7.0177412033081055,,
2026-02-16,2026-02-16T05:00:00Z,5,T2,0.22417904436588287,0.26013192534446716,5.776130676269531,,
2026-02-16,2026-02-16T06:00:00Z,6,T2,0.3841641843318939,0.4615572988986969,6.982664585113525,,
2026-02-16,2026-02-16T07:00:00Z,7,T2,0.575593113899231,0.5628395080566406,7.4839324951171875,,
2026-02-16,2026-02-16T08:00:00Z,8,T2,0.6409115195274353,0.4941992163658142,7.114996910095215,,
2026-02-16,2026-02-16T09:00:00Z,9,T2,0.8152337670326233,0.4071834683418274,6.546834945678711,,
2026-02-16,2026-02-16T10:00:00Z,10,T2,0.6456984281539917,0.23703008890151978,5.44266939163208,,
2026-02-16,2026-02-16T11:00:00Z,11,T2,0.6319305896759033,0.2068587839603424,5.191470146179199,,
2026-02-16,2026-02-16T12:00:00Z,12,T2,0.5262390375137329,0.1916353851556778,5.059374809265137,,
2026-02-16,2026-02-16T13:00:00Z,13,T2,0.34107738733291626,0.26631584763526917,5.829135894775391,,
2026-02-16,2026-02-16T14:00:00Z,14,T2,0.7091873288154602,0.24008838832378387,5.544612884521484,,
2026-02-16,2026-02-16T15:00:00Z,15,T2,0.6114625930786133,0.2393866330385208,5.521221160888672,,
2026-02-16,2026-02-16T16:00:00Z,16,T2,0.43898242712020874,0.2501572072505951,5.690633296966553,,
2026-02-16,2026-02-16T17:00:00Z,17,T2,0.5016661882400513,0.22891679406166077,5.335326671600342,,
2026-02-16,2026-02-16T18:00:00Z,18,T2,0.3631746768951416,0.19269371032714844,5.073178768157959,,
2026-02-16,2026-02-16T19:00:00Z,19,T2,0.30922627449035645,0.18358655273914337,4.954390048980713,,
2026-02-16,2026-02-16T20:00:00Z,20,T2,0.24883989989757538,0.25002577900886536,5.689506530761719,,
2026-02-16,2026-02-16T21:00:00Z,21,T2,0.3481190502643585,0.2911008894443512,6.069342136383057,,
2026-02-16,2026-02-16T22:00:00Z,22,T2,0.4379366636276245,0.41296201944351196,6.604620456695557,,
2026-02-16,2026-02-16T23:00:00Z,23,T2,0.3884740173816681,0.2852153778076172,6.010487079620361,,
2026-02-16,2026-02-17T00:00:00Z,24,T2,0.4299139678478241,0.033855047076940536,2.427171468734741,,
2026-02-16,2026-02-17T01:00:00Z,25,T2,0.05306330323219299,0.2368547022342682,5.43682336807251,,
2026-02-16,2026-02-17T02:00:00Z,26,T2,0.07466553151607513,0.1071009561419487,4.282571792602539,,
2026-02-16,2026-02-17T03:00:00Z,27,T2,0.0368124358355999,0.05847746878862381,3.3769655227661133,,
2026-02-16,2026-02-17T04:00:00Z,28,T2,0.030057357624173164,0.0809650868177414,3.68361496925354,,
2026-02-16,2026-02-17T05:00:00Z,29,T2,0.05952480062842369,0.1684749573469162,4.784749507904053,,
2026-02-16,2026-02-17T06:00:00Z,30,T2,0.22232159972190857,0.08380609005689621,3.722355842590332,,
2026-02-16,2026-02-17T07:00:00Z,31,T2,0.20677870512008667,0.13010190427303314,4.498218536376953,,
2026-02-16,2026-02-17T08:00:00Z,32,T2,0.4349108934402466,0.08812126517295837,3.7811989784240723,,
2026-02-16,2026-02-17T09:00:00Z,33,T2,0.24721141159534454,0.16827546060085297,4.782754421234131,,
2026-02-16,2026-02-17T10:00:00Z,34,T2,0.3682202398777008,0.2357194870710373,5.398983001708984,,
2026-02-16,2026-02-17T11:00:00Z,35,T2,0.5275520086288452,0.2402593195438385,5.5503106117248535,,
2026-02-16,2026-02-17T12:00:00Z,36,T2,0.44206756353378296,0.4325568974018097,6.844460964202881,,
2026-02-16,2026-02-17T13:00:00Z,37,T2,0.5601174235343933,0.5061054825782776,7.164328098297119,,
2026-02-16,2026-02-17T14:00:00Z,38,T2,0.6475282311439514,0.5093828439712524,7.177984237670898,,
2026-02-16,2026-02-17T15:00:00Z,39,T2,0.6138098835945129,0.4467983543872833,6.922831058502197,,
2026-02-16,2026-02-17T16:00:00Z,40,T2,0.5543903112411499,0.48333409428596497,7.070949077606201,,
2026-02-16,2026-02-17T17:00:00Z,41,T2,0.5975095629692078,0.5238579511642456,7.238296985626221,,
2026-02-16,2026-02-17T18:00:00Z,42,T2,0.5204887986183167,0.6205743551254272,7.742498397827148,,
2026-02-16,2026-02-17T19:00:00Z,43,T2,0.39438390731811523,0.7122685313224792,8.615320205688477,,
2026-02-16,2026-02-17T20:00:00Z,44,T2,0.333129346370697,0.8381904363632202,9.353086471557617,,
2026-02-16,2026-02-17T21:00:00Z,45,T2,0.6162970662117004,0.6810452342033386,8.00635814666748,,
2026-02-16,2026-02-17T22:00:00Z,46,T2,0.6180988550186157,0.5265263915061951,7.249415397644043,,
2026-02-16,2026-02-17T23:00:00Z,47,T2,0.5834766626358032,0.5042704343795776,7.15668249130249,,
2026-02-16,2026-02-18T00:00:00Z,48,T2,0.5444307327270508,0.5760921239852905,7.637422561645508,,
2026-02-17,2026-02-17T01:00:00Z,1,STATION,0.11832655966281891,0.02365904301404953,2.048856496810913,,
2026-02-17,2026-02-17T02:00:00Z,2,STATION,0.049082979559898376,0.053496237844228745,3.0747177600860596,,
2026-02-17,2026-02-17T03:00:00Z,3,STATION,0.06721168756484985,0.12051665782928467,4.417673110961914,,
2026-02-17,2026-02-17T04:00:00Z,4,STATION,0.0660688728094101,0.2457381933927536,5.451990604400635,,
2026-02-17,2026-02-17T05:00:00Z,5,STATION,0.07316596806049347,0.2932261824607849,6.021265983581543,,
2026-02-17,2026-02-17T06:00:00Z,6,STATION,0.04793396592140198,0.12333397567272186,4.4344096183776855,,
2026-02-17,2026-02-17T07:00:00Z,7,STATION,0.1285599321126938,0.1947883665561676,5.034275054931641,,
2026-02-17,2026-02-17T08:00:00Z,8,STATION,0.19578517973423004,0.18013565242290497,4.864215850830078,,
2026-02-17,2026-02-17T09:00:00Z,9,STATION,0.2032843828201294,0.19642506539821625,5.053530216217041,,
2026-02-17,2026-02-17T10:00:00Z,10,STATION,0.29328015446662903,0.2013847529888153,5.111879348754883,,
2026-02-17,2026-02-17T11:00:00Z,11,STATION,0.35050588846206665,0.18177519738674164,4.881178855895996,,
2026-02-17,2026-02-17T12:00:00Z,12,STATION,0.47141554951667786,0.42552605271339417,6.642731189727783,,
2026-02-17,2026-02-17T13:00:00Z,13,STATION,0.6161453127861023,0.4385997951030731,6.813258171081543,,
2026-02-17,2026-02-17T14:00:00Z,14,STATION,0.4987448453903198,0.5671246647834778,7.444612503051758,,
2026-02-17,2026-02-17T15:00:00Z,15,STATION,0.5481162071228027,0.6823585033416748,8.034591674804688,,
2026-02-17,2026-02-17T16:00:00Z,16,STATION,0.5402154326438904,0.6812902688980103,7.981180667877197,,
2026-02-17,2026-02-17T17:00:00Z,17,STATION,0.5709043741226196,0.5435308218002319,7.300337314605713,,
2026-02-17,2026-02-17T18:00:00Z,18,STATION,0.6113101243972778,0.5102865695953369,7.145712375640869,,
2026-02-17,2026-02-17T19:00:00Z,19,STATION,0.5973291993141174,0.5306794047355652,7.24056339263916,,
2026-02-17,2026-02-17T20:00:00Z,20,STATION,0.6223527193069458,0.6214955449104309,7.719131946563721,,
2026-02-17,2026-02-17T21:00:00Z,21,STATION,0.6297509074211121,0.4326992332935333,6.736294269561768,,
2026-02-17,2026-02-17T22:00:00Z,22,STATION,0.6121785640716553,0.429522842168808,6.694863319396973,,
2026-02-17,2026-02-17T23:00:00Z,23,STATION,0.5877668857574463,0.477661669254303,7.012313365936279,,
2026-02-17,2026-02-18T00:00:00Z,24,STATION,0.6205472946166992,0.4944113790988922,7.079312324523926,,
2026-02-17,2026-02-18T01:00:00Z,25,STATION,0.6688327193260193,0.6795833110809326,7.895832061767578,,
2026-02-17,2026-02-18T02:00:00Z,26,STATION,0.6702256202697754,0.6713141202926636,7.853776931762695,,
2026-02-17,2026-02-18T03:00:00Z,27,STATION,0.6693087816238403,0.6835439801216125,8.093864440917969,,
2026-02-17,2026-02-18T04:00:00Z,28,STATION,0.7781906127929688,0.517013430595398,7.177000522613525,,
2026-02-17,2026-02-18T05:00:00Z,29,STATION,0.7198743224143982,0.5781219601631165,7.546125888824463,,
2026-02-17,2026-02-18T06:00:00Z,30,STATION,0.8581330180168152,0.7177397012710571,8.665238380432129,,
2026-02-17,2026-02-18T07:00:00Z,31,STATION,0.909949541091919,0.7958031296730042,9.101468086242676,,
2026-02-17,2026-02-18T08:00:00Z,32,STATION,0.904180109500885,0.905379056930542,10.529561996459961,,
2026-02-17,2026-02-18T09:00:00Z,33,STATION,0.9201251864433289,0.905379056930542,11.085051536560059,,
2026-02-17,2026-02-18T10:00:00Z,34,STATION,0.9441975355148315,0.9020736813545227,10.060564994812012,,
2026-02-17,2026-02-18T11:00:00Z,35,STATION,0.8975344300270081,0.8718108534812927,9.529657363891602,,
2026-02-17,2026-02-18T12:00:00Z,36,STATION,0.8883001208305359,0.680334746837616,7.9334025382995605,,
2026-02-17,2026-02-18T13:00:00Z,37,STATION,0.9592733383178711,0.49585217237472534,7.085075378417969,,
2026-02-17,2026-02-18T14:00:00Z,38,STATION,0.7910126447677612,0.43769097328186035,6.801403999328613,,
2026-02-17,2026-02-18T15:00:00Z,39,STATION,0.582123875617981,0.5790496468544006,7.554689407348633,,
2026-02-17,2026-02-18T16:00:00Z,40,STATION,0.6342619061470032,0.6522770524024963,7.802325248718262,,
2026-02-17,2026-02-18T17:00:00Z,41,STATION,0.6557707190513611,0.49779656529426575,7.09285306930542,,
2026-02-17,2026-02-18T18:00:00Z,42,STATION,0.5152144432067871,0.2909982204437256,5.990884780883789,,
2026-02-17,2026-02-18T19:00:00Z,43,STATION,0.38998594880104065,0.4150671064853668,6.54917049407959,,
2026-02-17,2026-02-18T20:00:00Z,44,STATION,0.45873168110847473,0.2357076108455658,5.322272777557373,,
2026-02-17,2026-02-18T21:00:00Z,45,STATION,0.3059741258621216,0.24914725124835968,5.630955696105957,,
2026-02-17,2026-02-18T22:00:00Z,46,STATION,0.33341190218925476,0.2586100995540619,5.700195789337158,,
2026-02-17,2026-02-18T23:00:00Z,47,STATION,0.3482920527458191,0.17680992186069489,4.832031726837158,,
2026-02-17,2026-02-19T00:00:00Z,48,STATION,0.26225706934928894,0.24518287181854248,5.414968967437744,,
2026-02-17,2026-02-17T01:00:00Z,1,T1,0.16137562692165375,0.024492377415299416,2.048856496810913,,
2026-02-17,2026-02-17T02:00:00Z,2,T1,0.07733631134033203,0.055661022663116455,3.0747177600860596,,
2026-02-17,2026-02-17T03:00:00Z,3,T1,0.09168894588947296,0.1251610517501831,4.417673110961914,,
2026-02-17,2026-02-17T04:00:00Z,4,T1,0.07678980380296707,0.2541666626930237,5.451990604400635,,
2026-02-17,2026-02-17T05:00:00Z,5,T1,0.07044015824794769,0.3001590967178345,6.021265983581543,,
2026-02-17,2026-02-17T06:00:00Z,6,T1,0.07510926574468613,0.1278388947248459,4.4344096183776855,,
2026-02-17,2026-02-17T07:00:00Z,7,T1,0.12311309576034546,0.1998656690120697,5.034275054931641,,
2026-02-17,2026-02-17T08:00:00Z,8,T1,0.19664359092712402,0.18384970724582672,4.864215850830078,,
2026-02-17,2026-02-17T09:00:00Z,9,T1,0.19248642027378082,0.2016628235578537,5.053530216217041,,
2026-02-17,2026-02-17T10:00:00Z,10,T1,0.28963860869407654,0.207108736038208,5.111879348754883,,
2026-02-17,2026-02-17T11:00:00Z,11,T1,0.34876400232315063,0.1855766922235489,4.881178855895996,,
2026-02-17,2026-02-17T12:00:00Z,12,T1,0.48939695954322815,0.43463364243507385,6.642731189727783,,
2026-02-17,2026-02-17T13:00:00Z,13,T1,0.6660961508750916,0.4471389353275299,6.813258171081543,,
2026-02-17,2026-02-17T14:00:00Z,14,T1,0.5551583766937256,0.5736379623413086,7.444612503051758,,
2026-02-17,2026-02-17T15:00:00Z,15,T1,0.5949624180793762,0.6827306151390076,8.034591674804688,,
2026-02-17,2026-02-17T16:00:00Z,16,T1,0.5722174644470215,0.6823745369911194,7.981180667877197,,
2026-02-17,2026-02-17T17:00:00Z,17,T1,0.5945225358009338,0.5483140349388123,7.300337314605713,,
2026-02-17,2026-02-17T18:00:00Z,18,T1,0.672589898109436,0.5189353823661804,7.145712375640869,,
2026-02-17,2026-02-17T19:00:00Z,19,T1,0.59303218126297,0.5369570255279541,7.24056339263916,,
2026-02-17,2026-02-17T20:00:00Z,20,T1,0.6431333422660828,0.6323084831237793,7.719131946563721,,
2026-02-17,2026-02-17T21:00:00Z,21,T1,0.6756442189216614,0.4414949119091034,6.736294269561768,,
2026-02-17,2026-02-17T22:00:00Z,22,T1,0.6483272314071655,0.43845662474632263,6.694863319396973,,
2026-02-17,2026-02-17T23:00:00Z,23,T1,0.6615405082702637,0.48645269870758057,7.012313365936279,,
2026-02-17,2026-02-18T00:00:00Z,24,T1,0.7567547559738159,0.5034257769584656,7.079312324523926,,
2026-02-17,2026-02-18T01:00:00Z,25,T1,0.7947791218757629,0.6818055510520935,7.895832061767578,,
2026-02-17,2026-02-18T02:00:00Z,26,T1,0.794809103012085,0.6749460101127625,7.853776931762695,,
2026-02-17,2026-02-18T03:00:00Z,27,T1,0.6945706009864807,0.6831257939338684,8.093864440917969,,
2026-02-17,2026-02-18T04:00:00Z,28,T1,0.8504136800765991,0.5248801112174988,7.177000522613525,,
2026-02-17,2026-02-18T05:00:00Z,29,T1,0.7775698900222778,0.5898801684379578,7.546125888824463,,
2026-02-17,2026-02-18T06:00:00Z,30,T1,0.9194558262825012,0.7200000286102295,8.665238380432129,,
2026-02-17,2026-02-18T07:00:00Z,31,T1,0.951833963394165,0.8045481443405151,9.101468086242676,,
2026-02-17,2026-02-18T08:00:00Z,32,T1,0.9280157685279846,0.9067758917808533,10.529561996459961,,
2026-02-17,2026-02-18T09:00:00Z,33,T1,0.9557688236236572,0.9067758917808533,11.085051536560059,,
2026-02-17,2026-02-18T10:00:00Z,34,T1,0.9814426302909851,0.9067758917808533,10.060564994812012,,
2026-02-17,2026-02-18T11:00:00Z,35,T1,0.9339388608932495,0.8835939764976501,9.529657363891602,,
2026-02-17,2026-02-18T12:00:00Z,36,T1,0.9214182496070862,0.6820560097694397,7.9334025382995605,,
2026-02-17,2026-02-18T13:00:00Z,37,T1,0.9667037129402161,0.5048857927322388,7.085075378417969,,
2026-02-17,2026-02-18T14:00:00Z,38,T1,0.8089747428894043,0.4462696313858032,6.801403999328613,,
2026-02-17,2026-02-18T15:00:00Z,39,T1,0.6266115307807922,0.5912503004074097,7.554689407348633,,
2026-02-17,2026-02-18T16:00:00Z,40,T1,0.6698659658432007,0.6586530208587646,7.802325248718262,,
2026-02-17,2026-02-18T17:00:00Z,41,T1,0.6780352592468262,0.5068560838699341,7.09285306930542,,
2026-02-17,2026-02-18T18:00:00Z,42,T1,0.6025936007499695,0.29874128103256226,5.990884780883789,,
2026-02-17,2026-02-18T19:00:00Z,43,T1,0.45211464166641235,0.4227171838283539,6.54917049407959,,
2026-02-17,2026-02-18T20:00:00Z,44,T1,0.519038200378418,0.2445000410079956,5.322272777557373,,
2026-02-17,2026-02-18T21:00:00Z,45,T1,0.33588606119155884,0.25509971380233765,5.630955696105957,,
2026-02-17,2026-02-18T22:00:00Z,46,T1,0.37362125515937805,0.2659473419189453,5.700195789337158,,
2026-02-17,2026-02-18T23:00:00Z,47,T1,0.3842756748199463,0.18041668832302094,4.832031726837158,,
2026-02-17,2026-02-19T00:00:00Z,48,T1,0.2814651131629944,0.2541666626930237,5.414968967437744,,
2026-02-17,2026-02-17T01:00:00Z,1,T2,0.07527748495340347,0.022825710475444794,2.048856496810913,,
2026-02-17,2026-02-17T02:00:00Z,2,T2,0.02082964777946472,0.051331453025341034,3.0747177600860596,,
2026-02-17,2026-02-17T03:00:00Z,3,T2,0.042734429240226746,0.11587227135896683,4.417673110961914,,
2026-02-17,2026-02-17T04:00:00Z,4,T2,0.05534794554114342,0.23730970919132233,5.451990604400635,,
2026-02-17,2026-02-17T05:00:00Z,5,T2,0.07589177787303925,0.28629326820373535,6.021265983581543,,
2026-02-17,2026-02-17T06:00:00Z,6,T2,0.020758671686053276,0.11882905662059784,4.4344096183776855,,
2026-02-17,2026-02-17T07:00:00Z,7,T2,0.13400675356388092,0.1897110790014267,5.034275054931641,,
2026-02-17,2026-02-17T08:00:00Z,8,T2,0.19492675364017487,0.17642159759998322,4.864215850830078,,
2026-02-17,2026-02-17T09:00:00Z,9,T2,0.21408234536647797,0.19118732213974,5.053530216217041,,
2026-02-17,2026-02-17T10:00:00Z,10,T2,0.29692167043685913,0.1956607550382614,5.111879348754883,,
2026-02-17,2026-02-17T11:00:00Z,11,T2,0.35224780440330505,0.1779737025499344,4.881178855895996,,
2026-02-17,2026-02-17T12:00:00Z,12,T2,0.45343416929244995,0.41641849279403687,6.642731189727783,,
2026-02-17,2026-02-17T13:00:00Z,13,T2,0.566194474697113,0.4300606846809387,6.813258171081543,,
2026-02-17,2026-02-17T14:00:00Z,14,T2,0.44233134388923645,0.560611367225647,7.444612503051758,,
2026-02-17,2026-02-17T15:00:00Z,15,T2,0.5012699961662292,0.681986391544342,8.034591674804688,,
2026-02-17,2026-02-17T16:00:00Z,16,T2,0.5082134008407593,0.6802060008049011,7.981180667877197,,
2026-02-17,2026-02-17T17:00:00Z,17,T2,0.5472862720489502,0.5387475490570068,7.300337314605713,,
2026-02-17,2026-02-17T18:00:00Z,18,T2,0.5500303506851196,0.5016376972198486,7.145712375640869,,
2026-02-17,2026-02-17T19:00:00Z,19,T2,0.6016262173652649,0.524401843547821,7.24056339263916,,
2026-02-17,2026-02-17T20:00:00Z,20,T2,0.6015720963478088,0.6106826066970825,7.719131946563721,,
2026-02-17,2026-02-17T21:00:00Z,21,T2,0.5838575959205627,0.42390355467796326,6.736294269561768,,
2026-02-17,2026-02-17T22:00:00Z,22,T2,0.5760299563407898,0.42058905959129333,6.694863319396973,,
2026-02-17,2026-02-17T23:00:00Z,23,T2,0.5139933228492737,0.468870609998703,7.012313365936279,,
2026-02-17,2026-02-18T00:00:00Z,24,T2,0.4843398630619049,0.48539701104164124,7.079312324523926,,
2026-02-17,2026-02-18T01:00:00Z,25,T2,0.5428863763809204,0.6773610711097717,7.895832061767578,,
2026-02-17,2026-02-18T02:00:00Z,26,T2,0.545642077922821,0.6676821708679199,7.853776931762695,,
2026-02-17,2026-02-18T03:00:00Z,27,T2,0.6440469026565552,0.6839621663093567,8.093864440917969,,
2026-02-17,2026-02-18T04:00:00Z,28,T2,0.7059675455093384,0.5091468095779419,7.177000522613525,,
2026-02-17,2026-02-18T05:00:00Z,29,T2,0.6621788144111633,0.5663638114929199,7.546125888824463,,
2026-02-17,2026-02-18T06:00:00Z,30,T2,0.7968102097511292,0.7154793739318848,8.665238380432129,,
2026-02-17,2026-02-18T07:00:00Z,31,T2,0.8680650591850281,0.7870581746101379,9.101468086242676,,
2026-02-17,2026-02-18T08:00:00Z,32,T2,0.8803445100784302,0.9039822220802307,10.529561996459961,,
2026-02-17,2026-02-18T09:00:00Z,33,T2,0.8844816088676453,0.9039822220802307,11.085051536560059,,
2026-02-17,2026-02-18T10:00:00Z,34,T2,0.9069525003433228,0.8973714709281921,10.060564994812012,,
2026-02-17,2026-02-18T11:00:00Z,35,T2,0.8611299991607666,0.8600277900695801,9.529657363891602,,
2026-02-17,2026-02-18T12:00:00Z,36,T2,0.8551819324493408,0.6786134243011475,7.9334025382995605,,
2026-02-17,2026-02-18T13:00:00Z,37,T2,0.9518429636955261,0.4868186116218567,7.085075378417969,,
2026-02-17,2026-02-18T14:00:00Z,38,T2,0.7730506062507629,0.4291123151779175,6.801403999328613,,
2026-02-17,2026-02-18T15:00:00Z,39,T2,0.5376362204551697,0.5668490529060364,7.554689407348633,,
2026-02-17,2026-02-18T16:00:00Z,40,T2,0.5986578464508057,0.645901083946228,7.802325248718262,,
2026-02-17,2026-02-18T17:00:00Z,41,T2,0.6335062384605408,0.4887370467185974,7.09285306930542,,
2026-02-17,2026-02-18T18:00:00Z,42,T2,0.42783528566360474,0.2832551598548889,5.990884780883789,,
2026-02-17,2026-02-18T19:00:00Z,43,T2,0.32785725593566895,0.40741705894470215,6.54917049407959,,
2026-02-17,2026-02-18T20:00:00Z,44,T2,0.3984251916408539,0.226915180683136,5.322272777557373,,
2026-02-17,2026-02-18T21:00:00Z,45,T2,0.2760621905326843,0.2431948184967041,5.630955696105957,,
2026-02-17,2026-02-18T22:00:00Z,46,T2,0.2932025194168091,0.25127285718917847,5.700195789337158,,
2026-02-17,2026-02-18T23:00:00Z,47,T2,0.3123084604740143,0.17320315539836884,4.832031726837158,,
2026-02-17,2026-02-19T00:00:00Z,48,T2,0.2430490404367447,0.23619906604290009,5.414968967437744,,
2026-02-18,2026-02-18T01:00:00Z,1,STATION,0.6776024103164673,0.4126722812652588,6.5292134284973145,,
2026-02-18,2026-02-18T02:00:00Z,2,STATION,0.6759182214736938,0.5473505854606628,7.318103313446045,,
2026-02-18,2026-02-18T03:00:00Z,3,STATION,0.830780565738678,0.682116687297821,8.022500991821289,,
2026-02-18,2026-02-18T04:00:00Z,4,STATION,0.815426230430603,0.6824294924736023,8.038140296936035,,
2026-02-18,2026-02-18T05:00:00Z,5,STATION,0.803851306438446,0.693952739238739,8.44083309173584,,
2026-02-18,2026-02-18T06:00:00Z,6,STATION,0.787592351436615,0.9275074005126953,11.256254196166992,,
2026-02-18,2026-02-18T07:00:00Z,7,STATION,0.9382895231246948,0.8962640762329102,9.947312355041504,,
2026-02-18,2026-02-18T08:00:00Z,8,STATION,0.9609401226043701,0.8942536115646362,9.908120155334473,,
2026-02-18,2026-02-18T09:00:00Z,9,STATION,0.9568551778793335,0.8895983099937439,9.777168273925781,,
2026-02-18,2026-02-18T10:00:00Z,10,STATION,0.9154012203216553,0.7926450371742249,9.091599464416504,,
2026-02-18,2026-02-18T11:00:00Z,11,STATION,0.9009565114974976,0.8950188755989075,9.9230375289917,,
2026-02-18,2026-02-18T12:00:00Z,12,STATION,0.9708030223846436,0.706389307975769,8.541669845581055,,
2026-02-18,2026-02-18T13:00:00Z,13,STATION,0.8551924824714661,0.47682374715805054,7.0089616775512695,,
2026-02-18,2026-02-18T14:00:00Z,14,STATION,0.7257073521614075,0.5613356828689575,7.391175746917725,,
2026-02-18,2026-02-18T15:00:00Z,15,STATION,0.8039200305938721,0.4108183681964874,6.513764381408691,,
2026-02-18,2026-02-18T16:00:00Z,16,STATION,0.532055139541626,0.4646094739437103,6.960104465484619,,
2026-02-18,2026-02-18T17:00:00Z,17,STATION,0.6363472938537598,0.29229551553726196,6.008575439453125,,
2026-02-18,2026-02-18T18:00:00Z,18,STATION,0.555802583694458,0.28287118673324585,5.880061626434326,,
2026-02-18,2026-02-18T19:00:00Z,19,STATION,0.3901115655899048,0.30209338665008545,6.128375053405762,,
2026-02-18,2026-02-18T20:00:00Z,20,STATION,0.5790449380874634,0.19768770039081573,5.068384647369385,,
2026-02-18,2026-02-18T21:00:00Z,21,STATION,0.5103906393051147,0.19929438829421997,5.087286949157715,,
2026-02-18,2026-02-18T22:00:00Z,22,STATION,0.5530456304550171,0.1864291876554489,4.93593168258667,,
2026-02-18,2026-02-18T23:00:00Z,23,STATION,0.4423997700214386,0.2023325115442276,5.123029708862305,,
2026-02-18,2026-02-19T00:00:00Z,24,STATION,0.40884196758270264,0.11290308088064194,4.331974983215332,,
2026-02-18,2026-02-19T01:00:00Z,25,STATION,0.3633210062980652,0.2843702733516693,5.900503635406494,,
2026-02-18,2026-02-19T02:00:00Z,26,STATION,0.34583911299705505,0.24781930446624756,5.590731143951416,,
2026-02-18,2026-02-19T03:00:00Z,27,STATION,0.31878501176834106,0.27577322721481323,5.825779438018799,,
2026-02-18,2026-02-19T04:00:00Z,28,STATION,0.41143831610679626,0.4356054663658142,6.7742018699646,,
2026-02-18,2026-02-19T05:00:00Z,29,STATION,0.5103517174720764,0.2347731590270996,5.3167219161987305,,
2026-02-18,2026-02-19T06:00:00Z,30,STATION,0.21198751032352448,0.26200804114341736,5.7250590324401855,,
2026-02-18,2026-02-19T07:00:00Z,31,STATION,0.35487914085388184,0.16376520693302155,4.705792427062988,,
2026-02-18,2026-02-19T08:00:00Z,32,STATION,0.3551667630672455,0.11312750726938248,4.35441780090332,,
2026-02-18,2026-02-19T09:00:00Z,33,STATION,0.28782838582992554,0.11718424409627914,4.397876739501953,,
2026-02-18,2026-02-19T10:00:00Z,34,STATION,0.3234068751335144,0.08938027918338776,3.720478057861328,,
2026-02-18,2026-02-19T11:00:00Z,35,STATION,0.25380685925483704,0.10826457291841507,4.069955348968506,,
2026-02-18,2026-02-19T12:00:00Z,36,STATION,0.3571864366531372,0.10618626326322556,4.02541971206665,,
2026-02-18,2026-02-19T13:00:00Z,37,STATION,0.25677385926246643,0.05206358805298805,2.967268943786621,,
2026-02-18,2026-02-19T14:00:00Z,38,STATION,0.13820599019527435,0.02142368257045746,1.713552474975586,,
2026-02-18,2026-02-19T15:00:00Z,39,STATION,0.13279709219932556,0.0,0.6997435688972473,,
2026-02-18,2026-02-19T16:00:00Z,40,STATION,0.15739338099956512,0.04653064161539078,2.791722059249878,,
2026-02-18,2026-02-19T17:00:00Z,41,STATION,0.29252567887306213,0.20942118763923645,5.166115760803223,,
2026-02-18,2026-02-19T18:00:00Z,42,STATION,0.29656073451042175,0.41401925683021545,6.540438175201416,,
2026-02-18,2026-02-19T19:00:00Z,43,STATION,0.3915351629257202,0.24748940765857697,5.56873893737793,,
2026-02-18,2026-02-19T20:00:00Z,44,STATION,0.2935391068458557,0.17516006529331207,4.816065311431885,,
2026-02-18,2026-02-19T21:00:00Z,45,STATION,0.35124823451042175,0.28965163230895996,5.972522258758545,,
2026-02-18,2026-02-19T22:00:00Z,46,STATION,0.3608717918395996,0.43760526180267334,6.800285816192627,,
2026-02-18,2026-02-19T23:00:00Z,47,STATION,0.4325464963912964,0.4334668815135956,6.746307373046875,,
2026-02-18,2026-02-20T00:00:00Z,48,STATION,0.4804523289203644,0.5726181864738464,7.495322227478027,,
2026-02-18,2026-02-18T01:00:00Z,1,T1,0.7273209095001221,0.41992318630218506,6.5292134284973145,,
2026-02-18,2026-02-18T02:00:00Z,2,T1,0.7041674256324768,0.551689624786377,7.318103313446045,,
2026-02-18,2026-02-18T03:00:00Z,3,T1,0.8271494507789612,0.6826500296592712,8.022500991821289,,
2026-02-18,2026-02-18T04:00:00Z,4,T1,0.8499874472618103,0.6827542781829834,8.038140296936035,,
2026-02-18,2026-02-18T05:00:00Z,5,T1,0.8220993876457214,0.6948305368423462,8.44083309173584,,
2026-02-18,2026-02-18T06:00:00Z,6,T1,0.8322334289550781,0.9327805638313293,11.256254196166992,,
2026-02-18,2026-02-18T07:00:00Z,7,T1,0.963407576084137,0.9067758917808533,9.947312355041504,,
2026-02-18,2026-02-18T08:00:00Z,8,T1,0.9933986663818359,0.9067758917808533,9.908120155334473,,
2026-02-18,2026-02-18T09:00:00Z,9,T1,1.0,0.9037982225418091,9.777168273925781,,
2026-02-18,2026-02-18T10:00:00Z,10,T1,0.9515653848648071,0.8008636236190796,9.091599464416504,,
2026-02-18,2026-02-18T11:00:00Z,11,T1,0.9496581554412842,0.9067758917808533,9.9230375289917,,
2026-02-18,2026-02-18T12:00:00Z,12,T1,0.9990666508674622,0.7086116075515747,8.541669845581055,,
2026-02-18,2026-02-18T13:00:00Z,13,T1,0.8594416379928589,0.4856036305427551,7.0089616775512695,,
2026-02-18,2026-02-18T14:00:00Z,14,T1,0.7325051426887512,0.5650880932807922,7.391175746917725,,
2026-02-18,2026-02-18T15:00:00Z,15,T1,0.8534269332885742,0.41776034235954285,6.513764381408691,,
2026-02-18,2026-02-18T16:00:00Z,16,T1,0.5528951287269592,0.47322648763656616,6.960104465484619,,
2026-02-18,2026-02-18T17:00:00Z,17,T1,0.6943514347076416,0.2995668351650238,6.008575439453125,,
2026-02-18,2026-02-18T18:00:00Z,18,T1,0.6268275380134583,0.29356953501701355,5.880061626434326,,
2026-02-18,2026-02-18T19:00:00Z,19,T1,0.42464691400527954,0.30626004934310913,6.128375053405762,,
2026-02-18,2026-02-18T20:00:00Z,20,T1,0.5924122929573059,0.20304924249649048,5.068384647369385,,
2026-02-18,2026-02-18T21:00:00Z,21,T1,0.5251254439353943,0.20481345057487488,5.087286949157715,,
2026-02-18,2026-02-18T22:00:00Z,22,T1,0.5702062845230103,0.19068695604801178,4.93593168258667,,
2026-02-18,2026-02-18T23:00:00Z,23,T1,0.4501635432243347,0.20814943313598633,5.123029708862305,,
2026-02-18,2026-02-19T00:00:00Z,24,T1,0.4483012557029724,0.11804649978876114,4.331974983215332,,
2026-02-18,2026-02-19T01:00:00Z,25,T1,0.381052702665329,0.2945235073566437,5.900503635406494,,
2026-02-18,2026-02-19T02:00:00Z,26,T1,0.38376641273498535,0.2541666626930237,5.590731143951416,,
2026-02-18,2026-02-19T03:00:00Z,27,T1,0.38948097825050354,0.28562214970588684,5.825779438018799,,
2026-02-18,2026-02-19T04:00:00Z,28,T1,0.46892160177230835,0.44427481293678284,6.7742018699646,,
2026-02-18,2026-02-19T05:00:00Z,29,T1,0.5607486963272095,0.2434823215007782,5.3167219161987305,,
2026-02-18,2026-02-19T06:00:00Z,30,T1,0.2738211750984192,0.26984256505966187,5.7250590324401855,,
2026-02-18,2026-02-19T07:00:00Z,31,T1,0.3795408606529236,0.16695117950439453,4.705792427062988,,
2026-02-18,2026-02-19T08:00:00Z,32,T1,0.3711455166339874,0.11819611489772797,4.35441780090332,,
2026-02-18,2026-02-19T09:00:00Z,33,T1,0.34650447964668274,0.12199360877275467,4.397876739501953,,
2026-02-18,2026-02-19T10:00:00Z,34,T1,0.3237449824810028,0.09509216248989105,3.720478057861328,,
2026-02-18,2026-02-19T11:00:00Z,35,T1,0.3264579772949219,0.11373094469308853,4.069955348968506,,
2026-02-18,2026-02-19T12:00:00Z,36,T1,0.3948287069797516,0.1113557294011116,4.02541971206665,,
2026-02-18,2026-02-19T13:00:00Z,37,T1,0.2667638957500458,0.05351204797625542,2.967268943786621,,
2026-02-18,2026-02-19T14:00:00Z,38,T1,0.16244670748710632,0.02118069864809513,1.713552474975586,,
2026-02-18,2026-02-19T15:00:00Z,39,T1,0.14847594499588013,0.0,0.6997435688972473,,
2026-02-18,2026-02-19T16:00:00Z,40,T1,0.16958437860012054,0.047780364751815796,2.791722059249878,,
2026-02-18,2026-02-19T17:00:00Z,41,T1,0.316072553396225,0.21587125957012177,5.166115760803223,,
2026-02-18,2026-02-19T18:00:00Z,42,T1,0.30967846512794495,0.4214946925640106,6.540438175201416,,
2026-02-18,2026-02-19T19:00:00Z,43,T1,0.40926575660705566,0.2541666626930237,5.56873893737793,,
2026-02-18,2026-02-19T20:00:00Z,44,T1,0.2856925427913666,0.1787136197090149,4.816065311431885,,
2026-02-18,2026-02-19T21:00:00Z,45,T1,0.38020268082618713,0.29788437485694885,5.972522258758545,,
2026-02-18,2026-02-19T22:00:00Z,46,T1,0.3721834123134613,0.4461876153945923,6.800285816192627,,
2026-02-18,2026-02-19T23:00:00Z,47,T1,0.4455454647541046,0.44222918152809143,6.746307373046875,,
2026-02-18,2026-02-20T00:00:00Z,48,T1,0.4978167414665222,0.5817515254020691,7.495322227478027,,
2026-02-18,2026-02-18T01:00:00Z,1,T2,0.6278839111328125,0.40542134642601013,6.5292134284973145,,
2026-02-18,2026-02-18T02:00:00Z,2,T2,0.6476689577102661,0.543011486530304,7.318103313446045,,
2026-02-18,2026-02-18T03:00:00Z,3,T2,0.8344116806983948,0.6815833449363708,8.022500991821289,,
2026-02-18,2026-02-18T04:00:00Z,4,T2,0.7808650732040405,0.6821046471595764,8.038140296936035,,
2026-02-18,2026-02-18T05:00:00Z,5,T2,0.7856032848358154,0.6930749416351318,8.44083309173584,,
2026-02-18,2026-02-18T06:00:00Z,6,T2,0.7429512143135071,0.9222342371940613,11.256254196166992,,
2026-02-18,2026-02-18T07:00:00Z,7,T2,0.9131714105606079,0.885752260684967,9.947312355041504,,
2026-02-18,2026-02-18T08:00:00Z,8,T2,0.9284815788269043,0.8817313313484192,9.908120155334473,,
2026-02-18,2026-02-18T09:00:00Z,9,T2,0.9137104153633118,0.8753983974456787,9.777168273925781,,
2026-02-18,2026-02-18T10:00:00Z,10,T2,0.8792370557785034,0.7844263911247253,9.091599464416504,,
2026-02-18,2026-02-18T11:00:00Z,11,T2,0.8522549271583557,0.8832617998123169,9.9230375289917,,
2026-02-18,2026-02-18T12:00:00Z,12,T2,0.942539393901825,0.7041670680046082,8.541669845581055,,
2026-02-18,2026-02-18T13:00:00Z,13,T2,0.8509432673454285,0.46804386377334595,7.0089616775512695,,
2026-02-18,2026-02-18T14:00:00Z,14,T2,0.7189095616340637,0.5575832724571228,7.391175746917725,,
2026-02-18,2026-02-18T15:00:00Z,15,T2,0.7544131875038147,0.4038764238357544,6.513764381408691,,
2026-02-18,2026-02-18T16:00:00Z,16,T2,0.511215090751648,0.4559924602508545,6.960104465484619,,
2026-02-18,2026-02-18T17:00:00Z,17,T2,0.5783432126045227,0.2850241959095001,6.008575439453125,,
2026-02-18,2026-02-18T18:00:00Z,18,T2,0.48477768898010254,0.27217283844947815,5.880061626434326,,
2026-02-18,2026-02-18T19:00:00Z,19,T2,0.35557621717453003,0.2979266941547394,6.128375053405762,,
2026-02-18,2026-02-18T20:00:00Z,20,T2,0.5656776428222656,0.192326158285141,5.068384647369385,,
2026-02-18,2026-02-18T21:00:00Z,21,T2,0.49565589427948,0.19377532601356506,5.087286949157715,,
2026-02-18,2026-02-18T22:00:00Z,22,T2,0.5358849763870239,0.18217143416404724,4.93593168258667,,
2026-02-18,2026-02-18T23:00:00Z,23,T2,0.4346359968185425,0.19651560485363007,5.123029708862305,,
2026-02-18,2026-02-19T00:00:00Z,24,T2,0.36938267946243286,0.10775966942310333,4.331974983215332,,
2026-02-18,2026-02-19T01:00:00Z,25,T2,0.3455893397331238,0.27421703934669495,5.900503635406494,,
2026-02-18,2026-02-19T02:00:00Z,26,T2,0.30791184306144714,0.24147193133831024,5.590731143951416,,
2026-02-18,2026-02-19T03:00:00Z,27,T2,0.2480890303850174,0.2659243047237396,5.825779438018799,,
2026-02-18,2026-02-19T04:00:00Z,28,T2,0.3539550304412842,0.42693614959716797,6.7742018699646,,
2026-02-18,2026-02-19T05:00:00Z,29,T2,0.45995476841926575,0.22606401145458221,5.3167219161987305,,
2026-02-18,2026-02-19T06:00:00Z,30,T2,0.15015384554862976,0.25417354702949524,5.7250590324401855,,
2026-02-18,2026-02-19T07:00:00Z,31,T2,0.3302174210548401,0.16057923436164856,4.705792427062988,,
2026-02-18,2026-02-19T08:00:00Z,32,T2,0.33918797969818115,0.10805889964103699,4.35441780090332,,
2026-02-18,2026-02-19T09:00:00Z,33,T2,0.22915230691432953,0.11237488687038422,4.397876739501953,,
2026-02-18,2026-02-19T10:00:00Z,34,T2,0.3230687379837036,0.08366839587688446,3.720478057861328,,
2026-02-18,2026-02-19T11:00:00Z,35,T2,0.1811557114124298,0.1027982085943222,4.069955348968506,,
2026-02-18,2026-02-19T12:00:00Z,36,T2,0.3195441663265228,0.10101679712533951,4.02541971206665,,
2026-02-18,2026-02-19T13:00:00Z,37,T2,0.2467838078737259,0.05061512812972069,2.967268943786621,,
2026-02-18,2026-02-19T14:00:00Z,38,T2,0.11396528780460358,0.021666666492819786,1.713552474975586,,
2026-02-18,2026-02-19T15:00:00Z,39,T2,0.1171182319521904,0.0,0.6997435688972473,,
2026-02-18,2026-02-19T16:00:00Z,40,T2,0.1452023684978485,0.04528091847896576,2.791722059249878,,
2026-02-18,2026-02-19T17:00:00Z,41,T2,0.2689787745475769,0.20297111570835114,5.166115760803223,,
2026-02-18,2026-02-19T18:00:00Z,42,T2,0.28344297409057617,0.4065438210964203,6.540438175201416,,
2026-02-18,2026-02-19T19:00:00Z,43,T2,0.37380456924438477,0.24081216752529144,5.56873893737793,,
2026-02-18,2026-02-19T20:00:00Z,44,T2,0.30138570070266724,0.17160651087760925,4.816065311431885,,
2026-02-18,2026-02-19T21:00:00Z,45,T2,0.32229378819465637,0.28141888976097107,5.972522258758545,,
2026-02-18,2026-02-19T22:00:00Z,46,T2,0.3495601713657379,0.429022878408432,6.800285816192627,,
2026-02-18,2026-02-19T23:00:00Z,47,T2,0.41954752802848816,0.42470458149909973,6.746307373046875,,
2026-02-18,2026-02-20T00:00:00Z,48,T2,0.46308791637420654,0.5634849071502686,7.495322227478027,,
2026-02-19,2026-02-19T01:00:00Z,1,STATION,0.3348187506198883,0.12650077044963837,4.453222274780273,,
2026-02-19,2026-02-19T02:00:00Z,2,STATION,0.19096346199512482,0.13481637835502625,4.502622127532959,,
2026-02-19,2026-02-19T03:00:00Z,3,STATION,0.3415844440460205,0.12752163410186768,4.459287166595459,,
2026-02-19,2026-02-19T04:00:00Z,4,STATION,0.25706005096435547,0.1732117235660553,4.797210216522217,,
2026-02-19,2026-02-19T05:00:00Z,5,STATION,0.22937603294849396,0.23840288817882538,5.338284492492676,,
2026-02-19,2026-02-19T06:00:00Z,6,STATION,0.3924355208873749,0.14622393250465393,4.570389747619629,,
2026-02-19,2026-02-19T07:00:00Z,7,STATION,0.28704825043678284,0.17522110044956207,4.81665563583374,,
2026-02-19,2026-02-19T08:00:00Z,8,STATION,0.3908236026763916,0.16535431146621704,4.721170902252197,,
2026-02-19,2026-02-19T09:00:00Z,9,STATION,0.3239334225654602,0.1399857997894287,4.533331394195557,,
2026-02-19,2026-02-19T10:00:00Z,10,STATION,0.3090778589248657,0.10617230832576752,4.025120735168457,,
2026-02-19,2026-02-19T11:00:00Z,11,STATION,0.2704322934150696,0.03679296001791954,2.5286824703216553,,
2026-02-19,2026-02-19T12:00:00Z,12,STATION,0.1782546490430832,0.06055184826254845,3.3165555000305176,,
2026-02-19,2026-02-19T13:00:00Z,13,STATION,0.15695062279701233,0.0,1.2122786045074463,,
2026-02-19,2026-02-19T14:00:00Z,14,STATION,0.09749212116003036,0.022427232936024666,1.8640848398208618,,
2026-02-19,2026-02-19T15:00:00Z,15,STATION,0.2013453245162964,0.15782944858074188,4.648349285125732,,
2026-02-19,2026-02-19T16:00:00Z,16,STATION,0.22396375238895416,0.21102771162986755,5.175659656524658,,
2026-02-19,2026-02-19T17:00:00Z,17,STATION,0.3829708993434906,0.4538938105106354,6.917242050170898,,
2026-02-19,2026-02-19T18:00:00Z,18,STATION,0.46564820408821106,0.297040194272995,6.073275566101074,,
2026-02-19,2026-02-19T19:00:00Z,19,STATION,0.47610220313072205,0.4706668257713318,6.9843339920043945,,
2026-02-19,2026-02-19T20:00:00Z,20,STATION,0.5260794758796692,0.5542099475860596,7.3500075340271,,
2026-02-19,2026-02-19T21:00:00Z,21,STATION,0.5565341114997864,0.5569300651550293,7.362658977508545,,
2026-02-19,2026-02-19T22:00:00Z,22,STATION,0.5007719397544861,0.4448561668395996,6.881091117858887,,
2026-02-19,2026-02-19T23:00:00Z,23,STATION,0.5101265907287598,0.5351037979125977,7.261141777038574,,
2026-02-19,2026-02-20T00:00:00Z,24,STATION,0.4772821366786957,0.608490526676178,7.683983325958252,,
2026-02-19,2026-02-20T01:00:00Z,25,STATION,0.4895728826522827,0.5793513059616089,7.557473182678223,,
2026-02-19,2026-02-20T02:00:00Z,26,STATION,0.4567808210849762,0.5079072713851929,7.134645938873291,,
2026-02-19,2026-02-20T03:00:00Z,27,STATION,0.41137126088142395,0.437599241733551,6.800207614898682,,
2026-02-19,2026-02-20T04:00:00Z,28,STATION,0.3765319287776947,0.24548572301864624,5.435159206390381,,
2026-02-19,2026-02-20T05:00:00Z,29,STATION,0.23537984490394592,0.1522742062807083,4.606331825256348,,
2026-02-19,2026-02-20T06:00:00Z,30,STATION,0.18711963295936584,0.11215595155954361,4.257261753082275,,
2026-02-19,2026-02-20T07:00:00Z,31,STATION,0.1634439378976822,0.054268378764390945,3.128051280975342,,
2026-02-19,2026-02-20T08:00:00Z,32,STATION,0.11938941478729248,0.037553347647190094,2.593858480453491,,
2026-02-19,2026-02-20T09:00:00Z,33,STATION,0.08860602974891663,0.02407236397266388,2.1108546257019043,,
2026-02-19,2026-02-20T10:00:00Z,34,STATION,0.0816577598452568,0.0,1.4336665868759155,,
2026-02-19,2026-02-20T11:00:00Z,35,STATION,0.11450990289449692,0.02291220985352993,1.9368315935134888,,
2026-02-19,2026-02-20T12:00:00Z,36,STATION,0.19710569083690643,0.06652655452489853,3.42331862449646,,
2026-02-19,2026-02-20T13:00:00Z,37,STATION,0.3756744861602783,0.5774780511856079,7.540182113647461,,
2026-02-19,2026-02-20T14:00:00Z,38,STATION,0.48757126927375793,0.6803219318389893,7.932762622833252,,
2026-02-19,2026-02-20T15:00:00Z,39,STATION,0.5043429732322693,0.6830287575721741,8.06810474395752,,
2026-02-19,2026-02-20T16:00:00Z,40,STATION,0.46899959444999695,0.6849192976951599,8.237892150878906,,
2026-02-19,2026-02-20T17:00:00Z,41,STATION,0.547702968120575,0.6832946538925171,8.081399917602539,,
2026-02-19,2026-02-20T18:00:00Z,42,STATION,0.49472951889038086,0.6836258769035339,8.097960472106934,,
2026-02-19,2026-02-20T19:00:00Z,43,STATION,0.5568098425865173,0.6847394108772278,8.210915565490723,,
2026-02-19,2026-02-20T20:00:00Z,44,STATION,0.6158305406570435,0.6752764582633972,7.864485740661621,,
2026-02-19,2026-02-20T21:00:00Z,45,STATION,0.5334921479225159,0.5036613941192627,7.116312503814697,,
2026-02-19,2026-02-20T22:00:00Z,46,STATION,0.5342874526977539,0.4078209102153778,6.488785266876221,,
2026-02-19,2026-02-20T23:00:00Z,47,STATION,0.4379463493824005,0.24464797973632812,5.379310131072998,,
2026-02-19,2026-02-21T00:00:00Z,48,STATION,0.43399548530578613,0.17612750828266144,4.825427532196045,,
2026-02-19,2026-02-19T01:00:00Z,1,T1,0.34447991847991943,0.13084891438484192,4.453222274780273,,
2026-02-19,2026-02-19T02:00:00Z,2,T1,0.24691224098205566,0.13875284790992737,4.502622127532959,,
2026-02-19,2026-02-19T03:00:00Z,3,T1,0.39651238918304443,0.1318192481994629,4.459287166595459,,
2026-02-19,2026-02-19T04:00:00Z,4,T1,0.3080485165119171,0.17670242488384247,4.797210216522217,,
2026-02-19,2026-02-19T05:00:00Z,5,T1,0.29281139373779297,0.24743549525737762,5.338284492492676,,
2026-02-19,2026-02-19T06:00:00Z,6,T1,0.4339331388473511,0.1495956927537918,4.570389747619629,,
2026-02-19,2026-02-19T07:00:00Z,7,T1,0.3379703164100647,0.17877662181854248,4.81665563583374,,
2026-02-19,2026-02-19T08:00:00Z,8,T1,0.40286484360694885,0.16859154403209686,4.721170902252197,,
2026-02-19,2026-02-19T09:00:00Z,9,T1,0.3402276337146759,0.1436663568019867,4.533331394195557,,
2026-02-19,2026-02-19T10:00:00Z,10,T1,0.2911515235900879,0.11133977770805359,4.025120735168457,,
2026-02-19,2026-02-19T11:00:00Z,11,T1,0.25885021686553955,0.03871576488018036,2.5286824703216553,,
2026-02-19,2026-02-19T12:00:00Z,12,T1,0.22112679481506348,0.0643288865685463,3.3165555000305176,,
2026-02-19,2026-02-19T13:00:00Z,13,T1,0.16586314141750336,0.0,1.2122786045074463,,
2026-02-19,2026-02-19T14:00:00Z,14,T1,0.13549432158470154,0.023187797516584396,1.8640848398208618,,
2026-02-19,2026-02-19T15:00:00Z,15,T1,0.20209269225597382,0.16082394123077393,4.648349285125732,,
2026-02-19,2026-02-19T16:00:00Z,16,T1,0.24508611857891083,0.21762093901634216,5.175659656524658,,
2026-02-19,2026-02-19T17:00:00Z,17,T1,0.3903360962867737,0.4623679518699646,6.917242050170898,,
2026-02-19,2026-02-19T18:00:00Z,18,T1,0.5080466866493225,0.3025861978530884,6.073275566101074,,
2026-02-19,2026-02-19T19:00:00Z,19,T1,0.5174213647842407,0.4793646037578583,6.9843339920043945,,
2026-02-19,2026-02-19T20:00:00Z,20,T1,0.5565481781959534,0.5577514171600342,7.3500075340271,,
2026-02-19,2026-02-19T21:00:00Z,21,T1,0.5952973365783691,0.5601552128791809,7.362658977508545,,
2026-02-19,2026-02-19T22:00:00Z,22,T1,0.49850648641586304,0.453209787607193,6.881091117858887,,
2026-02-19,2026-02-19T23:00:00Z,23,T1,0.5672652125358582,0.5408669114112854,7.261141777038574,,
2026-02-19,2026-02-20T00:00:00Z,24,T1,0.5160840153694153,0.6211780905723572,7.683983325958252,,
2026-02-19,2026-02-20T01:00:00Z,25,T1,0.48705267906188965,0.5916957259178162,7.557473182678223,,
2026-02-19,2026-02-20T02:00:00Z,26,T1,0.45013198256492615,0.5168327689170837,7.134645938873291,,
2026-02-19,2026-02-20T03:00:00Z,27,T1,0.4180803894996643,0.44618189334869385,6.800207614898682,,
2026-02-19,2026-02-20T04:00:00Z,28,T1,0.43193748593330383,0.2541666626930237,5.435159206390381,,
2026-02-19,2026-02-20T05:00:00Z,29,T1,0.28421226143836975,0.15534645318984985,4.606331825256348,,
2026-02-19,2026-02-20T06:00:00Z,30,T1,0.21750113368034363,0.11754841357469559,4.257261753082275,,
2026-02-19,2026-02-20T07:00:00Z,31,T1,0.16982722282409668,0.056788720190525055,3.128051280975342,,
2026-02-19,2026-02-20T08:00:00Z,32,T1,0.1218494325876236,0.03958477824926376,2.593858480453491,,
2026-02-19,2026-02-20T09:00:00Z,33,T1,0.07832930237054825,0.024905696511268616,2.1108546257019043,,
2026-02-19,2026-02-20T10:00:00Z,34,T1,0.0739043653011322,0.0,1.4336665868759155,,
2026-02-19,2026-02-20T11:00:00Z,35,T1,0.12465415894985199,0.023745544254779816,1.9368315935134888,,
2026-02-19,2026-02-20T12:00:00Z,36,T1,0.24859195947647095,0.07117640972137451,3.42331862449646,,
2026-02-19,2026-02-20T13:00:00Z,37,T1,0.38960373401641846,0.5889291167259216,7.540182113647461,,
2026-02-19,2026-02-20T14:00:00Z,38,T1,0.5325087308883667,0.6820517778396606,7.932762622833252,,
2026-02-19,2026-02-20T15:00:00Z,39,T1,0.5477432012557983,0.6829540133476257,8.06810474395752,,
2026-02-19,2026-02-20T16:00:00Z,40,T1,0.48578402400016785,0.6844622492790222,8.237892150878906,,
2026-02-19,2026-02-20T17:00:00Z,41,T1,0.5702905654907227,0.6830426454544067,8.081399917602539,,
2026-02-19,2026-02-20T18:00:00Z,42,T1,0.5461623072624207,0.6831530928611755,8.097960472106934,,
2026-02-19,2026-02-20T19:00:00Z,43,T1,0.6310203075408936,0.6841924786567688,8.210915565490723,,
2026-02-19,2026-02-20T20:00:00Z,44,T1,0.6701409220695496,0.6783372163772583,7.864485740661621,,
2026-02-19,2026-02-20T21:00:00Z,45,T1,0.5865852236747742,0.5127991437911987,7.116312503814697,,
2026-02-19,2026-02-20T22:00:00Z,46,T1,0.6021233797073364,0.4142633080482483,6.488785266876221,,
2026-02-19,2026-02-20T23:00:00Z,47,T1,0.49030834436416626,0.2541666626930237,5.379310131072998,,
2026-02-19,2026-02-21T00:00:00Z,48,T1,0.45869478583335876,0.17971226572990417,4.825427532196045,,
2026-02-19,2026-02-19T01:00:00Z,1,T2,0.32515761256217957,0.12215261906385422,4.453222274780273,,
2026-02-19,2026-02-19T02:00:00Z,2,T2,0.13501468300819397,0.13087989389896393,4.502622127532959,,
2026-02-19,2026-02-19T03:00:00Z,3,T2,0.2866564691066742,0.12322402745485306,4.459287166595459,,
2026-02-19,2026-02-19T04:00:00Z,4,T2,0.20607160031795502,0.16972102224826813,4.797210216522217,,
2026-02-19,2026-02-19T05:00:00Z,5,T2,0.16594067215919495,0.22937029600143433,5.338284492492676,,
2026-02-19,2026-02-19T06:00:00Z,6,T2,0.3509379029273987,0.14285218715667725,4.570389747619629,,
2026-02-19,2026-02-19T07:00:00Z,7,T2,0.23612621426582336,0.17166559398174286,4.81665563583374,,
2026-02-19,2026-02-19T08:00:00Z,8,T2,0.37878233194351196,0.16211707890033722,4.721170902252197,,
2026-02-19,2026-02-19T09:00:00Z,9,T2,0.3076392412185669,0.13630522787570953,4.533331394195557,,
2026-02-19,2026-02-19T10:00:00Z,10,T2,0.32700422406196594,0.10100483149290085,4.025120735168457,,
2026-02-19,2026-02-19T11:00:00Z,11,T2,0.2820143699645996,0.03487015888094902,2.5286824703216553,,
2026-02-19,2026-02-19T12:00:00Z,12,T2,0.1353825032711029,0.0567748136818409,3.3165555000305176,,
2026-02-19,2026-02-19T13:00:00Z,13,T2,0.1480381041765213,0.0,1.2122786045074463,,
2026-02-19,2026-02-19T14:00:00Z,14,T2,0.059489913284778595,0.021666666492819786,1.8640848398208618,,
2026-02-19,2026-02-19T15:00:00Z,15,T2,0.20059794187545776,0.15483494102954865,4.648349285125732,,
2026-02-19,2026-02-19T16:00:00Z,16,T2,0.2028414011001587,0.20443448424339294,5.175659656524658,,
2026-02-19,2026-02-19T17:00:00Z,17,T2,0.3756057322025299,0.44541966915130615,6.917242050170898,,
2026-02-19,2026-02-19T18:00:00Z,18,T2,0.423249751329422,0.291494220495224,6.073275566101074,,
2026-02-19,2026-02-19T19:00:00Z,19,T2,0.43478304147720337,0.4619690477848053,6.9843339920043945,,
2026-02-19,2026-02-19T20:00:00Z,20,T2,0.4956108033657074,0.5506684184074402,7.3500075340271,,
2026-02-19,2026-02-19T21:00:00Z,21,T2,0.5177708864212036,0.5537048578262329,7.362658977508545,,
2026-02-19,2026-02-19T22:00:00Z,22,T2,0.5030374526977539,0.43650251626968384,6.881091117858887,,
2026-02-19,2026-02-19T23:00:00Z,23,T2,0.4529879689216614,0.5293406844139099,7.261141777038574,,
2026-02-19,2026-02-20T00:00:00Z,24,T2,0.4384802579879761,0.5958030223846436,7.683983325958252,,
2026-02-19,2026-02-20T01:00:00Z,25,T2,0.4920930862426758,0.5670068264007568,7.557473182678223,,
2026-02-19,2026-02-20T02:00:00Z,26,T2,0.46342968940734863,0.4989817440509796,7.134645938873291,,
2026-02-19,2026-02-20T03:00:00Z,27,T2,0.404662162065506,0.4290166199207306,6.800207614898682,,
2026-02-19,2026-02-20T04:00:00Z,28,T2,0.32112637162208557,0.2368047684431076,5.435159206390381,,
2026-02-19,2026-02-20T05:00:00Z,29,T2,0.1865474283695221,0.14920197427272797,4.606331825256348,,
2026-02-19,2026-02-20T06:00:00Z,30,T2,0.15673813223838806,0.10676348954439163,4.257261753082275,,
2026-02-19,2026-02-20T07:00:00Z,31,T2,0.1570606529712677,0.051748037338256836,3.128051280975342,,
2026-02-19,2026-02-20T08:00:00Z,32,T2,0.11692939698696136,0.035521917045116425,2.593858480453491,,
2026-02-19,2026-02-20T09:00:00Z,33,T2,0.098882757127285,0.023239029571413994,2.1108546257019043,,
2026-02-19,2026-02-20T10:00:00Z,34,T2,0.089411161839962,0.0,1.4336665868759155,,
2026-02-19,2026-02-20T11:00:00Z,35,T2,0.10436564683914185,0.022078877314925194,1.9368315935134888,,
2026-02-19,2026-02-20T12:00:00Z,36,T2,0.1456194370985031,0.061876699328422546,3.42331862449646,,
2026-02-19,2026-02-20T13:00:00Z,37,T2,0.3617452383041382,0.5660269856452942,7.540182113647461,,
2026-02-19,2026-02-20T14:00:00Z,38,T2,0.4426337778568268,0.6785920858383179,7.932762622833252,,
2026-02-19,2026-02-20T15:00:00Z,39,T2,0.46094274520874023,0.6831035017967224,8.06810474395752,,
2026-02-19,2026-02-20T16:00:00Z,40,T2,0.45221519470214844,0.6853762865066528,8.237892150878906,,
2026-02-19,2026-02-20T17:00:00Z,41,T2,0.5251153707504272,0.6835466623306274,8.081399917602539,,
2026-02-19,2026-02-20T18:00:00Z,42,T2,0.44329673051834106,0.6840986609458923,8.097960472106934,,
2026-02-19,2026-02-20T19:00:00Z,43,T2,0.4825993478298187,0.6852864027023315,8.210915565490723,,
2026-02-19,2026-02-20T20:00:00Z,44,T2,0.5615201592445374,0.6722157001495361,7.864485740661621,,
2026-02-19,2026-02-20T21:00:00Z,45,T2,0.48039907217025757,0.49452370405197144,7.116312503814697,,
2026-02-19,2026-02-20T22:00:00Z,46,T2,0.46645161509513855,0.4013785421848297,6.488785266876221,,
2026-02-19,2026-02-20T23:00:00Z,47,T2,0.3855843245983124,0.23512929677963257,5.379310131072998,,
2026-02-19,2026-02-21T00:00:00Z,48,T2,0.4092962145805359,0.1725427359342575,4.825427532196045,,
2026-02-20,2026-02-20T01:00:00Z,1,STATION,0.6029295921325684,0.6643559336662292,7.834970951080322,,
2026-02-20,2026-02-20T02:00:00Z,2,STATION,0.6153088808059692,0.6901476383209229,8.409980773925781,,
2026-02-20,2026-02-20T03:00:00Z,3,STATION,0.5232564806938171,0.6444724798202515,7.781231880187988,,
2026-02-20,2026-02-20T04:00:00Z,4,STATION,0.4586791694164276,0.34103861451148987,6.232692718505859,,
2026-02-20,2026-02-20T05:00:00Z,5,STATION,0.3541963994503021,0.24477092921733856,5.387506008148193,,
2026-02-20,2026-02-20T06:00:00Z,6,STATION,0.2478814572095871,0.22752317786216736,5.27365255355835,,
2026-02-20,2026-02-20T07:00:00Z,7,STATION,0.25201869010925293,0.16155101358890533,4.6843647956848145,,
2026-02-20,2026-02-20T08:00:00Z,8,STATION,0.22590571641921997,0.10812576860189438,4.066980838775635,,
2026-02-20,2026-02-20T09:00:00Z,9,STATION,0.17236249148845673,0.07077495753765106,3.474299430847168,,
2026-02-20,2026-02-20T10:00:00Z,10,STATION,0.13131602108478546,0.052937671542167664,3.032825469970703,,
2026-02-20,2026-02-20T11:00:00Z,11,STATION,0.11429408192634583,0.03430963307619095,2.3590683937072754,,
2026-02-20,2026-02-20T12:00:00Z,12,STATION,0.09010286629199982,0.032957494258880615,2.3278653621673584,,
2026-02-20,2026-02-20T13:00:00Z,13,STATION,0.11414271593093872,0.0,1.028632640838623,,
2026-02-20,2026-02-20T14:00:00Z,14,STATION,0.19620323181152344,0.07582366466522217,3.534883975982666,,
2026-02-20,2026-02-20T15:00:00Z,15,STATION,0.2738753855228424,0.41086339950561523,6.514139175415039,,
2026-02-20,2026-02-20T16:00:00Z,16,STATION,0.391085147857666,0.5211473107337952,7.19622802734375,,
2026-02-20,2026-02-20T17:00:00Z,17,STATION,0.4668101370334625,0.6812223196029663,7.977783679962158,,
2026-02-20,2026-02-20T18:00:00Z,18,STATION,0.5137195587158203,0.6849515438079834,8.242732048034668,,
2026-02-20,2026-02-20T19:00:00Z,19,STATION,0.5373079776763916,0.6802597045898438,7.929651737213135,,
2026-02-20,2026-02-20T20:00:00Z,20,STATION,0.4716936945915222,0.5700029134750366,7.4711809158325195,,
2026-02-20,2026-02-20T21:00:00Z,21,STATION,0.4646033048629761,0.5307695269584656,7.240982532501221,,
2026-02-20,2026-02-20T22:00:00Z,22,STATION,0.43753525614738464,0.43707966804504395,6.793430328369141,,
2026-02-20,2026-02-20T23:00:00Z,23,STATION,0.405355304479599,0.3693593144416809,6.308551788330078,,
2026-02-20,2026-02-21T00:00:00Z,24,STATION,0.42429789900779724,0.26743820309638977,5.764791965484619,,
2026-02-20,2026-02-21T01:00:00Z,25,STATION,0.31774044036865234,0.1031864732503891,3.9611387252807617,,
2026-02-20,2026-02-21T02:00:00Z,26,STATION,0.155070960521698,0.1523430496454239,4.606740951538086,,
2026-02-20,2026-02-21T03:00:00Z,27,STATION,0.1760929673910141,0.24796637892723083,5.600536346435547,,
2026-02-20,2026-02-21T04:00:00Z,28,STATION,0.1560830920934677,0.16277843713760376,4.696242809295654,,
2026-02-20,2026-02-21T05:00:00Z,29,STATION,0.23469486832618713,0.03515614569187164,2.3883838653564453,,
2026-02-20,2026-02-21T06:00:00Z,30,STATION,0.5033813118934631,0.9475268721580505,11.480813026428223,,
2026-02-20,2026-02-21T07:00:00Z,31,STATION,0.826833188533783,0.9475268721580505,12.033453941345215,,
2026-02-20,2026-02-21T08:00:00Z,32,STATION,0.7575668096542358,0.9475268721580505,11.618570327758789,,
2026-02-20,2026-02-21T09:00:00Z,33,STATION,0.6499572992324829,0.7181248068809509,8.679680824279785,,
2026-02-20,2026-02-21T10:00:00Z,34,STATION,0.4776427745819092,0.4735448360443115,6.995845794677734,,
2026-02-20,2026-02-21T11:00:00Z,35,STATION,0.3772791922092438,0.17425896227359772,4.807344913482666,,
2026-02-20,2026-02-21T12:00:00Z,36,STATION,0.22243903577327728,0.16488224267959595,4.716602325439453,,
2026-02-20,2026-02-21T13:00:00Z,37,STATION,0.18355083465576172,0.11305195838212967,4.346862316131592,,
2026-02-20,2026-02-21T14:00:00Z,38,STATION,0.28341495990753174,0.2951359748840332,6.047308921813965,,
2026-02-20,2026-02-21T15:00:00Z,39,STATION,0.34687933325767517,0.4119065999984741,6.522832870483398,,
2026-02-20,2026-02-21T16:00:00Z,40,STATION,0.59171062707901,0.524914562702179,7.213749885559082,,
2026-02-20,2026-02-21T17:00:00Z,41,STATION,0.5559005737304688,0.7231346964836121,8.86755084991455,,
2026-02-20,2026-02-21T18:00:00Z,42,STATION,0.6388918161392212,0.6028361320495605,7.668701171875,,
2026-02-20,2026-02-21T19:00:00Z,43,STATION,0.648377001285553,0.6819464564323425,8.013989448547363,,
2026-02-20,2026-02-21T20:00:00Z,44,STATION,0.6360114216804504,0.5330952405929565,7.251799583435059,,
2026-02-20,2026-02-21T21:00:00Z,45,STATION,0.5138949155807495,0.29520973563194275,6.048314571380615,,
2026-02-20,2026-02-21T22:00:00Z,46,STATION,0.3937888741493225,0.24025078117847443,5.349262237548828,,
2026-02-20,2026-02-21T23:00:00Z,47,STATION,0.22017425298690796,0.10518330335617065,4.003927707672119,,
2026-02-20,2026-02-22T00:00:00Z,48,STATION,0.10646943002939224,0.0,0.4610837399959564,,
2026-02-20,2026-02-20T01:00:00Z,1,T1,0.66463702917099,0.6689907908439636,7.834970951080322,,
2026-02-20,2026-02-20T02:00:00Z,2,T1,0.6096346378326416,0.6906140446662903,8.409980773925781,,
2026-02-20,2026-02-20T03:00:00Z,3,T1,0.5124212503433228,0.6519734263420105,7.781231880187988,,
2026-02-20,2026-02-20T04:00:00Z,4,T1,0.48230430483818054,0.34520527720451355,6.232692718505859,,
2026-02-20,2026-02-20T05:00:00Z,5,T1,0.4184046685695648,0.2541666626930237,5.387506008148193,,
2026-02-20,2026-02-20T06:00:00Z,6,T1,0.2740026116371155,0.23558630049228668,5.27365255355835,,
2026-02-20,2026-02-20T07:00:00Z,7,T1,0.2723207473754883,0.1646655648946762,4.6843647956848145,,
2026-02-20,2026-02-20T08:00:00Z,8,T1,0.23537565767765045,0.11357230693101883,4.066980838775635,,
2026-02-20,2026-02-20T09:00:00Z,9,T1,0.17985405027866364,0.07593461871147156,3.474299430847168,,
2026-02-20,2026-02-20T10:00:00Z,10,T1,0.1351410448551178,0.05482317507266998,3.032825469970703,,
2026-02-20,2026-02-20T11:00:00Z,11,T1,0.12361594289541245,0.03592319414019585,2.3590683937072754,,
2026-02-20,2026-02-20T12:00:00Z,12,T1,0.10397857427597046,0.03446704521775246,2.3278653621673584,,
2026-02-20,2026-02-20T13:00:00Z,13,T1,0.11963887512683868,0.0,1.028632640838623,,
2026-02-20,2026-02-20T14:00:00Z,14,T1,0.2189502865076065,0.08158916980028152,3.534883975982666,,
2026-02-20,2026-02-20T15:00:00Z,15,T1,0.22838462889194489,0.41781285405158997,6.514139175415039,,
2026-02-20,2026-02-20T16:00:00Z,16,T1,0.40062958002090454,0.5285332798957825,7.19622802734375,,
2026-02-20,2026-02-20T17:00:00Z,17,T1,0.48370659351348877,0.6823518872261047,7.977783679962158,,
2026-02-20,2026-02-20T18:00:00Z,18,T1,0.57234787940979,0.6845106482505798,8.242732048034668,,
2026-02-20,2026-02-20T19:00:00Z,19,T1,0.6326448917388916,0.6820310354232788,7.929651737213135,,
2026-02-20,2026-02-20T20:00:00Z,20,T1,0.5612528920173645,0.5778889060020447,7.4711809158325195,,
2026-02-20,2026-02-20T21:00:00Z,21,T1,0.5178689360618591,0.537036657333374,7.240982532501221,,
2026-02-20,2026-02-20T22:00:00Z,22,T1,0.5125582218170166,0.44568490982055664,6.793430328369141,,
2026-02-20,2026-02-20T23:00:00Z,23,T1,0.47092798352241516,0.3735259771347046,6.308551788330078,,
2026-02-20,2026-02-21T00:00:00Z,24,T1,0.49126607179641724,0.2760673761367798,5.764791965484619,,
2026-02-20,2026-02-21T01:00:00Z,25,T1,0.3137650191783905,0.10792740434408188,3.9611387252807617,,
2026-02-20,2026-02-21T02:00:00Z,26,T1,0.18667501211166382,0.15541186928749084,4.606740951538086,,
2026-02-20,2026-02-21T03:00:00Z,27,T1,0.20031823217868805,0.2541666626930237,5.600536346435547,,
2026-02-20,2026-02-21T04:00:00Z,28,T1,0.17470429837703705,0.1659325808286667,4.696242809295654,,
2026-02-20,2026-02-21T05:00:00Z,29,T1,0.3180549442768097,0.036845117807388306,2.3883838653564453,,
2026-02-20,2026-02-21T06:00:00Z,30,T1,0.5004797577857971,0.9563068747520447,11.480813026428223,,
2026-02-20,2026-02-21T07:00:00Z,31,T1,0.8191888928413391,0.9563068747520447,12.033453941345215,,
2026-02-20,2026-02-21T08:00:00Z,32,T1,0.7313088178634644,0.9563068747520447,11.618570327758789,,
2026-02-20,2026-02-21T09:00:00Z,33,T1,0.5741166472434998,0.7200000286102295,8.679680824279785,,
2026-02-20,2026-02-21T10:00:00Z,34,T1,0.44877496361732483,0.482280969619751,6.995845794677734,,
2026-02-20,2026-02-21T11:00:00Z,35,T1,0.34801071882247925,0.17778344452381134,4.807344913482666,,
2026-02-20,2026-02-21T12:00:00Z,36,T1,0.2356078177690506,0.16810424625873566,4.716602325439453,,
2026-02-20,2026-02-21T13:00:00Z,37,T1,0.18682190775871277,0.11814574897289276,4.346862316131592,,
2026-02-20,2026-02-21T14:00:00Z,38,T1,0.288857638835907,0.3013744056224823,6.047308921813965,,
2026-02-20,2026-02-21T15:00:00Z,39,T1,0.35148897767066956,0.41902992129325867,6.522832870483398,,
2026-02-20,2026-02-21T16:00:00Z,40,T1,0.5846437811851501,0.5318624973297119,7.213749885559082,,
2026-02-20,2026-02-21T17:00:00Z,41,T1,0.5640683770179749,0.7200000286102295,8.86755084991455,,
2026-02-20,2026-02-21T18:00:00Z,42,T1,0.6467952132225037,0.6163387298583984,7.668701171875,,
2026-02-20,2026-02-21T19:00:00Z,43,T1,0.6445526480674744,0.6825932860374451,8.013989448547363,,
2026-02-20,2026-02-21T20:00:00Z,44,T1,0.6528335213661194,0.5390918850898743,7.251799583435059,,
2026-02-20,2026-02-21T21:00:00Z,45,T1,0.5064061880111694,0.3014213442802429,6.048314571380615,,
2026-02-20,2026-02-21T22:00:00Z,46,T1,0.40869539976119995,0.2494480460882187,5.349262237548828,,
2026-02-20,2026-02-21T23:00:00Z,47,T1,0.24201448261737823,0.11020948737859726,4.003927707672119,,
2026-02-20,2026-02-22T00:00:00Z,48,T1,0.12371566891670227,0.0,0.4610837399959564,,
2026-02-20,2026-02-20T01:00:00Z,1,T2,0.541222095489502,0.6597210168838501,7.834970951080322,,
2026-02-20,2026-02-20T02:00:00Z,2,T2,0.6209831237792969,0.6896812319755554,8.409980773925781,,
2026-02-20,2026-02-20T03:00:00Z,3,T2,0.5340916514396667,0.6369715332984924,7.781231880187988,,
2026-02-20,2026-02-20T04:00:00Z,4,T2,0.4350540041923523,0.3368719518184662,6.232692718505859,,
2026-02-20,2026-02-20T05:00:00Z,5,T2,0.28998813033103943,0.23537518084049225,5.387506008148193,,
2026-02-20,2026-02-20T06:00:00Z,6,T2,0.22176028788089752,0.21946005523204803,5.27365255355835,,
2026-02-20,2026-02-20T07:00:00Z,7,T2,0.23171664774417877,0.15843646228313446,4.6843647956848145,,
2026-02-20,2026-02-20T08:00:00Z,8,T2,0.21643579006195068,0.10267923027276993,4.066980838775635,,
2026-02-20,2026-02-20T09:00:00Z,9,T2,0.16487091779708862,0.06561529636383057,3.474299430847168,,
2026-02-20,2026-02-20T10:00:00Z,10,T2,0.12749098241329193,0.051052168011665344,3.032825469970703,,
2026-02-20,2026-02-20T11:00:00Z,11,T2,0.1049722284078598,0.03269607201218605,2.3590683937072754,,
2026-02-20,2026-02-20T12:00:00Z,12,T2,0.07622715830802917,0.031447943300008774,2.3278653621673584,,
2026-02-20,2026-02-20T13:00:00Z,13,T2,0.10864655673503876,0.0,1.028632640838623,,
2026-02-20,2026-02-20T14:00:00Z,14,T2,0.17345619201660156,0.07005815207958221,3.534883975982666,,
2026-02-20,2026-02-20T15:00:00Z,15,T2,0.31936612725257874,0.4039139449596405,6.514139175415039,,
2026-02-20,2026-02-20T16:00:00Z,16,T2,0.3815406858921051,0.5137613415718079,7.19622802734375,,
2026-02-20,2026-02-20T17:00:00Z,17,T2,0.44991371035575867,0.6800928115844727,7.977783679962158,,
2026-02-20,2026-02-20T18:00:00Z,18,T2,0.455091267824173,0.685392439365387,8.242732048034668,,
2026-02-20,2026-02-20T19:00:00Z,19,T2,0.441971093416214,0.6784883737564087,7.929651737213135,,
2026-02-20,2026-02-20T20:00:00Z,20,T2,0.3821345269680023,0.5621169209480286,7.4711809158325195,,
2026-02-20,2026-02-20T21:00:00Z,21,T2,0.411337673664093,0.5245024561882019,7.240982532501221,,
2026-02-20,2026-02-20T22:00:00Z,22,T2,0.3625122904777527,0.42847442626953125,6.793430328369141,,
2026-02-20,2026-02-20T23:00:00Z,23,T2,0.33978259563446045,0.3651926517486572,6.308551788330078,,
2026-02-20,2026-02-21T00:00:00Z,24,T2,0.35732975602149963,0.25880905985832214,5.764791965484619,,
2026-02-20,2026-02-21T01:00:00Z,25,T2,0.3217158615589142,0.09844554960727692,3.9611387252807617,,
2026-02-20,2026-02-21T02:00:00Z,26,T2,0.12346691638231277,0.14927421510219574,4.606740951538086,,
2026-02-20,2026-02-21T03:00:00Z,27,T2,0.15186771750450134,0.241766095161438,5.600536346435547,,
2026-02-20,2026-02-21T04:00:00Z,28,T2,0.13746188580989838,0.15962429344654083,4.696242809295654,,
2026-02-20,2026-02-21T05:00:00Z,29,T2,0.15133479237556458,0.03346717357635498,2.3883838653564453,,
2026-02-20,2026-02-21T06:00:00Z,30,T2,0.5062828660011292,0.9387468099594116,11.480813026428223,,
2026-02-20,2026-02-21T07:00:00Z,31,T2,0.8344774842262268,0.9387468099594116,12.033453941345215,,
2026-02-20,2026-02-21T08:00:00Z,32,T2,0.7838247418403625,0.9387468099594116,11.618570327758789,,
2026-02-20,2026-02-21T09:00:00Z,33,T2,0.7257979512214661,0.7162496447563171,8.679680824279785,,
2026-02-20,2026-02-21T10:00:00Z,34,T2,0.5065106153488159,0.4648086726665497,6.995845794677734,,
2026-02-20,2026-02-21T11:00:00Z,35,T2,0.4065476655960083,0.1707344800233841,4.807344913482666,,
2026-02-20,2026-02-21T12:00:00Z,36,T2,0.20927026867866516,0.16166022419929504,4.716602325439453,,
2026-02-20,2026-02-21T13:00:00Z,37,T2,0.18027977645397186,0.10795816034078598,4.346862316131592,,
2026-02-20,2026-02-21T14:00:00Z,38,T2,0.2779722809791565,0.2888975441455841,6.047308921813965,,
2026-02-20,2026-02-21T15:00:00Z,39,T2,0.3422696590423584,0.4047832787036896,6.522832870483398,,
2026-02-20,2026-02-21T16:00:00Z,40,T2,0.5987774729728699,0.5179666876792908,7.213749885559082,,
2026-02-20,2026-02-21T17:00:00Z,41,T2,0.5477327704429626,0.7262693643569946,8.86755084991455,,
2026-02-20,2026-02-21T18:00:00Z,42,T2,0.6309884190559387,0.5893335342407227,7.668701171875,,
2026-02-20,2026-02-21T19:00:00Z,43,T2,0.6522013545036316,0.68129962682724,8.013989448547363,,
2026-02-20,2026-02-21T20:00:00Z,44,T2,0.6191893815994263,0.527098536491394,7.251799583435059,,
2026-02-20,2026-02-21T21:00:00Z,45,T2,0.5213835835456848,0.2889981269836426,6.048314571380615,,
2026-02-20,2026-02-21T22:00:00Z,46,T2,0.3788823187351227,0.23105351626873016,5.349262237548828,,
2026-02-20,2026-02-21T23:00:00Z,47,T2,0.19833402335643768,0.10015711188316345,4.003927707672119,,
2026-02-20,2026-02-22T00:00:00Z,48,T2,0.08922319859266281,0.0,0.4610837399959564,,
2026-02-21,2026-02-21T01:00:00Z,1,STATION,0.2763344347476959,0.1838236302137375,4.905278205871582,,
2026-02-21,2026-02-21T02:00:00Z,2,STATION,0.3198932707309723,0.14896151423454285,4.586652755737305,,
2026-02-21,2026-02-21T03:00:00Z,3,STATION,0.19293789565563202,0.12949500977993011,4.471009731292725,,
2026-02-21,2026-02-21T04:00:00Z,4,STATION,0.21554215252399445,0.0,0.7531598210334778,,
2026-02-21,2026-02-21T05:00:00Z,5,STATION,0.20098340511322021,0.25822213292121887,5.697357177734375,,
2026-02-21,2026-02-21T06:00:00Z,6,STATION,0.5273644924163818,0.9065441489219666,11.13191032409668,,
2026-02-21,2026-02-21T07:00:00Z,7,STATION,0.9221808910369873,0.9475268721580505,11.398941040039062,,
2026-02-21,2026-02-21T08:00:00Z,8,STATION,0.7399930953979492,0.972740113735199,12.937336921691895,,
2026-02-21,2026-02-21T09:00:00Z,9,STATION,0.9292512536048889,0.9598854184150696,12.254206657409668,,
2026-02-21,2026-02-21T10:00:00Z,10,STATION,0.6709579825401306,0.8311461806297302,9.272679328918457,,
2026-02-21,2026-02-21T11:00:00Z,11,STATION,0.5354021787643433,0.5611569285392761,7.389525890350342,,
2026-02-21,2026-02-21T12:00:00Z,12,STATION,0.5344159603118896,0.36992502212524414,6.310067176818848,,
2026-02-21,2026-02-21T13:00:00Z,13,STATION,0.45968547463417053,0.1798451691865921,4.861404895782471,,
2026-02-21,2026-02-21T14:00:00Z,14,STATION,0.2918773889541626,0.2743805944919586,5.815589904785156,,
2026-02-21,2026-02-21T15:00:00Z,15,STATION,0.3528384268283844,0.5794792175292969,7.558654308319092,,
2026-02-21,2026-02-21T16:00:00Z,16,STATION,0.40562137961387634,0.6654022336006165,7.837798595428467,,
2026-02-21,2026-02-21T17:00:00Z,17,STATION,0.3684180676937103,0.6773895621299744,7.87019681930542,,
2026-02-21,2026-02-21T18:00:00Z,18,STATION,0.3574117422103882,0.1929168850183487,5.0122575759887695,,
2026-02-21,2026-02-21T19:00:00Z,19,STATION,0.2385319322347641,0.12563887238502502,4.4481024742126465,,
2026-02-21,2026-02-21T20:00:00Z,20,STATION,0.21718983352184296,0.14289063215255737,4.5505876541137695,,
2026-02-21,2026-02-21T21:00:00Z,21,STATION,0.18568283319473267,0.07440534234046936,3.5178639888763428,,
2026-02-21,2026-02-21T22:00:00Z,22,STATION,0.09418366104364395,0.02320190705358982,1.9802860021591187,,
2026-02-21,2026-02-21T23:00:00Z,23,STATION,0.0817132443189621,0.0,0.8306873440742493,,
2026-02-21,2026-02-22T00:00:00Z,24,STATION,0.04411204904317856,0.0,0.5001862645149231,,
2026-02-21,2026-02-22T01:00:00Z,25,STATION,0.032986171543598175,0.0,0.9316179156303406,,
2026-02-21,2026-02-22T02:00:00Z,26,STATION,0.02915668487548828,0.02070203796029091,1.6118704080581665,,
2026-02-21,2026-02-22T03:00:00Z,27,STATION,0.008059708401560783,0.022974278777837753,1.9461418390274048,,
2026-02-21,2026-02-22T04:00:00Z,28,STATION,0.013800792396068573,0.02992340922355652,2.257848024368286,,
2026-02-21,2026-02-22T05:00:00Z,29,STATION,0.03319893032312393,0.05337335169315338,3.0655014514923096,,
2026-02-21,2026-02-22T06:00:00Z,30,STATION,0.1393584907054901,0.16989177465438843,4.765081882476807,,
2026-02-21,2026-02-22T07:00:00Z,31,STATION,0.3666597008705139,0.4339936673641205,6.753178119659424,,
2026-02-21,2026-02-22T08:00:00Z,32,STATION,0.5566888451576233,0.6497877240180969,7.795597553253174,,
2026-02-21,2026-02-22T09:00:00Z,33,STATION,0.715336263179779,0.6846229434013367,8.193445205688477,,
2026-02-21,2026-02-22T10:00:00Z,34,STATION,0.7363060116767883,0.6844800710678101,8.17201042175293,,
2026-02-21,2026-02-22T11:00:00Z,35,STATION,0.7670965194702148,0.6413918733596802,7.7729058265686035,,
2026-02-21,2026-02-22T12:00:00Z,36,STATION,0.7323549389839172,0.5764966607093811,7.53112268447876,,
2026-02-21,2026-02-22T13:00:00Z,37,STATION,0.7841678261756897,0.28997117280960083,5.976879596710205,,
2026-02-21,2026-02-22T14:00:00Z,38,STATION,0.6683064103126526,0.1171654611825943,4.397765159606934,,
2026-02-21,2026-02-22T15:00:00Z,39,STATION,0.5929213762283325,0.1057499498128891,4.016070365905762,,
2026-02-21,2026-02-22T16:00:00Z,40,STATION,0.41549044847488403,0.10826010257005692,4.069859504699707,,
2026-02-21,2026-02-22T17:00:00Z,41,STATION,0.3538568913936615,0.1123700812458992,4.278675079345703,,
2026-02-21,2026-02-22T18:00:00Z,42,STATION,0.47519585490226746,0.05137429013848305,2.915571689605713,,
2026-02-21,2026-02-22T19:00:00Z,43,STATION,0.22777022421360016,0.02059902809560299,1.601569414138794,,
2026-02-21,2026-02-22T20:00:00Z,44,STATION,0.19763697683811188,0.0,1.362822413444519,,
2026-02-21,2026-02-22T21:00:00Z,45,STATION,0.13075868785381317,0.019990045577287674,1.5406712293624878,,
2026-02-21,2026-02-22T22:00:00Z,46,STATION,0.09670086950063705,0.022906750440597534,1.936012625694275,,
2026-02-21,2026-02-22T23:00:00Z,47,STATION,0.10959319770336151,0.02323175221681595,1.9847629070281982,,
2026-02-21,2026-02-23T00:00:00Z,48,STATION,0.08136080205440521,0.05221123248338699,2.978342294692993,,
2026-02-21,2026-02-21T01:00:00Z,1,T1,0.3206465542316437,0.18782594799995422,4.905278205871582,,
2026-02-21,2026-02-21T02:00:00Z,2,T1,0.33667540550231934,0.15219774842262268,4.586652755737305,,
2026-02-21,2026-02-21T03:00:00Z,3,T1,0.24615417420864105,0.13369493186473846,4.471009731292725,,
2026-02-21,2026-02-21T04:00:00Z,4,T1,0.20461709797382355,0.0,0.7531598210334778,,
2026-02-21,2026-02-21T05:00:00Z,5,T1,0.1791583150625229,0.26550260186195374,5.697357177734375,,
2026-02-21,2026-02-21T06:00:00Z,6,T1,0.535714328289032,0.9081450700759888,11.13191032409668,,
2026-02-21,2026-02-21T07:00:00Z,7,T1,0.9126312732696533,0.9563068747520447,11.398941040039062,,
2026-02-21,2026-02-21T08:00:00Z,8,T1,0.74009108543396,0.979544997215271,12.937336921691895,,
2026-02-21,2026-02-21T09:00:00Z,9,T1,0.9093489050865173,0.9683169722557068,12.254206657409668,,
2026-02-21,2026-02-21T10:00:00Z,10,T1,0.6306913495063782,0.8399155735969543,9.272679328918457,,
2026-02-21,2026-02-21T11:00:00Z,11,T1,0.4979013204574585,0.564824104309082,7.389525890350342,,
2026-02-21,2026-02-21T12:00:00Z,12,T1,0.5020987391471863,0.3740916848182678,6.310067176818848,,
2026-02-21,2026-02-21T13:00:00Z,13,T1,0.4361951947212219,0.18354985117912292,4.861404895782471,,
2026-02-21,2026-02-21T14:00:00Z,14,T1,0.2978768050670624,0.28402572870254517,5.815589904785156,,
2026-02-21,2026-02-21T15:00:00Z,15,T1,0.371988445520401,0.5918846726417542,7.558654308319092,,
2026-02-21,2026-02-21T16:00:00Z,16,T1,0.3351762592792511,0.6698862910270691,7.837798595428467,,
2026-02-21,2026-02-21T17:00:00Z,17,T1,0.37772929668426514,0.6801457405090332,7.87019681930542,,
2026-02-21,2026-02-21T18:00:00Z,18,T1,0.3970218896865845,0.19781070947647095,5.0122575759887695,,
2026-02-21,2026-02-21T19:00:00Z,19,T1,0.2956724762916565,0.13002969324588776,4.4481024742126465,,
2026-02-21,2026-02-21T20:00:00Z,20,T1,0.23507791757583618,0.14642739295959473,4.5505876541137695,,
2026-02-21,2026-02-21T21:00:00Z,21,T1,0.2006233185529709,0.08000064641237259,3.5178639888763428,,
2026-02-21,2026-02-21T22:00:00Z,22,T1,0.10445990413427353,0.024035239592194557,1.9802860021591187,,
2026-02-21,2026-02-21T23:00:00Z,23,T1,0.08458738029003143,0.0,0.8306873440742493,,
2026-02-21,2026-02-22T00:00:00Z,24,T1,0.029118970036506653,0.0,0.5001862645149231,,
2026-02-21,2026-02-22T01:00:00Z,25,T1,0.04771977290511131,0.0,0.9316179156303406,,
2026-02-21,2026-02-22T02:00:00Z,26,T1,0.04627637937664986,0.019912470132112503,1.6118704080581665,,
2026-02-21,2026-02-22T03:00:00Z,27,T1,0.016119416803121567,0.02380761131644249,1.9461418390274048,,
2026-02-21,2026-02-22T04:00:00Z,28,T1,0.018429620191454887,0.031199568882584572,2.257848024368286,,
2026-02-21,2026-02-22T05:00:00Z,29,T1,0.05547169968485832,0.05547669529914856,3.0655014514923096,,
2026-02-21,2026-02-22T06:00:00Z,30,T1,0.1589391827583313,0.17327538132667542,4.765081882476807,,
2026-02-21,2026-02-22T07:00:00Z,31,T1,0.35203635692596436,0.4427330791950226,6.753178119659424,,
2026-02-21,2026-02-22T08:00:00Z,32,T1,0.5422492623329163,0.6565225124359131,7.795597553253174,,
2026-02-21,2026-02-22T09:00:00Z,33,T1,0.7364596724510193,0.6840177774429321,8.193445205688477,,
2026-02-21,2026-02-22T10:00:00Z,34,T1,0.7600046992301941,0.6838034391403198,8.17201042175293,,
2026-02-21,2026-02-22T11:00:00Z,35,T1,0.8180103302001953,0.6493368744850159,7.7729058265686035,,
2026-02-21,2026-02-22T12:00:00Z,36,T1,0.7477687001228333,0.5874796509742737,7.53112268447876,,
2026-02-21,2026-02-22T13:00:00Z,37,T1,0.8112260699272156,0.2980877161026001,5.976879596710205,,
2026-02-21,2026-02-22T14:00:00Z,38,T1,0.6898840069770813,0.12197575718164444,4.397765159606934,,
2026-02-21,2026-02-22T15:00:00Z,39,T1,0.6427443623542786,0.11085708439350128,4.016070365905762,,
2026-02-21,2026-02-22T16:00:00Z,40,T1,0.44938012957572937,0.11372583359479904,4.069859504699707,,
2026-02-21,2026-02-22T17:00:00Z,41,T1,0.4029090404510498,0.11769116669893265,4.278675079345703,,
2026-02-21,2026-02-22T18:00:00Z,42,T1,0.5250632166862488,0.05247810110449791,2.915571689605713,,
2026-02-21,2026-02-22T19:00:00Z,43,T1,0.2084655463695526,0.019843796268105507,1.601569414138794,,
2026-02-21,2026-02-22T20:00:00Z,44,T1,0.17477074265480042,0.0,1.362822413444519,,
2026-02-21,2026-02-22T21:00:00Z,45,T1,0.15705418586730957,0.01943780854344368,1.5406712293624878,,
2026-02-21,2026-02-22T22:00:00Z,46,T1,0.0940912589430809,0.02374008484184742,1.936012625694275,,
2026-02-21,2026-02-22T23:00:00Z,47,T1,0.08835303038358688,0.024065086618065834,1.9847629070281982,,
2026-02-21,2026-02-23T00:00:00Z,48,T1,0.0715002566576004,0.05373351275920868,2.978342294692993,,
2026-02-21,2026-02-21T01:00:00Z,1,T2,0.23202230036258698,0.17982131242752075,4.905278205871582,,
2026-02-21,2026-02-21T02:00:00Z,2,T2,0.30311113595962524,0.1457252949476242,4.586652755737305,,
2026-02-21,2026-02-21T03:00:00Z,3,T2,0.13972161710262299,0.12529508769512177,4.471009731292725,,
2026-02-21,2026-02-21T04:00:00Z,4,T2,0.22646720707416534,0.0,0.7531598210334778,,
2026-02-21,2026-02-21T05:00:00Z,5,T2,0.22280849516391754,0.250941663980484,5.697357177734375,,
2026-02-21,2026-02-21T06:00:00Z,6,T2,0.5190145969390869,0.9049432277679443,11.13191032409668,,
2026-02-21,2026-02-21T07:00:00Z,7,T2,0.9317305088043213,0.9387468099594116,11.398941040039062,,
2026-02-21,2026-02-21T08:00:00Z,8,T2,0.7398951053619385,0.9659351706504822,12.937336921691895,,
2026-02-21,2026-02-21T09:00:00Z,9,T2,0.9491536021232605,0.9514538049697876,12.254206657409668,,
2026-02-21,2026-02-21T10:00:00Z,10,T2,0.7112246155738831,0.8223768472671509,9.272679328918457,,
2026-02-21,2026-02-21T11:00:00Z,11,T2,0.5729030966758728,0.557489812374115,7.389525890350342,,
2026-02-21,2026-02-21T12:00:00Z,12,T2,0.566733181476593,0.36575832962989807,6.310067176818848,,
2026-02-21,2026-02-21T13:00:00Z,13,T2,0.48317575454711914,0.17614048719406128,4.861404895782471,,
2026-02-21,2026-02-21T14:00:00Z,14,T2,0.28587794303894043,0.26473546028137207,5.815589904785156,,
2026-02-21,2026-02-21T15:00:00Z,15,T2,0.3336883783340454,0.5670737624168396,7.558654308319092,,
2026-02-21,2026-02-21T16:00:00Z,16,T2,0.476066529750824,0.6609181761741638,7.837798595428467,,
2026-02-21,2026-02-21T17:00:00Z,17,T2,0.35910680890083313,0.6746333837509155,7.87019681930542,,
2026-02-21,2026-02-21T18:00:00Z,18,T2,0.3178015947341919,0.18802307546138763,5.0122575759887695,,
2026-02-21,2026-02-21T19:00:00Z,19,T2,0.1813914030790329,0.12124805897474289,4.4481024742126465,,
2026-02-21,2026-02-21T20:00:00Z,20,T2,0.19930174946784973,0.13935385644435883,4.5505876541137695,,
2026-02-21,2026-02-21T21:00:00Z,21,T2,0.17074234783649445,0.06881003081798553,3.5178639888763428,,
2026-02-21,2026-02-21T22:00:00Z,22,T2,0.08390742540359497,0.022368572652339935,1.9802860021591187,,
2026-02-21,2026-02-21T23:00:00Z,23,T2,0.07883910834789276,0.0,0.8306873440742493,,
2026-02-21,2026-02-22T00:00:00Z,24,T2,0.059105128049850464,0.0,0.5001862645149231,,
2026-02-21,2026-02-22T01:00:00Z,25,T2,0.018252570182085037,0.0,0.9316179156303406,,
2026-02-21,2026-02-22T02:00:00Z,26,T2,0.012036987580358982,0.021491605788469315,1.6118704080581665,,
2026-02-21,2026-02-22T03:00:00Z,27,T2,0.0,0.022140944376587868,1.9461418390274048,,
2026-02-21,2026-02-22T04:00:00Z,28,T2,0.009171963669359684,0.028647249564528465,2.257848024368286,,
2026-02-21,2026-02-22T05:00:00Z,29,T2,0.010926159098744392,0.0512700080871582,3.0655014514923096,,
2026-02-21,2026-02-22T06:00:00Z,30,T2,0.11977779865264893,0.16650816798210144,4.765081882476807,,
2026-02-21,2026-02-22T07:00:00Z,31,T2,0.3812830448150635,0.4252542555332184,6.753178119659424,,
2026-02-21,2026-02-22T08:00:00Z,32,T2,0.5711284279823303,0.6430529356002808,7.795597553253174,,
2026-02-21,2026-02-22T09:00:00Z,33,T2,0.6942128539085388,0.685228168964386,8.193445205688477,,
2026-02-21,2026-02-22T10:00:00Z,34,T2,0.7126073241233826,0.6851567029953003,8.17201042175293,,
2026-02-21,2026-02-22T11:00:00Z,35,T2,0.7161826491355896,0.6334468722343445,7.7729058265686035,,
2026-02-21,2026-02-22T12:00:00Z,36,T2,0.716941237449646,0.5655136108398438,7.53112268447876,,
2026-02-21,2026-02-22T13:00:00Z,37,T2,0.7571095824241638,0.2818545997142792,5.976879596710205,,
2026-02-21,2026-02-22T14:00:00Z,38,T2,0.6467288136482239,0.11235517263412476,4.397765159606934,,
2026-02-21,2026-02-22T15:00:00Z,39,T2,0.5430984497070312,0.10064281523227692,4.016070365905762,,
2026-02-21,2026-02-22T16:00:00Z,40,T2,0.3816007971763611,0.10279437899589539,4.069859504699707,,
2026-02-21,2026-02-22T17:00:00Z,41,T2,0.3048047125339508,0.10704899579286575,4.278675079345703,,
2026-02-21,2026-02-22T18:00:00Z,42,T2,0.42532849311828613,0.050270479172468185,2.915571689605713,,
2026-02-21,2026-02-22T19:00:00Z,43,T2,0.2470749020576477,0.021354258060455322,1.601569414138794,,
2026-02-21,2026-02-22T20:00:00Z,44,T2,0.22050321102142334,0.0,1.362822413444519,,
2026-02-21,2026-02-22T21:00:00Z,45,T2,0.10446318238973618,0.020542282611131668,1.5406712293624878,,
2026-02-21,2026-02-22T22:00:00Z,46,T2,0.0993104800581932,0.022073417901992798,1.936012625694275,,
2026-02-21,2026-02-22T23:00:00Z,47,T2,0.13083335757255554,0.022398419678211212,1.9847629070281982,,
2026-02-21,2026-02-23T00:00:00Z,48,T2,0.09122135490179062,0.05068894848227501,2.978342294692993,,
2026-02-22,2026-02-22T01:00:00Z,1,STATION,0.04735244810581207,0.025310933589935303,2.1514062881469727,,
2026-02-22,2026-02-22T02:00:00Z,2,STATION,0.030640358105301857,0.06370772421360016,3.3894927501678467,,
2026-02-22,2026-02-22T03:00:00Z,3,STATION,0.06756170094013214,0.2472301870584488,5.551456928253174,,
2026-02-22,2026-02-22T04:00:00Z,4,STATION,0.1612667441368103,0.2705853581428528,5.787819862365723,,
2026-02-22,2026-02-22T05:00:00Z,5,STATION,0.29282039403915405,0.52484130859375,7.213408946990967,,
2026-02-22,2026-02-22T06:00:00Z,6,STATION,0.5571079254150391,0.6836245059967041,8.097891807556152,,
2026-02-22,2026-02-22T07:00:00Z,7,STATION,0.6414521932601929,0.805252194404602,9.135189056396484,,
2026-02-22,2026-02-22T08:00:00Z,8,STATION,0.8037458062171936,0.7796298265457153,9.050926208496094,,
2026-02-22,2026-02-22T09:00:00Z,9,STATION,0.8108739852905273,0.6854995489120483,8.324934959411621,,
2026-02-22,2026-02-22T10:00:00Z,10,STATION,0.787888765335083,0.6802691221237183,7.930122375488281,,
2026-02-22,2026-02-22T11:00:00Z,11,STATION,0.7424167990684509,0.5807288885116577,7.570189476013184,,
2026-02-22,2026-02-22T12:00:00Z,12,STATION,0.7112590074539185,0.5671637654304504,7.444973468780518,,
2026-02-22,2026-02-22T13:00:00Z,13,STATION,0.6418737769126892,0.29032957553863525,5.981766700744629,,
2026-02-22,2026-02-22T14:00:00Z,14,STATION,0.5408628582954407,0.11089269816875458,4.130936622619629,,
2026-02-22,2026-02-22T15:00:00Z,15,STATION,0.39932483434677124,0.059769224375486374,3.293076753616333,,
2026-02-22,2026-02-22T16:00:00Z,16,STATION,0.3363554775714874,0.026975424960255623,2.189817428588867,,
2026-02-22,2026-02-22T17:00:00Z,17,STATION,0.257477343082428,0.021676402539014816,1.7514604330062866,,
2026-02-22,2026-02-22T18:00:00Z,18,STATION,0.20492877066135406,0.023010727018117905,1.9516091346740723,,
2026-02-22,2026-02-22T19:00:00Z,19,STATION,0.09108865261077881,0.02347913198173046,2.021869659423828,,
2026-02-22,2026-02-22T20:00:00Z,20,STATION,0.13862024247646332,0.020209534093737602,1.5626200437545776,,
2026-02-22,2026-02-22T21:00:00Z,21,STATION,0.11679968237876892,0.0,1.4413284063339233,,
2026-02-22,2026-02-22T22:00:00Z,22,STATION,0.11066047847270966,0.023303469642996788,1.9955203533172607,,
2026-02-22,2026-02-22T23:00:00Z,23,STATION,0.1164715513586998,0.0,1.240139126777649,,
2026-02-22,2026-02-23T00:00:00Z,24,STATION,0.0745457336306572,0.0,0.9920961260795593,,
2026-02-22,2026-02-23T01:00:00Z,25,STATION,0.12365145981311798,0.09406154602766037,3.7943928241729736,,
2026-02-22,2026-02-23T02:00:00Z,26,STATION,0.10137949138879776,0.08341547846794128,3.6262969970703125,,
2026-02-22,2026-02-23T03:00:00Z,27,STATION,0.071886345744133,0.06361206620931625,3.3883447647094727,,
2026-02-22,2026-02-23T04:00:00Z,28,STATION,0.07291580736637115,0.05739019811153412,3.221705913543701,,
2026-02-22,2026-02-23T05:00:00Z,29,STATION,0.06670326739549637,0.07978148758411407,3.5823779106140137,,
2026-02-22,2026-02-23T06:00:00Z,30,STATION,0.12501440942287445,0.18060381710529327,4.868746757507324,,
2026-02-22,2026-02-23T07:00:00Z,31,STATION,0.1990898996591568,0.34300556778907776,6.237961292266846,,
2026-02-22,2026-02-23T08:00:00Z,32,STATION,0.2675761282444,0.4241231083869934,6.624637126922607,,
2026-02-22,2026-02-23T09:00:00Z,33,STATION,0.3190973699092865,0.6105614304542542,7.68958044052124,,
2026-02-22,2026-02-23T10:00:00Z,34,STATION,0.316371887922287,0.7231453061103821,8.867948532104492,,
2026-02-22,2026-02-23T11:00:00Z,35,STATION,0.49930864572525024,0.8311431407928467,9.272663116455078,,
2026-02-22,2026-02-23T12:00:00Z,36,STATION,0.5437536835670471,0.8923631906509399,9.868664741516113,,
2026-02-22,2026-02-23T13:00:00Z,37,STATION,0.7041193246841431,0.905379056930542,10.414588928222656,,
2026-02-22,2026-02-23T14:00:00Z,38,STATION,0.7348405122756958,0.905379056930542,10.261247634887695,,
2026-02-22,2026-02-23T15:00:00Z,39,STATION,0.8480821251869202,0.905379056930542,10.274947166442871,,
2026-02-22,2026-02-23T16:00:00Z,40,STATION,0.8333808779716492,0.905379056930542,10.361078262329102,,
2026-02-22,2026-02-23T17:00:00Z,41,STATION,0.7501762509346008,0.8929561972618103,9.882827758789062,,
2026-02-22,2026-02-23T18:00:00Z,42,STATION,0.8415634632110596,0.876625657081604,9.564462661743164,,
2026-02-22,2026-02-23T19:00:00Z,43,STATION,0.8076483011245728,0.8842323422431946,9.619450569152832,,
2026-02-22,2026-02-23T20:00:00Z,44,STATION,0.7875765562057495,0.7130563259124756,8.59572696685791,,
2026-02-22,2026-02-23T21:00:00Z,45,STATION,0.7127881646156311,0.6841583251953125,8.124582290649414,,
2026-02-22,2026-02-23T22:00:00Z,46,STATION,0.6835012435913086,0.6827588081359863,8.054606437683105,,
2026-02-22,2026-02-23T23:00:00Z,47,STATION,0.6726503968238831,0.6884191632270813,8.395966529846191,,
2026-02-22,2026-02-24T00:00:00Z,48,STATION,0.6577133536338806,0.7224512100219727,8.841920852661133,,
2026-02-22,2026-02-22T01:00:00Z,1,T1,0.0609731562435627,0.026232289150357246,2.1514062881469727,,
2026-02-22,2026-02-22T02:00:00Z,2,T1,0.026707379147410393,0.0680193230509758,3.3894927501678467,,
2026-02-22,2026-02-22T03:00:00Z,3,T1,0.08031235635280609,0.2541666626930237,5.551456928253174,,
2026-02-22,2026-02-22T04:00:00Z,4,T1,0.21426983177661896,0.27967509627342224,5.787819862365723,,
2026-02-22,2026-02-22T05:00:00Z,5,T1,0.34509092569351196,0.5317977070808411,7.213408946990967,,
2026-02-22,2026-02-22T06:00:00Z,6,T1,0.5491062998771667,0.6831526160240173,8.097891807556152,,
2026-02-22,2026-02-22T07:00:00Z,7,T1,0.597912073135376,0.8151673078536987,9.135189056396484,,
2026-02-22,2026-02-22T08:00:00Z,8,T1,0.833985447883606,0.7856792211532593,9.050926208496094,,
2026-02-22,2026-02-22T09:00:00Z,9,T1,0.8407067656517029,0.6853326559066772,8.324934959411621,,
2026-02-22,2026-02-22T10:00:00Z,10,T1,0.8330752849578857,0.6820341348648071,7.930122375488281,,
2026-02-22,2026-02-22T11:00:00Z,11,T1,0.7692964673042297,0.5937303304672241,7.570189476013184,,
2026-02-22,2026-02-22T12:00:00Z,12,T1,0.7329865097999573,0.5736957788467407,7.444973468780518,,
2026-02-22,2026-02-22T13:00:00Z,13,T1,0.638923704624176,0.29831579327583313,5.981766700744629,,
2026-02-22,2026-02-22T14:00:00Z,14,T1,0.5297224521636963,0.1167062446475029,4.130936622619629,,
2026-02-22,2026-02-22T15:00:00Z,15,T1,0.486239492893219,0.06338974088430405,3.293076753616333,,
2026-02-22,2026-02-22T16:00:00Z,16,T1,0.384416401386261,0.028024815022945404,2.189817428588867,,
2026-02-22,2026-02-22T17:00:00Z,17,T1,0.2904605567455292,0.021686138585209846,1.7514604330062866,,
2026-02-22,2026-02-22T18:00:00Z,18,T1,0.22908934950828552,0.02384406141936779,1.9516091346740723,,
2026-02-22,2026-02-22T19:00:00Z,19,T1,0.06951776891946793,0.024312464520335197,2.021869659423828,,
2026-02-22,2026-02-22T20:00:00Z,20,T1,0.10281214118003845,0.019584134221076965,1.5626200437545776,,
2026-02-22,2026-02-22T21:00:00Z,21,T1,0.12807127833366394,0.0,1.4413284063339233,,
2026-02-22,2026-02-22T22:00:00Z,22,T1,0.10877492278814316,0.024136802181601524,1.9955203533172607,,
2026-02-22,2026-02-22T23:00:00Z,23,T1,0.12179576605558395,0.0,1.240139126777649,,
2026-02-22,2026-02-23T00:00:00Z,24,T1,0.07166986912488937,0.0,0.9920961260795593,,
2026-02-22,2026-02-23T01:00:00Z,25,T1,0.10859691351652145,0.09903428703546524,3.7943928241729736,,
2026-02-22,2026-02-23T02:00:00Z,26,T1,0.0921783596277237,0.09006917476654053,3.6262969970703125,,
2026-02-22,2026-02-23T03:00:00Z,27,T1,0.06966444849967957,0.06791217625141144,3.3883447647094727,,
2026-02-22,2026-02-23T04:00:00Z,28,T1,0.04867013543844223,0.06053490564227104,3.221705913543701,,
2026-02-22,2026-02-23T05:00:00Z,29,T1,0.060933440923690796,0.08602192997932434,3.5823779106140137,,
2026-02-22,2026-02-23T06:00:00Z,30,T1,0.11927884817123413,0.1843329817056656,4.868746757507324,,
2026-02-22,2026-02-23T07:00:00Z,31,T1,0.17629320919513702,0.34717223048210144,6.237961292266846,,
2026-02-22,2026-02-23T08:00:00Z,32,T1,0.2888015806674957,0.4332824945449829,6.624637126922607,,
2026-02-22,2026-02-23T09:00:00Z,33,T1,0.3181817829608917,0.6229504346847534,7.68958044052124,,
2026-02-22,2026-02-23T10:00:00Z,34,T1,0.3409968316555023,0.7200000286102295,8.867948532104492,,
2026-02-22,2026-02-23T11:00:00Z,35,T1,0.5334704518318176,0.8399126529693604,9.272663116455078,,
2026-02-22,2026-02-23T12:00:00Z,36,T1,0.6231017708778381,0.9065830707550049,9.868664741516113,,
2026-02-22,2026-02-23T13:00:00Z,37,T1,0.7084088325500488,0.9067758917808533,10.414588928222656,,
2026-02-22,2026-02-23T14:00:00Z,38,T1,0.7464348077774048,0.9067758917808533,10.261247634887695,,
2026-02-22,2026-02-23T15:00:00Z,39,T1,0.8587977886199951,0.9067758917808533,10.274947166442871,,
2026-02-22,2026-02-23T16:00:00Z,40,T1,0.8426304459571838,0.9067758917808533,10.361078262329102,,
2026-02-22,2026-02-23T17:00:00Z,41,T1,0.7130542397499084,0.9067758917808533,9.882827758789062,,
2026-02-22,2026-02-23T18:00:00Z,42,T1,0.8321593403816223,0.8892788887023926,9.564462661743164,,
2026-02-22,2026-02-23T19:00:00Z,43,T1,0.7989901900291443,0.8982602953910828,9.619450569152832,,
2026-02-22,2026-02-23T20:00:00Z,44,T1,0.82584547996521,0.7159993052482605,8.59572696685791,,
2026-02-22,2026-02-23T21:00:00Z,45,T1,0.728512704372406,0.6833305358886719,8.124582290649414,,
2026-02-22,2026-02-23T22:00:00Z,46,T1,0.697983980178833,0.6828640699386597,8.054606437683105,,
2026-02-22,2026-02-23T23:00:00Z,47,T1,0.6825694441795349,0.6886987090110779,8.395966529846191,,
2026-02-22,2026-02-24T00:00:00Z,48,T1,0.6977628469467163,0.7200000286102295,8.841920852661133,,
2026-02-22,2026-02-22T01:00:00Z,1,T2,0.03373173624277115,0.02438957989215851,2.1514062881469727,,
2026-02-22,2026-02-22T02:00:00Z,2,T2,0.03457333892583847,0.059396132826805115,3.3894927501678467,,
2026-02-22,2026-02-22T03:00:00Z,3,T2,0.054811034351587296,0.2402937114238739,5.551456928253174,,
2026-02-22,2026-02-22T04:00:00Z,4,T2,0.10826365649700165,0.2614956498146057,5.787819862365723,,
2026-02-22,2026-02-22T05:00:00Z,5,T2,0.24054989218711853,0.5178848505020142,7.213408946990967,,
2026-02-22,2026-02-22T06:00:00Z,6,T2,0.5651094913482666,0.6840963959693909,8.097891807556152,,
2026-02-22,2026-02-22T07:00:00Z,7,T2,0.684992253780365,0.7953370809555054,9.135189056396484,,
2026-02-22,2026-02-22T08:00:00Z,8,T2,0.7735061645507812,0.7735804319381714,9.050926208496094,,
2026-02-22,2026-02-22T09:00:00Z,9,T2,0.781041145324707,0.6856664419174194,8.324934959411621,,
2026-02-22,2026-02-22T10:00:00Z,10,T2,0.7427022457122803,0.6785040497779846,7.930122375488281,,
2026-02-22,2026-02-22T11:00:00Z,11,T2,0.7155371904373169,0.5677273869514465,7.570189476013184,,
2026-02-22,2026-02-22T12:00:00Z,12,T2,0.6895315647125244,0.5606318116188049,7.444973468780518,,
2026-02-22,2026-02-22T13:00:00Z,13,T2,0.6448239088058472,0.2823433578014374,5.981766700744629,,
2026-02-22,2026-02-22T14:00:00Z,14,T2,0.5520032644271851,0.10507915169000626,4.130936622619629,,
2026-02-22,2026-02-22T15:00:00Z,15,T2,0.3124102056026459,0.0561487153172493,3.293076753616333,,
2026-02-22,2026-02-22T16:00:00Z,16,T2,0.28829455375671387,0.025926033034920692,2.189817428588867,,
2026-02-22,2026-02-22T17:00:00Z,17,T2,0.22449415922164917,0.021666666492819786,1.7514604330062866,,
2026-02-22,2026-02-22T18:00:00Z,18,T2,0.1807681918144226,0.02217739447951317,1.9516091346740723,,
2026-02-22,2026-02-22T19:00:00Z,19,T2,0.11265954375267029,0.022645797580480576,2.021869659423828,,
2026-02-22,2026-02-22T20:00:00Z,20,T2,0.17442835867404938,0.02083493396639824,1.5626200437545776,,
2026-02-22,2026-02-22T21:00:00Z,21,T2,0.1055280938744545,0.0,1.4413284063339233,,
2026-02-22,2026-02-22T22:00:00Z,22,T2,0.11254602670669556,0.022470135241746902,1.9955203533172607,,
2026-02-22,2026-02-22T23:00:00Z,23,T2,0.11114734411239624,0.0,1.240139126777649,,
2026-02-22,2026-02-23T00:00:00Z,24,T2,0.07742159813642502,0.0,0.9920961260795593,,
2026-02-22,2026-02-23T01:00:00Z,25,T2,0.1387059986591339,0.0890888124704361,3.7943928241729736,,
2026-02-22,2026-02-23T02:00:00Z,26,T2,0.11058062314987183,0.07676178216934204,3.6262969970703125,,
2026-02-22,2026-02-23T03:00:00Z,27,T2,0.07410824298858643,0.05931194871664047,3.3883447647094727,,
2026-02-22,2026-02-23T04:00:00Z,28,T2,0.09716148674488068,0.054245494306087494,3.221705913543701,,
2026-02-22,2026-02-23T05:00:00Z,29,T2,0.07247309386730194,0.07354103773832321,3.5823779106140137,,
2026-02-22,2026-02-23T06:00:00Z,30,T2,0.13074998557567596,0.17687466740608215,4.868746757507324,,
2026-02-22,2026-02-23T07:00:00Z,31,T2,0.22188659012317657,0.3388389050960541,6.237961292266846,,
2026-02-22,2026-02-23T08:00:00Z,32,T2,0.24635066092014313,0.4149636924266815,6.624637126922607,,
2026-02-22,2026-02-23T09:00:00Z,33,T2,0.32001298666000366,0.5981723666191101,7.68958044052124,,
2026-02-22,2026-02-23T10:00:00Z,34,T2,0.29174694418907166,0.7262905836105347,8.867948532104492,,
2026-02-22,2026-02-23T11:00:00Z,35,T2,0.4651468098163605,0.8223736882209778,9.272663116455078,,
2026-02-22,2026-02-23T12:00:00Z,36,T2,0.4644056260585785,0.8781432509422302,9.868664741516113,,
2026-02-22,2026-02-23T13:00:00Z,37,T2,0.6998297572135925,0.9039822220802307,10.414588928222656,,
2026-02-22,2026-02-23T14:00:00Z,38,T2,0.7232462167739868,0.9039822220802307,10.261247634887695,,
2026-02-22,2026-02-23T15:00:00Z,39,T2,0.8373664617538452,0.9039822220802307,10.274947166442871,,
2026-02-22,2026-02-23T16:00:00Z,40,T2,0.8241312503814697,0.9039822220802307,10.361078262329102,,
2026-02-22,2026-02-23T17:00:00Z,41,T2,0.7872982621192932,0.8791364431381226,9.882827758789062,,
2026-02-22,2026-02-23T18:00:00Z,42,T2,0.850967526435852,0.8639724254608154,9.564462661743164,,
2026-02-22,2026-02-23T19:00:00Z,43,T2,0.8163063526153564,0.8702043890953064,9.619450569152832,,
2026-02-22,2026-02-23T20:00:00Z,44,T2,0.7493075728416443,0.7101132869720459,8.59572696685791,,
2026-02-22,2026-02-23T21:00:00Z,45,T2,0.6970636248588562,0.6849860548973083,8.124582290649414,,
2026-02-22,2026-02-23T22:00:00Z,46,T2,0.6690185070037842,0.682653546333313,8.054606437683105,,
2026-02-22,2026-02-23T23:00:00Z,47,T2,0.6627313494682312,0.6881396174430847,8.395966529846191,,
2026-02-22,2026-02-24T00:00:00Z,48,T2,0.6176638603210449,0.7249024510383606,8.841920852661133,,
2026-02-23,2026-02-23T01:00:00Z,1,STATION,0.0457637719810009,0.0280257947742939,2.2140567302703857,,
2026-02-23,2026-02-23T02:00:00Z,2,STATION,0.07061595469713211,0.09856750071048737,3.86553955078125,,
2026-02-23,2026-02-23T03:00:00Z,3,STATION,0.08194677531719208,0.11203456670045853,4.245123863220215,,
2026-02-23,2026-02-23T04:00:00Z,4,STATION,0.10222021490335464,0.10568592697381973,4.014698505401611,,
2026-02-23,2026-02-23T05:00:00Z,5,STATION,0.11155740916728973,0.1039547398686409,3.9776015281677246,,
2026-02-23,2026-02-23T06:00:00Z,6,STATION,0.11795183271169662,0.14032688736915588,4.53535795211792,,
2026-02-23,2026-02-23T07:00:00Z,7,STATION,0.15093304216861725,0.11245685070753098,4.287352085113525,,
2026-02-23,2026-02-23T08:00:00Z,8,STATION,0.20340901613235474,0.19261258840560913,5.0086774826049805,,
2026-02-23,2026-02-23T09:00:00Z,9,STATION,0.3767698407173157,0.39198538661003113,6.369157314300537,,
2026-02-23,2026-02-23T10:00:00Z,10,STATION,0.40817493200302124,0.4116556942462921,6.520741939544678,,
2026-02-23,2026-02-23T11:00:00Z,11,STATION,0.4009200930595398,0.6901485919952393,8.409988403320312,,
2026-02-23,2026-02-23T12:00:00Z,12,STATION,0.5815631151199341,0.6848857402801514,8.23285961151123,,
2026-02-23,2026-02-23T13:00:00Z,13,STATION,0.5858427286148071,0.721294641494751,8.798548698425293,,
2026-02-23,2026-02-23T14:00:00Z,14,STATION,0.5989369750022888,0.872796893119812,9.536785125732422,,
2026-02-23,2026-02-23T15:00:00Z,15,STATION,0.7098284959793091,0.9035540819168091,10.089423179626465,,
2026-02-23,2026-02-23T16:00:00Z,16,STATION,0.7616962194442749,0.905379056930542,10.55801773071289,,
2026-02-23,2026-02-23T17:00:00Z,17,STATION,0.8224799036979675,0.9169541597366333,11.193657875061035,,
2026-02-23,2026-02-23T18:00:00Z,18,STATION,0.7202674746513367,0.905379056930542,10.370111465454102,,
2026-02-23,2026-02-23T19:00:00Z,19,STATION,0.7819635272026062,0.8965757489204407,9.953388214111328,,
2026-02-23,2026-02-23T20:00:00Z,20,STATION,0.8642652630805969,0.7988294959068298,9.110925674438477,,
2026-02-23,2026-02-23T21:00:00Z,21,STATION,0.7711541652679443,0.6943410038948059,8.443981170654297,,
2026-02-23,2026-02-23T22:00:00Z,22,STATION,0.7544127106666565,0.682561457157135,8.04473876953125,,
2026-02-23,2026-02-23T23:00:00Z,23,STATION,0.6958390474319458,0.6797897815704346,7.906155109405518,,
2026-02-23,2026-02-24T00:00:00Z,24,STATION,0.6047096848487854,0.48856061697006226,7.055909156799316,,
2026-02-23,2026-02-24T01:00:00Z,25,STATION,0.6250304579734802,0.7191939949989319,8.719775199890137,,
2026-02-23,2026-02-24T02:00:00Z,26,STATION,0.6009935736656189,0.7178167700767517,8.668128967285156,,
2026-02-23,2026-02-24T03:00:00Z,27,STATION,0.5029215812683105,0.5282811522483826,7.2294087409973145,,
2026-02-23,2026-02-24T04:00:00Z,28,STATION,0.34627705812454224,0.4551074206829071,6.922096252441406,,
2026-02-23,2026-02-24T05:00:00Z,29,STATION,0.47518762946128845,0.4263986051082611,6.654112339019775,,
2026-02-23,2026-02-24T06:00:00Z,30,STATION,0.48369985818862915,0.5072469711303711,7.131575107574463,,
2026-02-23,2026-02-24T07:00:00Z,31,STATION,0.4497077167034149,0.4339958727359772,6.753207206726074,,
2026-02-23,2026-02-24T08:00:00Z,32,STATION,0.44277772307395935,0.33410266041755676,6.214114189147949,,
2026-02-23,2026-02-24T09:00:00Z,33,STATION,0.4160042405128479,0.2563142776489258,5.68339729309082,,
2026-02-23,2026-02-24T10:00:00Z,34,STATION,0.24750590324401855,0.18647950887680054,4.9365234375,,
2026-02-23,2026-02-24T11:00:00Z,35,STATION,0.20618125796318054,0.13435909152030945,4.499905586242676,,
2026-02-23,2026-02-24T12:00:00Z,36,STATION,0.2137816846370697,0.08530877530574799,3.656191110610962,,
2026-02-23,2026-02-24T13:00:00Z,37,STATION,0.15674374997615814,0.04721539840102196,2.8049755096435547,,
2026-02-23,2026-02-24T14:00:00Z,38,STATION,0.13272961974143982,0.02229408733546734,1.8441131114959717,,
2026-02-23,2026-02-24T15:00:00Z,39,STATION,0.12436356395483017,0.0,0.8116390109062195,,
2026-02-23,2026-02-24T16:00:00Z,40,STATION,0.12079259008169174,0.02396545186638832,2.094817638397217,,
2026-02-23,2026-02-24T17:00:00Z,41,STATION,0.10265208780765533,0.053716447204351425,3.091233730316162,,
2026-02-23,2026-02-24T18:00:00Z,42,STATION,0.14750468730926514,0.026546156033873558,2.1799113750457764,,
2026-02-23,2026-02-24T19:00:00Z,43,STATION,0.09699863940477371,0.022192196920514107,1.8288295269012451,,
2026-02-23,2026-02-24T20:00:00Z,44,STATION,0.07880286127328873,0.04763709381222725,2.8131372928619385,,
2026-02-23,2026-02-24T21:00:00Z,45,STATION,0.12194182723760605,0.0981091856956482,3.8583030700683594,,
2026-02-23,2026-02-24T22:00:00Z,46,STATION,0.166311576962471,0.18271125853061676,4.892191410064697,,
2026-02-23,2026-02-24T23:00:00Z,47,STATION,0.10647373646497726,0.24556684494018555,5.440567493438721,,
2026-02-23,2026-02-25T00:00:00Z,48,STATION,0.09385651350021362,0.26831328868865967,5.771194934844971,,
2026-02-23,2026-02-23T01:00:00Z,1,T1,0.06300365924835205,0.02915598452091217,2.2140567302703857,,
2026-02-23,2026-02-23T02:00:00Z,2,T1,0.04310762882232666,0.10282877087593079,3.86553955078125,,
2026-02-23,2026-02-23T03:00:00Z,3,T1,0.0704292580485344,0.1174674928188324,4.245123863220215,,
2026-02-23,2026-02-23T04:00:00Z,4,T1,0.11074589937925339,0.11078391969203949,4.014698505401611,,
2026-02-23,2026-02-23T05:00:00Z,5,T1,0.13149499893188477,0.10880541056394577,3.9776015281677246,,
2026-02-23,2026-02-23T06:00:00Z,6,T1,0.12729644775390625,0.14399057626724243,4.53535795211792,,
2026-02-23,2026-02-23T07:00:00Z,7,T1,0.1899241954088211,0.11774901300668716,4.287352085113525,,
2026-02-23,2026-02-23T08:00:00Z,8,T1,0.20309579372406006,0.1974765658378601,5.0086774826049805,,
2026-02-23,2026-02-23T09:00:00Z,9,T1,0.37312233448028564,0.3961520493030548,6.369157314300537,,
2026-02-23,2026-02-23T10:00:00Z,10,T1,0.4093433618545532,0.4187372028827667,6.520741939544678,,
2026-02-23,2026-02-23T11:00:00Z,11,T1,0.3859681487083435,0.6906151175498962,8.409988403320312,,
2026-02-23,2026-02-23T12:00:00Z,12,T1,0.5639113783836365,0.6844119429588318,8.23285961151123,,
2026-02-23,2026-02-23T13:00:00Z,13,T1,0.5864829421043396,0.7200000286102295,8.798548698425293,,
2026-02-23,2026-02-23T14:00:00Z,14,T1,0.565436840057373,0.8847581744194031,9.536785125732422,,
2026-02-23,2026-02-23T15:00:00Z,15,T1,0.72520512342453,0.9067758917808533,10.089423179626465,,
2026-02-23,2026-02-23T16:00:00Z,16,T1,0.7881321907043457,0.9067758917808533,10.55801773071289,,
2026-02-23,2026-02-23T17:00:00Z,17,T1,0.820405900478363,0.9203786253929138,11.193657875061035,,
2026-02-23,2026-02-23T18:00:00Z,18,T1,0.7488470077514648,0.9067758917808533,10.370111465454102,,
2026-02-23,2026-02-23T19:00:00Z,19,T1,0.7689906358718872,0.9067758917808533,9.953388214111328,,
2026-02-23,2026-02-23T20:00:00Z,20,T1,0.8581692576408386,0.8080788254737854,9.110925674438477,,
2026-02-23,2026-02-23T21:00:00Z,21,T1,0.799369215965271,0.695260763168335,8.443981170654297,,
2026-02-23,2026-02-23T22:00:00Z,22,T1,0.7709953784942627,0.6827982664108276,8.04473876953125,,
2026-02-23,2026-02-23T23:00:00Z,23,T1,0.7191430926322937,0.6818743944168091,7.906155109405518,,
2026-02-23,2026-02-24T00:00:00Z,24,T1,0.6655464172363281,0.49749696254730225,7.055909156799316,,
2026-02-23,2026-02-24T01:00:00Z,25,T1,0.6464529037475586,0.7200000286102295,8.719775199890137,,
2026-02-23,2026-02-24T02:00:00Z,26,T1,0.6081666946411133,0.7200000286102295,8.668128967285156,,
2026-02-23,2026-02-24T03:00:00Z,27,T1,0.5272680521011353,0.5348376035690308,7.2294087409973145,,
2026-02-23,2026-02-24T04:00:00Z,28,T1,0.311701238155365,0.46359774470329285,6.922096252441406,,
2026-02-23,2026-02-24T05:00:00Z,29,T1,0.4518915116786957,0.43546822667121887,6.654112339019775,,
2026-02-23,2026-02-24T06:00:00Z,30,T1,0.47792965173721313,0.5162492990493774,7.131575107574463,,
2026-02-23,2026-02-24T07:00:00Z,31,T1,0.4084435701370239,0.4427351951599121,6.753207206726074,,
2026-02-23,2026-02-24T08:00:00Z,32,T1,0.4028187394142151,0.33826932311058044,6.214114189147949,,
2026-02-23,2026-02-24T09:00:00Z,33,T1,0.39343583583831787,0.2633155584335327,5.68339729309082,,
2026-02-23,2026-02-24T10:00:00Z,34,T1,0.23052242398262024,0.19074219465255737,4.9365234375,,
2026-02-23,2026-02-24T11:00:00Z,35,T1,0.2023787945508957,0.13831821084022522,4.499905586242676,,
2026-02-23,2026-02-24T12:00:00Z,36,T1,0.21812127530574799,0.09166353195905685,3.656191110610962,,
2026-02-23,2026-02-24T13:00:00Z,37,T1,0.1486945003271103,0.048398856073617935,2.8049755096435547,,
2026-02-23,2026-02-24T14:00:00Z,38,T1,0.12334977090358734,0.02292150817811489,1.8441131114959717,,
2026-02-23,2026-02-24T15:00:00Z,39,T1,0.11367201060056686,0.0,0.8116390109062195,,
2026-02-23,2026-02-24T16:00:00Z,40,T1,0.12657096982002258,0.024798784404993057,2.094817638397217,,
2026-02-23,2026-02-24T17:00:00Z,41,T1,0.09575266391038895,0.055991340428590775,3.091233730316162,,
2026-02-23,2026-02-24T18:00:00Z,42,T1,0.15973185002803802,0.027562526986002922,2.1799113750457764,,
2026-02-23,2026-02-24T19:00:00Z,43,T1,0.09632370620965958,0.022717727348208427,1.8288295269012451,,
2026-02-23,2026-02-24T20:00:00Z,44,T1,0.09067618101835251,0.04877974092960358,2.8131372928619385,,
2026-02-23,2026-02-24T21:00:00Z,45,T1,0.13509772717952728,0.10244282335042953,3.8583030700683594,,
2026-02-23,2026-02-24T22:00:00Z,46,T1,0.20547276735305786,0.18660451471805573,4.892191410064697,,
2026-02-23,2026-02-24T23:00:00Z,47,T1,0.13281232118606567,0.2541666626930237,5.440567493438721,,
2026-02-23,2026-02-25T00:00:00Z,48,T1,0.10107214003801346,0.2770705223083496,5.771194934844971,,
2026-02-23,2026-02-23T01:00:00Z,1,T2,0.02852388471364975,0.026895606890320778,2.2140567302703857,,
2026-02-23,2026-02-23T02:00:00Z,2,T2,0.09812428057193756,0.09430623054504395,3.86553955078125,,
2026-02-23,2026-02-23T03:00:00Z,3,T2,0.09346429258584976,0.10660164803266525,4.245123863220215,,
2026-02-23,2026-02-23T04:00:00Z,4,T2,0.0936945378780365,0.10058794170618057,4.014698505401611,,
2026-02-23,2026-02-23T05:00:00Z,5,T2,0.0916198119521141,0.09910406172275543,3.9776015281677246,,
2026-02-23,2026-02-23T06:00:00Z,6,T2,0.108607217669487,0.13666319847106934,4.53535795211792,,
2026-02-23,2026-02-23T07:00:00Z,7,T2,0.11194189637899399,0.10716469585895538,4.287352085113525,,
2026-02-23,2026-02-23T08:00:00Z,8,T2,0.2037222534418106,0.18774861097335815,5.0086774826049805,,
2026-02-23,2026-02-23T09:00:00Z,9,T2,0.3804173469543457,0.38781872391700745,6.369157314300537,,
2026-02-23,2026-02-23T10:00:00Z,10,T2,0.40700647234916687,0.4045741856098175,6.520741939544678,,
2026-02-23,2026-02-23T11:00:00Z,11,T2,0.4158720374107361,0.6896820664405823,8.409988403320312,,
2026-02-23,2026-02-23T12:00:00Z,12,T2,0.5992148518562317,0.685359537601471,8.23285961151123,,
2026-02-23,2026-02-23T13:00:00Z,13,T2,0.5852025151252747,0.7225892543792725,8.798548698425293,,
2026-02-23,2026-02-23T14:00:00Z,14,T2,0.6324371695518494,0.860835611820221,9.536785125732422,,
2026-02-23,2026-02-23T15:00:00Z,15,T2,0.6944518685340881,0.9003322124481201,10.089423179626465,,
2026-02-23,2026-02-23T16:00:00Z,16,T2,0.7352602481842041,0.9039822220802307,10.55801773071289,,
2026-02-23,2026-02-23T17:00:00Z,17,T2,0.8245539665222168,0.913529634475708,11.193657875061035,,
2026-02-23,2026-02-23T18:00:00Z,18,T2,0.6916878819465637,0.9039822220802307,10.370111465454102,,
2026-02-23,2026-02-23T19:00:00Z,19,T2,0.79493647813797,0.8863756060600281,9.953388214111328,,
2026-02-23,2026-02-23T20:00:00Z,20,T2,0.870361328125,0.7895801067352295,9.110925674438477,,
2026-02-23,2026-02-23T21:00:00Z,21,T2,0.7429391145706177,0.6934212446212769,8.443981170654297,,
2026-02-23,2026-02-23T22:00:00Z,22,T2,0.7378300428390503,0.6823246479034424,8.04473876953125,,
2026-02-23,2026-02-23T23:00:00Z,23,T2,0.6725350618362427,0.6777051687240601,7.906155109405518,,
2026-02-23,2026-02-24T00:00:00Z,24,T2,0.5438729524612427,0.4796242415904999,7.055909156799316,,
2026-02-23,2026-02-24T01:00:00Z,25,T2,0.6036080718040466,0.718388020992279,8.719775199890137,,
2026-02-23,2026-02-24T02:00:00Z,26,T2,0.5938203930854797,0.7156335711479187,8.668128967285156,,
2026-02-23,2026-02-24T03:00:00Z,27,T2,0.4785751402378082,0.5217247009277344,7.2294087409973145,,
2026-02-23,2026-02-24T04:00:00Z,28,T2,0.3808528780937195,0.44661709666252136,6.922096252441406,,
2026-02-23,2026-02-24T05:00:00Z,29,T2,0.4984837770462036,0.41732898354530334,6.654112339019775,,
2026-02-23,2026-02-24T06:00:00Z,30,T2,0.48947006464004517,0.4982447028160095,7.131575107574463,,
2026-02-23,2026-02-24T07:00:00Z,31,T2,0.4909718632698059,0.42525655031204224,6.753207206726074,,
2026-02-23,2026-02-24T08:00:00Z,32,T2,0.4827366769313812,0.3299359977245331,6.214114189147949,,
2026-02-23,2026-02-24T09:00:00Z,33,T2,0.43857264518737793,0.24931299686431885,5.68339729309082,,
2026-02-23,2026-02-24T10:00:00Z,34,T2,0.2644893527030945,0.1822168081998825,4.9365234375,,
2026-02-23,2026-02-24T11:00:00Z,35,T2,0.2099837213754654,0.13039997220039368,4.499905586242676,,
2026-02-23,2026-02-24T12:00:00Z,36,T2,0.20944209396839142,0.07895402610301971,3.656191110610962,,
2026-02-23,2026-02-24T13:00:00Z,37,T2,0.164792999625206,0.04603194445371628,2.8049755096435547,,
2026-02-23,2026-02-24T14:00:00Z,38,T2,0.1421094834804535,0.021666666492819786,1.8441131114959717,,
2026-02-23,2026-02-24T15:00:00Z,39,T2,0.13505512475967407,0.0,0.8116390109062195,,
2026-02-23,2026-02-24T16:00:00Z,40,T2,0.11501419544219971,0.023132117465138435,2.094817638397217,,
2026-02-23,2026-02-24T17:00:00Z,41,T2,0.10955150425434113,0.051441557705402374,3.091233730316162,,
2026-02-23,2026-02-24T18:00:00Z,42,T2,0.13527750968933105,0.025529785081744194,2.1799113750457764,,
2026-02-23,2026-02-24T19:00:00Z,43,T2,0.09767358005046844,0.021666666492819786,1.8288295269012451,,
2026-02-23,2026-02-24T20:00:00Z,44,T2,0.06692954152822495,0.04649444669485092,2.8131372928619385,,
2026-02-23,2026-02-24T21:00:00Z,45,T2,0.10878593474626541,0.09377555549144745,3.8583030700683594,,
2026-02-23,2026-02-24T22:00:00Z,46,T2,0.12715037167072296,0.1788180023431778,4.892191410064697,,
2026-02-23,2026-02-24T23:00:00Z,47,T2,0.08013514429330826,0.2369670271873474,5.440567493438721,,
2026-02-23,2026-02-25T00:00:00Z,48,T2,0.08664087951183319,0.2595560550689697,5.771194934844971,,
2026-02-24,2026-02-24T01:00:00Z,1,STATION,0.5193452835083008,0.5102900862693787,7.145729064941406,,
2026-02-24,2026-02-24T02:00:00Z,2,STATION,0.4093901813030243,0.47578343749046326,7.004800319671631,,
2026-02-24,2026-02-24T03:00:00Z,3,STATION,0.37223339080810547,0.42776811122894287,6.671975135803223,,
2026-02-24,2026-02-24T04:00:00Z,4,STATION,0.3591357171535492,0.4220883250236511,6.607680797576904,,
2026-02-24,2026-02-24T05:00:00Z,5,STATION,0.31720152497291565,0.43303197622299194,6.740634441375732,,
2026-02-24,2026-02-24T06:00:00Z,6,STATION,0.3946910500526428,0.27857205271720886,5.846259117126465,,
2026-02-24,2026-02-24T07:00:00Z,7,STATION,0.3764820992946625,0.30829769372940063,6.144993782043457,,
2026-02-24,2026-02-24T08:00:00Z,8,STATION,0.3866373598575592,0.30829769372940063,6.144993782043457,,
2026-02-24,2026-02-24T09:00:00Z,9,STATION,0.4509752690792084,0.29268166422843933,6.013841152191162,,
2026-02-24,2026-02-24T10:00:00Z,10,STATION,0.41320371627807617,0.2676451802253723,5.766306400299072,,
2026-02-24,2026-02-24T11:00:00Z,11,STATION,0.38170403242111206,0.19504542648792267,5.037299156188965,,
2026-02-24,2026-02-24T12:00:00Z,12,STATION,0.38737952709198,0.1686837524175644,4.753391265869141,,
2026-02-24,2026-02-24T13:00:00Z,13,STATION,0.30469006299972534,0.09692592173814774,3.8396198749542236,,
2026-02-24,2026-02-24T14:00:00Z,14,STATION,0.24111811816692352,0.08693204820156097,3.681821823120117,,
2026-02-24,2026-02-24T15:00:00Z,15,STATION,0.2268533706665039,0.06474846601486206,3.4019815921783447,,
2026-02-24,2026-02-24T16:00:00Z,16,STATION,0.12251366674900055,0.037889525294303894,2.622673749923706,,
2026-02-24,2026-02-24T17:00:00Z,17,STATION,0.10055533051490784,0.022548535838723183,1.8822803497314453,,
2026-02-24,2026-02-24T18:00:00Z,18,STATION,0.09278111159801483,0.0220114104449749,1.8017115592956543,,
2026-02-24,2026-02-24T19:00:00Z,19,STATION,0.09830047935247421,0.0,1.4612598419189453,,
2026-02-24,2026-02-24T20:00:00Z,20,STATION,0.08534833788871765,0.0,1.3314987421035767,,
2026-02-24,2026-02-24T21:00:00Z,21,STATION,0.05579105764627457,0.025396067649126053,2.1533708572387695,,
2026-02-24,2026-02-24T22:00:00Z,22,STATION,0.0818563774228096,0.0621245913207531,3.3637378215789795,,
2026-02-24,2026-02-24T23:00:00Z,23,STATION,0.0912892147898674,0.06503874063491821,3.4054648876190186,,
2026-02-24,2026-02-25T00:00:00Z,24,STATION,0.05187002196907997,0.09005190432071686,3.7310826778411865,,
2026-02-24,2026-02-25T01:00:00Z,25,STATION,0.14163309335708618,0.31846949458122253,6.172239780426025,,
2026-02-24,2026-02-25T02:00:00Z,26,STATION,0.16898487508296967,0.4033384919166565,6.451431751251221,,
2026-02-24,2026-02-25T03:00:00Z,27,STATION,0.26754993200302124,0.39949047565460205,6.419364929199219,,
2026-02-24,2026-02-25T04:00:00Z,28,STATION,0.2908284664154053,0.40253663063049316,6.44474983215332,,
2026-02-24,2026-02-25T05:00:00Z,29,STATION,0.30837059020996094,0.4508683979511261,6.905140399932861,,
2026-02-24,2026-02-25T06:00:00Z,30,STATION,0.4851542115211487,0.4353991150856018,6.771510124206543,,
2026-02-24,2026-02-25T07:00:00Z,31,STATION,0.49311596155166626,0.4413999617099762,6.8497819900512695,,
2026-02-24,2026-02-25T08:00:00Z,32,STATION,0.6173607110977173,0.39564165472984314,6.387291431427002,,
2026-02-24,2026-02-25T09:00:00Z,33,STATION,0.5361021757125854,0.28262579441070557,5.876715183258057,,
2026-02-24,2026-02-25T10:00:00Z,34,STATION,0.48161157965660095,0.2280045449733734,5.276512145996094,,
2026-02-24,2026-02-25T11:00:00Z,35,STATION,0.32366448640823364,0.24467940628528595,5.381404399871826,,
2026-02-24,2026-02-25T12:00:00Z,36,STATION,0.40210142731666565,0.05162126570940018,2.9340951442718506,,
2026-02-24,2026-02-25T13:00:00Z,37,STATION,0.2559223771095276,0.06244887411594391,3.3734662532806396,,
2026-02-24,2026-02-25T14:00:00Z,38,STATION,0.37020304799079895,0.1013822853565216,3.9224774837493896,,
2026-02-24,2026-02-25T15:00:00Z,39,STATION,0.37536701560020447,0.16491788625717163,4.716947555541992,,
2026-02-24,2026-02-25T16:00:00Z,40,STATION,0.476254940032959,0.22431235015392303,5.254578113555908,,
2026-02-24,2026-02-25T17:00:00Z,41,STATION,0.5482805967330933,0.35621869564056396,6.273353576660156,,
2026-02-24,2026-02-25T18:00:00Z,42,STATION,0.5155548453330994,0.5210180282592773,7.195626735687256,,
2026-02-24,2026-02-25T19:00:00Z,43,STATION,0.7923650145530701,0.4551629424095154,6.922318458557129,,
2026-02-24,2026-02-25T20:00:00Z,44,STATION,0.6798056960105896,0.5047042965888977,7.120483875274658,,
2026-02-24,2026-02-25T21:00:00Z,45,STATION,0.7509373426437378,0.5357341170310974,7.264073371887207,,
2026-02-24,2026-02-25T22:00:00Z,46,STATION,0.8029428124427795,0.5699421763420105,7.470620155334473,,
2026-02-24,2026-02-25T23:00:00Z,47,STATION,0.8447732329368591,0.5134703516960144,7.160521030426025,,
2026-02-24,2026-02-26T00:00:00Z,48,STATION,0.6228495240211487,0.26951247453689575,5.779969215393066,,
2026-02-24,2026-02-24T01:00:00Z,1,T1,0.545052170753479,0.5189384818077087,7.145729064941406,,
2026-02-24,2026-02-24T02:00:00Z,2,T1,0.3972950875759125,0.4845494329929352,7.004800319671631,,
2026-02-24,2026-02-24T03:00:00Z,3,T1,0.3586360514163971,0.43677818775177,6.671975135803223,,
2026-02-24,2026-02-24T04:00:00Z,4,T1,0.3330036997795105,0.4309086203575134,6.607680797576904,,
2026-02-24,2026-02-24T05:00:00Z,5,T1,0.33408740162849426,0.4418131709098816,6.740634441375732,,
2026-02-24,2026-02-24T06:00:00Z,6,T1,0.4020044803619385,0.28883057832717896,5.846259117126465,,
2026-02-24,2026-02-24T07:00:00Z,7,T1,0.37557730078697205,0.3124643862247467,6.144993782043457,,
2026-02-24,2026-02-24T08:00:00Z,8,T1,0.3831203877925873,0.3124643862247467,6.144993782043457,,
2026-02-24,2026-02-24T09:00:00Z,9,T1,0.42419174313545227,0.29981258511543274,6.013841152191162,,
2026-02-24,2026-02-24T10:00:00Z,10,T1,0.4409176707267761,0.2763046324253082,5.766306400299072,,
2026-02-24,2026-02-24T11:00:00Z,11,T1,0.38561221957206726,0.20014791190624237,5.037299156188965,,
2026-02-24,2026-02-24T12:00:00Z,12,T1,0.4160654544830322,0.17202839255332947,4.753391265869141,,
2026-02-24,2026-02-24T13:00:00Z,13,T1,0.322228342294693,0.10144639015197754,3.8396198749542236,,
2026-02-24,2026-02-24T14:00:00Z,14,T1,0.2565438151359558,0.09303049743175507,3.681821823120117,,
2026-02-24,2026-02-24T15:00:00Z,15,T1,0.24113880097866058,0.06918494403362274,3.4019815921783447,,
2026-02-24,2026-02-24T16:00:00Z,16,T1,0.12202398478984833,0.039968982338905334,2.622673749923706,,
2026-02-24,2026-02-24T17:00:00Z,17,T1,0.1141805574297905,0.02338186837732792,1.8822803497314453,,
2026-02-24,2026-02-24T18:00:00Z,18,T1,0.10051415860652924,0.022356154397130013,1.8017115592956543,,
2026-02-24,2026-02-24T19:00:00Z,19,T1,0.07978450506925583,0.0,1.4612598419189453,,
2026-02-24,2026-02-24T20:00:00Z,20,T1,0.0819908007979393,0.0,1.3314987421035767,,
2026-02-24,2026-02-24T21:00:00Z,21,T1,0.06296593695878983,0.026323970407247543,2.1533708572387695,,
2026-02-24,2026-02-24T22:00:00Z,22,T1,0.0813675969839096,0.06621617823839188,3.3637378215789795,,
2026-02-24,2026-02-24T23:00:00Z,23,T1,0.09623322635889053,0.06951005756855011,3.4054648876190186,,
2026-02-24,2026-02-25T00:00:00Z,24,T1,0.035328492522239685,0.09565774351358414,3.7310826778411865,,
2026-02-24,2026-02-25T01:00:00Z,25,T1,0.17619600892066956,0.3226361572742462,6.172239780426025,,
2026-02-24,2026-02-25T02:00:00Z,26,T1,0.19762380421161652,0.40903380513191223,6.451431751251221,,
2026-02-24,2026-02-25T03:00:00Z,27,T1,0.2906915843486786,0.4045444428920746,6.419364929199219,,
2026-02-24,2026-02-25T04:00:00Z,28,T1,0.3208960294723511,0.4080982804298401,6.44474983215332,,
2026-02-24,2026-02-25T05:00:00Z,29,T1,0.34731659293174744,0.45930221676826477,6.905140399932861,,
2026-02-24,2026-02-25T06:00:00Z,30,T1,0.5093358755111694,0.44407740235328674,6.771510124206543,,
2026-02-24,2026-02-25T07:00:00Z,31,T1,0.5086905360221863,0.44981735944747925,6.8497819900512695,,
2026-02-24,2026-02-25T08:00:00Z,32,T1,0.6186528205871582,0.4000541567802429,6.387291431427002,,
2026-02-24,2026-02-25T09:00:00Z,33,T1,0.5320960283279419,0.293413370847702,5.876715183258057,,
2026-02-24,2026-02-25T10:00:00Z,34,T1,0.48305460810661316,0.23611055314540863,5.276512145996094,,
2026-02-24,2026-02-25T11:00:00Z,35,T1,0.3514355421066284,0.2541666626930237,5.381404399871826,,
2026-02-24,2026-02-25T12:00:00Z,36,T1,0.4463825523853302,0.05284856632351875,2.9340951442718506,,
2026-02-24,2026-02-25T13:00:00Z,37,T1,0.31276488304138184,0.06660531461238861,3.3734662532806396,,
2026-02-24,2026-02-25T14:00:00Z,38,T1,0.4441488981246948,0.1058654710650444,3.9224774837493896,,
2026-02-24,2026-02-25T15:00:00Z,39,T1,0.4545890688896179,0.16814105212688446,4.716947555541992,,
2026-02-24,2026-02-25T16:00:00Z,40,T1,0.500383198261261,0.2320893555879593,5.254578113555908,,
2026-02-24,2026-02-25T17:00:00Z,41,T1,0.5234725475311279,0.36038535833358765,6.273353576660156,,
2026-02-24,2026-02-25T18:00:00Z,42,T1,0.5299206972122192,0.528419017791748,7.195626735687256,,
2026-02-24,2026-02-25T19:00:00Z,43,T1,0.8439564108848572,0.4636539816856384,6.922318458557129,,
2026-02-24,2026-02-25T20:00:00Z,44,T1,0.7187484502792358,0.5138559341430664,7.120483875274658,,
2026-02-24,2026-02-25T21:00:00Z,45,T1,0.768449068069458,0.5414239764213562,7.264073371887207,,
2026-02-24,2026-02-25T22:00:00Z,46,T1,0.8288447856903076,0.5777992010116577,7.470620155334473,,
2026-02-24,2026-02-25T23:00:00Z,47,T1,0.8986918926239014,0.5217490196228027,7.160521030426025,,
2026-02-24,2026-02-26T00:00:00Z,48,T1,0.6478925347328186,0.27844521403312683,5.779969215393066,,
2026-02-24,2026-02-24T01:00:00Z,1,T2,0.49363845586776733,0.5016416311264038,7.145729064941406,,
2026-02-24,2026-02-24T02:00:00Z,2,T2,0.4214853048324585,0.46701741218566895,7.004800319671631,,
2026-02-24,2026-02-24T03:00:00Z,3,T2,0.38583070039749146,0.41875800490379333,6.671975135803223,,
2026-02-24,2026-02-24T04:00:00Z,4,T2,0.3852677345275879,0.4132680594921112,6.607680797576904,,
2026-02-24,2026-02-24T05:00:00Z,5,T2,0.30031564831733704,0.4242507517337799,6.740634441375732,,
2026-02-24,2026-02-24T06:00:00Z,6,T2,0.38737764954566956,0.26831352710723877,5.846259117126465,,
2026-02-24,2026-02-24T07:00:00Z,7,T2,0.3773869276046753,0.30413103103637695,6.144993782043457,,
2026-02-24,2026-02-24T08:00:00Z,8,T2,0.39015433192253113,0.30413103103637695,6.144993782043457,,
2026-02-24,2026-02-24T09:00:00Z,9,T2,0.47775882482528687,0.2855507731437683,6.013841152191162,,
2026-02-24,2026-02-24T10:00:00Z,10,T2,0.38548973202705383,0.2589857280254364,5.766306400299072,,
2026-02-24,2026-02-24T11:00:00Z,11,T2,0.37779584527015686,0.18994292616844177,5.037299156188965,,
2026-02-24,2026-02-24T12:00:00Z,12,T2,0.35869359970092773,0.16533911228179932,4.753391265869141,,
2026-02-24,2026-02-24T13:00:00Z,13,T2,0.2871517837047577,0.09240545332431793,3.8396198749542236,,
2026-02-24,2026-02-24T14:00:00Z,14,T2,0.22569242119789124,0.08083359897136688,3.681821823120117,,
2026-02-24,2026-02-24T15:00:00Z,15,T2,0.21256794035434723,0.06031198054552078,3.4019815921783447,,
2026-02-24,2026-02-24T16:00:00Z,16,T2,0.12300334870815277,0.03581007197499275,2.622673749923706,,
2026-02-24,2026-02-24T17:00:00Z,17,T2,0.08693010360002518,0.021715201437473297,1.8822803497314453,,
2026-02-24,2026-02-24T18:00:00Z,18,T2,0.08504807204008102,0.021666666492819786,1.8017115592956543,,
2026-02-24,2026-02-24T19:00:00Z,19,T2,0.1168164536356926,0.0,1.4612598419189453,,
2026-02-24,2026-02-24T20:00:00Z,20,T2,0.0887058824300766,0.0,1.3314987421035767,,
2026-02-24,2026-02-24T21:00:00Z,21,T2,0.04861617833375931,0.024468164891004562,2.1533708572387695,,
2026-02-24,2026-02-24T22:00:00Z,22,T2,0.0823451578617096,0.05803300812840462,3.3637378215789795,,
2026-02-24,2026-02-24T23:00:00Z,23,T2,0.08634521067142487,0.060567427426576614,3.4054648876190186,,
2026-02-24,2026-02-25T00:00:00Z,24,T2,0.06841155141592026,0.08444606512784958,3.7310826778411865,,
2026-02-24,2026-02-25T01:00:00Z,25,T2,0.10707016289234161,0.31430283188819885,6.172239780426025,,
2026-02-24,2026-02-25T02:00:00Z,26,T2,0.14034593105316162,0.39764317870140076,6.451431751251221,,
2026-02-24,2026-02-25T03:00:00Z,27,T2,0.2444082498550415,0.3944365084171295,6.419364929199219,,
2026-02-24,2026-02-25T04:00:00Z,28,T2,0.2607608735561371,0.39697495102882385,6.44474983215332,,
2026-02-24,2026-02-25T05:00:00Z,29,T2,0.26942455768585205,0.4424346089363098,6.905140399932861,,
2026-02-24,2026-02-25T06:00:00Z,30,T2,0.46097254753112793,0.4267207980155945,6.771510124206543,,
2026-02-24,2026-02-25T07:00:00Z,31,T2,0.47754138708114624,0.43298256397247314,6.8497819900512695,,
2026-02-24,2026-02-25T08:00:00Z,32,T2,0.6160686016082764,0.39122915267944336,6.387291431427002,,
2026-02-24,2026-02-25T09:00:00Z,33,T2,0.5401083827018738,0.2718381881713867,5.876715183258057,,
2026-02-24,2026-02-25T10:00:00Z,34,T2,0.48016858100891113,0.219898521900177,5.276512145996094,,
2026-02-24,2026-02-25T11:00:00Z,35,T2,0.29589343070983887,0.23519213497638702,5.381404399871826,,
2026-02-24,2026-02-25T12:00:00Z,36,T2,0.3578202724456787,0.0503939650952816,2.9340951442718506,,
2026-02-24,2026-02-25T13:00:00Z,37,T2,0.19907985627651215,0.05829243361949921,3.3734662532806396,,
2026-02-24,2026-02-25T14:00:00Z,38,T2,0.2962571978569031,0.09689909964799881,3.9224774837493896,,
2026-02-24,2026-02-25T15:00:00Z,39,T2,0.2961449921131134,0.16169473528862,4.716947555541992,,
2026-02-24,2026-02-25T16:00:00Z,40,T2,0.45212671160697937,0.21653534471988678,5.254578113555908,,
2026-02-24,2026-02-25T17:00:00Z,41,T2,0.5730887055397034,0.3520520329475403,6.273353576660156,,
2026-02-24,2026-02-25T18:00:00Z,42,T2,0.5011890530586243,0.5136170387268066,7.195626735687256,,
2026-02-24,2026-02-25T19:00:00Z,43,T2,0.740773618221283,0.44667187333106995,6.922318458557129,,
2026-02-24,2026-02-25T20:00:00Z,44,T2,0.6408629417419434,0.4955526888370514,7.120483875274658,,
2026-02-24,2026-02-25T21:00:00Z,45,T2,0.7334256768226624,0.5300443172454834,7.264073371887207,,
2026-02-24,2026-02-25T22:00:00Z,46,T2,0.7770408391952515,0.5620851516723633,7.470620155334473,,
2026-02-24,2026-02-25T23:00:00Z,47,T2,0.7908545136451721,0.5051917433738708,7.160521030426025,,
2026-02-24,2026-02-26T00:00:00Z,48,T2,0.5978065133094788,0.26057976484298706,5.779969215393066,,
2026-02-25,2026-02-25T01:00:00Z,1,STATION,0.018781716004014015,0.08307331800460815,3.621879816055298,,
2026-02-25,2026-02-25T02:00:00Z,2,STATION,0.02285189740359783,0.10033514350652695,3.900038719177246,,
2026-02-25,2026-02-25T03:00:00Z,3,STATION,0.007082232739776373,0.09664630144834518,3.835204839706421,,
2026-02-25,2026-02-25T04:00:00Z,4,STATION,0.0362897552549839,0.058725614100694656,3.261768341064453,,
2026-02-25,2026-02-25T05:00:00Z,5,STATION,0.04882961884140968,0.05248233675956726,2.9986753463745117,,
2026-02-25,2026-02-25T06:00:00Z,6,STATION,0.013229061849415302,0.0245719812810421,2.1343533992767334,,
2026-02-25,2026-02-25T07:00:00Z,7,STATION,0.04375496879220009,0.023205991834402084,1.9808986186981201,,
2026-02-25,2026-02-25T08:00:00Z,8,STATION,0.046342987567186356,0.024698760360479355,2.1372790336608887,,
2026-02-25,2026-02-25T09:00:00Z,9,STATION,0.05813678726553917,0.02284482680261135,1.9267240762710571,,
2026-02-25,2026-02-25T10:00:00Z,10,STATION,0.07845520228147507,0.020573405548930168,1.5990071296691895,,
2026-02-25,2026-02-25T11:00:00Z,11,STATION,0.045846328139305115,0.021861445158720016,1.7792168855667114,,
2026-02-25,2026-02-25T12:00:00Z,12,STATION,0.08113646507263184,0.027389822527766228,2.19938063621521,,
2026-02-25,2026-02-25T13:00:00Z,13,STATION,0.07032878696918488,0.021225757896900177,1.6838635206222534,,
2026-02-25,2026-02-25T14:00:00Z,14,STATION,0.14151634275913239,0.0,0.6680317521095276,,
2026-02-25,2026-02-25T15:00:00Z,15,STATION,0.10288592427968979,0.021304957568645477,1.6957436800003052,,
2026-02-25,2026-02-25T16:00:00Z,16,STATION,0.08780751377344131,0.03697804734110832,2.5445470809936523,,
2026-02-25,2026-02-25T17:00:00Z,17,STATION,0.1682567149400711,0.12830765545368195,4.463956356048584,,
2026-02-25,2026-02-25T18:00:00Z,18,STATION,0.4319138526916504,0.43888717889785767,6.817006587982178,,
2026-02-25,2026-02-25T19:00:00Z,19,STATION,0.5433574914932251,0.5352737307548523,7.261931896209717,,
2026-02-25,2026-02-25T20:00:00Z,20,STATION,0.5461448431015015,0.5843992233276367,7.604069709777832,,
2026-02-25,2026-02-25T21:00:00Z,21,STATION,0.5609797835350037,0.595702588558197,7.649421215057373,,
2026-02-25,2026-02-25T22:00:00Z,22,STATION,0.8251509070396423,0.4262654483318329,6.652375221252441,,
2026-02-25,2026-02-25T23:00:00Z,23,STATION,0.7208586931228638,0.2635343670845032,5.736227035522461,,
2026-02-25,2026-02-26T00:00:00Z,24,STATION,0.5577506422996521,0.3577423095703125,6.277434825897217,,
2026-02-25,2026-02-26T01:00:00Z,25,STATION,0.6102629899978638,0.4650840759277344,6.962002754211426,,
2026-02-25,2026-02-26T02:00:00Z,26,STATION,0.3575005829334259,0.47976088523864746,7.020709991455078,,
2026-02-25,2026-02-26T03:00:00Z,27,STATION,0.7048946022987366,0.42553892731666565,6.642899036407471,,
2026-02-25,2026-02-26T04:00:00Z,28,STATION,0.26383835077285767,0.04554959014058113,2.7727339267730713,,
2026-02-25,2026-02-26T05:00:00Z,29,STATION,0.4736855626106262,0.5860887169837952,7.619665145874023,,
2026-02-25,2026-02-26T06:00:00Z,30,STATION,0.4215978980064392,0.48856431245803833,7.055923938751221,,
2026-02-25,2026-02-26T07:00:00Z,31,STATION,0.34185394644737244,0.24772663414478302,5.584553241729736,,
2026-02-25,2026-02-26T08:00:00Z,32,STATION,0.16443021595478058,0.24680356681346893,5.523015022277832,,
2026-02-25,2026-02-26T09:00:00Z,33,STATION,0.1268344521522522,0.12323839962482452,4.433842182159424,,
2026-02-25,2026-02-26T10:00:00Z,34,STATION,0.2084702104330063,0.12666626274585724,4.454205513000488,,
2026-02-25,2026-02-26T11:00:00Z,35,STATION,0.16716156899929047,0.10192886739969254,3.934190034866333,,
2026-02-25,2026-02-26T12:00:00Z,36,STATION,0.22404232621192932,0.45537829399108887,6.923179626464844,,
2026-02-25,2026-02-26T13:00:00Z,37,STATION,0.26609858870506287,0.683169960975647,8.075164794921875,,
2026-02-25,2026-02-26T14:00:00Z,38,STATION,0.48336783051490784,0.6851814985275269,8.277222633361816,,
2026-02-25,2026-02-26T15:00:00Z,39,STATION,0.4622373580932617,0.6818438768386841,8.008859634399414,,
2026-02-25,2026-02-26T16:00:00Z,40,STATION,0.42315685749053955,0.4375273585319519,6.799269676208496,,
2026-02-25,2026-02-26T17:00:00Z,41,STATION,0.3948889970779419,0.6857154965400696,8.357324600219727,,
2026-02-25,2026-02-26T18:00:00Z,42,STATION,0.5960411429405212,0.7217645645141602,8.816170692443848,,
2026-02-25,2026-02-26T19:00:00Z,43,STATION,0.6183185577392578,0.8435737490653992,9.338665962219238,,
2026-02-25,2026-02-26T20:00:00Z,44,STATION,0.6250936388969421,0.849911093711853,9.372315406799316,,
2026-02-25,2026-02-26T21:00:00Z,45,STATION,0.6416733860969543,0.6418615579605103,7.77417516708374,,
2026-02-25,2026-02-26T22:00:00Z,46,STATION,0.5242035984992981,0.5417690873146057,7.292142868041992,,
2026-02-25,2026-02-26T23:00:00Z,47,STATION,0.45268714427948,0.49058279395103455,7.063997745513916,,
2026-02-25,2026-02-27T00:00:00Z,48,STATION,0.3677866756916046,0.6141529083251953,7.699287414550781,,
2026-02-25,2026-02-25T01:00:00Z,1,T1,0.013451710343360901,0.08970878273248672,3.621879816055298,,
2026-02-25,2026-02-25T02:00:00Z,2,T1,0.033356547355651855,0.10466873645782471,3.900038719177246,,
2026-02-25,2026-02-25T03:00:00Z,3,T1,0.01349441334605217,0.10121092200279236,3.835204839706421,,
2026-02-25,2026-02-25T04:00:00Z,4,T1,0.06789298355579376,0.06213740259408951,3.261768341064453,,
2026-02-25,2026-02-25T05:00:00Z,5,T1,0.057169072329998016,0.05414017289876938,2.9986753463745117,,
2026-02-25,2026-02-25T06:00:00Z,6,T1,0.02014405094087124,0.025436492636799812,2.1343533992767334,,
2026-02-25,2026-02-25T07:00:00Z,7,T1,0.043624792248010635,0.02403932437300682,1.9808986186981201,,
2026-02-25,2026-02-25T08:00:00Z,8,T1,0.05186724290251732,0.025573022663593292,2.1372790336608887,,
2026-02-25,2026-02-25T09:00:00Z,9,T1,0.055499281734228134,0.023678161203861237,1.9267240762710571,,
2026-02-25,2026-02-25T10:00:00Z,10,T1,0.07979878783226013,0.01982671394944191,1.5990071296691895,,
2026-02-25,2026-02-25T11:00:00Z,11,T1,0.046453941613435745,0.022056223824620247,1.7792168855667114,,
2026-02-25,2026-02-25T12:00:00Z,12,T1,0.1005236953496933,0.028471091762185097,2.19938063621521,,
2026-02-25,2026-02-25T13:00:00Z,13,T1,0.0832025557756424,0.02078484743833542,1.6838635206222534,,
2026-02-25,2026-02-25T14:00:00Z,14,T1,0.1380709856748581,0.0,0.6680317521095276,,
2026-02-25,2026-02-25T15:00:00Z,15,T1,0.11629685014486313,0.02094324864447117,1.6957436800003052,,
2026-02-25,2026-02-25T16:00:00Z,16,T1,0.09631463140249252,0.03892729431390762,2.5445470809936523,,
2026-02-25,2026-02-25T17:00:00Z,17,T1,0.18650126457214355,0.13256636261940002,4.463956356048584,,
2026-02-25,2026-02-25T18:00:00Z,18,T1,0.45832788944244385,0.4474138021469116,6.817006587982178,,
2026-02-25,2026-02-25T19:00:00Z,19,T1,0.5723013281822205,0.5410170555114746,7.261931896209717,,
2026-02-25,2026-02-25T20:00:00Z,20,T1,0.6228404641151428,0.5991511344909668,7.604069709777832,,
2026-02-25,2026-02-25T21:00:00Z,21,T1,0.646681010723114,0.6102334260940552,7.649421215057373,,
2026-02-25,2026-02-25T22:00:00Z,22,T1,0.8731526732444763,0.43534085154533386,6.652375221252441,,
2026-02-25,2026-02-25T23:00:00Z,23,T1,0.7625828981399536,0.27159222960472107,5.736227035522461,,
2026-02-25,2026-02-26T00:00:00Z,24,T1,0.5450441837310791,0.3619089722633362,6.277434825897217,,
2026-02-25,2026-02-26T01:00:00Z,25,T1,0.6163957715034485,0.4737074077129364,6.962002754211426,,
2026-02-25,2026-02-26T02:00:00Z,26,T1,0.41250792145729065,0.4885798990726471,7.020709991455078,,
2026-02-25,2026-02-26T03:00:00Z,27,T1,0.737034261226654,0.4346459209918976,6.642899036407471,,
2026-02-25,2026-02-26T04:00:00Z,28,T1,0.27264052629470825,0.04689425602555275,2.7727339267730713,,
2026-02-25,2026-02-26T05:00:00Z,29,T1,0.44748058915138245,0.6016464829444885,7.619665145874023,,
2026-02-25,2026-02-26T06:00:00Z,30,T1,0.40590977668762207,0.4975007474422455,7.055923938751221,,
2026-02-25,2026-02-26T07:00:00Z,31,T1,0.36852213740348816,0.2541666626930237,5.584553241729736,,
2026-02-25,2026-02-26T08:00:00Z,32,T1,0.1889888197183609,0.2541666626930237,5.523015022277832,,
2026-02-25,2026-02-26T09:00:00Z,33,T1,0.13627927005290985,0.127748042345047,4.433842182159424,,
2026-02-25,2026-02-26T10:00:00Z,34,T1,0.23115600645542145,0.13100621104240417,4.454205513000488,,
2026-02-25,2026-02-26T11:00:00Z,35,T1,0.1753656566143036,0.1064901351928711,3.934190034866333,,
2026-02-25,2026-02-26T12:00:00Z,36,T1,0.19033892452716827,0.4638722240924835,6.923179626464844,,
2026-02-25,2026-02-26T13:00:00Z,37,T1,0.2657269537448883,0.6830011010169983,8.075164794921875,,
2026-02-25,2026-02-26T14:00:00Z,38,T1,0.5085517764091492,0.684855580329895,8.277222633361816,,
2026-02-25,2026-02-26T15:00:00Z,39,T1,0.4606507122516632,0.682559072971344,8.008859634399414,,
2026-02-25,2026-02-26T16:00:00Z,40,T1,0.3985053598880768,0.44611310958862305,6.799269676208496,,
2026-02-25,2026-02-26T17:00:00Z,41,T1,0.38639095425605774,0.6856566071510315,8.357324600219727,,
2026-02-25,2026-02-26T18:00:00Z,42,T1,0.5873083472251892,0.7200000286102295,8.816170692443848,,
2026-02-25,2026-02-26T19:00:00Z,43,T1,0.5963147282600403,0.8517931699752808,9.338665962219238,,
2026-02-25,2026-02-26T20:00:00Z,44,T1,0.6289455890655518,0.8578501343727112,9.372315406799316,,
2026-02-25,2026-02-26T21:00:00Z,45,T1,0.6355796456336975,0.6497388482093811,7.77417516708374,,
2026-02-25,2026-02-26T22:00:00Z,46,T1,0.48217689990997314,0.546757161617279,7.292142868041992,,
2026-02-25,2026-02-26T23:00:00Z,47,T1,0.4203506112098694,0.4995461106300354,7.063997745513916,,
2026-02-25,2026-02-27T00:00:00Z,48,T1,0.35795438289642334,0.6260243058204651,7.699287414550781,,
2026-02-25,2026-02-25T01:00:00Z,1,T2,0.02411172166466713,0.07643785327672958,3.621879816055298,,
2026-02-25,2026-02-25T02:00:00Z,2,T2,0.012347249314188957,0.09600155055522919,3.900038719177246,,
2026-02-25,2026-02-25T03:00:00Z,3,T2,0.0006700521917082369,0.09208168089389801,3.835204839706421,,
2026-02-25,2026-02-25T04:00:00Z,4,T2,0.004686530213803053,0.055313825607299805,3.261768341064453,,
2026-02-25,2026-02-25T05:00:00Z,5,T2,0.04049016535282135,0.05082450062036514,2.9986753463745117,,
2026-02-25,2026-02-25T06:00:00Z,6,T2,0.006314073223620653,0.023707469925284386,2.1343533992767334,,
2026-02-25,2026-02-25T07:00:00Z,7,T2,0.04388514161109924,0.0223726574331522,1.9808986186981201,,
2026-02-25,2026-02-25T08:00:00Z,8,T2,0.04081873223185539,0.023824496194720268,2.1372790336608887,,
2026-02-25,2026-02-25T09:00:00Z,9,T2,0.060774289071559906,0.022011494264006615,1.9267240762710571,,
2026-02-25,2026-02-25T10:00:00Z,10,T2,0.0771116241812706,0.021320095285773277,1.5990071296691895,,
2026-02-25,2026-02-25T11:00:00Z,11,T2,0.045238710939884186,0.021666666492819786,1.7792168855667114,,
2026-02-25,2026-02-25T12:00:00Z,12,T2,0.061749234795570374,0.026308555155992508,2.19938063621521,,
2026-02-25,2026-02-25T13:00:00Z,13,T2,0.057455021888017654,0.021666666492819786,1.6838635206222534,,
2026-02-25,2026-02-25T14:00:00Z,14,T2,0.14496171474456787,0.0,0.6680317521095276,,
2026-02-25,2026-02-25T15:00:00Z,15,T2,0.08947499841451645,0.021666666492819786,1.6957436800003052,,
2026-02-25,2026-02-25T16:00:00Z,16,T2,0.0793003961443901,0.03502880409359932,2.5445470809936523,,
2026-02-25,2026-02-25T17:00:00Z,17,T2,0.15001216530799866,0.12404896318912506,4.463956356048584,,
2026-02-25,2026-02-25T18:00:00Z,18,T2,0.40549981594085693,0.4303605258464813,6.817006587982178,,
2026-02-25,2026-02-25T19:00:00Z,19,T2,0.5144136548042297,0.5295303463935852,7.261931896209717,,
2026-02-25,2026-02-25T20:00:00Z,20,T2,0.46944916248321533,0.5696472525596619,7.604069709777832,,
2026-02-25,2026-02-25T21:00:00Z,21,T2,0.47527849674224854,0.5811717510223389,7.649421215057373,,
2026-02-25,2026-02-25T22:00:00Z,22,T2,0.7771491408348083,0.4171900153160095,6.652375221252441,,
2026-02-25,2026-02-25T23:00:00Z,23,T2,0.6791345477104187,0.2554764747619629,5.736227035522461,,
2026-02-25,2026-02-26T00:00:00Z,24,T2,0.5704571008682251,0.3535756468772888,6.277434825897217,,
2026-02-25,2026-02-26T01:00:00Z,25,T2,0.604130208492279,0.45646071434020996,6.962002754211426,,
2026-02-25,2026-02-26T02:00:00Z,26,T2,0.30249321460723877,0.47094184160232544,7.020709991455078,,
2026-02-25,2026-02-26T03:00:00Z,27,T2,0.6727550029754639,0.41643190383911133,6.642899036407471,,
2026-02-25,2026-02-26T04:00:00Z,28,T2,0.2550361752510071,0.04420492798089981,2.7727339267730713,,
2026-02-25,2026-02-26T05:00:00Z,29,T2,0.4998905658721924,0.5705310106277466,7.619665145874023,,
2026-02-25,2026-02-26T06:00:00Z,30,T2,0.43728598952293396,0.47962790727615356,7.055923938751221,,
2026-02-25,2026-02-26T07:00:00Z,31,T2,0.3151857554912567,0.24128660559654236,5.584553241729736,,
2026-02-25,2026-02-26T08:00:00Z,32,T2,0.13987162709236145,0.239440456032753,5.523015022277832,,
2026-02-25,2026-02-26T09:00:00Z,33,T2,0.11738963425159454,0.11872874945402145,4.433842182159424,,
2026-02-25,2026-02-26T10:00:00Z,34,T2,0.18578442931175232,0.1223263069987297,4.454205513000488,,
2026-02-25,2026-02-26T11:00:00Z,35,T2,0.15895749628543854,0.09736759960651398,3.934190034866333,,
2026-02-25,2026-02-26T12:00:00Z,36,T2,0.25774574279785156,0.4468843638896942,6.923179626464844,,
2026-02-25,2026-02-26T13:00:00Z,37,T2,0.2664702236652374,0.6833388209342957,8.075164794921875,,
2026-02-25,2026-02-26T14:00:00Z,38,T2,0.4581838846206665,0.6855074167251587,8.277222633361816,,
2026-02-25,2026-02-26T15:00:00Z,39,T2,0.4638240337371826,0.6811286211013794,8.008859634399414,,
2026-02-25,2026-02-26T16:00:00Z,40,T2,0.4478083550930023,0.4289415776729584,6.799269676208496,,
2026-02-25,2026-02-26T17:00:00Z,41,T2,0.40338701009750366,0.6857744455337524,8.357324600219727,,
2026-02-25,2026-02-26T18:00:00Z,42,T2,0.6047739386558533,0.7235291004180908,8.816170692443848,,
2026-02-25,2026-02-26T19:00:00Z,43,T2,0.6403223872184753,0.8353542685508728,9.338665962219238,,
2026-02-25,2026-02-26T20:00:00Z,44,T2,0.6212416291236877,0.8419720530509949,9.372315406799316,,
2026-02-25,2026-02-26T21:00:00Z,45,T2,0.6477671265602112,0.6339842081069946,7.77417516708374,,
2026-02-25,2026-02-26T22:00:00Z,46,T2,0.5662302374839783,0.5367810130119324,7.292142868041992,,
2026-02-25,2026-02-26T23:00:00Z,47,T2,0.48502370715141296,0.4816194772720337,7.063997745513916,,
2026-02-25,2026-02-27T00:00:00Z,48,T2,0.3776189684867859,0.6022815704345703,7.699287414550781,,
2026-02-26,2026-02-26T01:00:00Z,1,STATION,0.5490907430648804,0.28810378909111023,5.951415061950684,,
2026-02-26,2026-02-26T02:00:00Z,2,STATION,0.5346537232398987,0.24630354344844818,5.489680290222168,,
2026-02-26,2026-02-26T03:00:00Z,3,STATION,0.38310763239860535,0.19755201041698456,5.066788196563721,,
2026-02-26,2026-02-26T04:00:00Z,4,STATION,0.17862357199192047,0.10018592327833176,3.896841287612915,,
2026-02-26,2026-02-26T05:00:00Z,5,STATION,0.2146567404270172,0.02645013853907585,2.1776955127716064,,
2026-02-26,2026-02-26T06:00:00Z,6,STATION,0.492500901222229,0.8471654057502747,9.357736587524414,,
2026-02-26,2026-02-26T07:00:00Z,7,STATION,0.46686801314353943,0.5360318422317505,7.265458106994629,,
2026-02-26,2026-02-26T08:00:00Z,8,STATION,0.23942400515079498,0.08337512612342834,3.625659942626953,,
2026-02-26,2026-02-26T09:00:00Z,9,STATION,0.1871819943189621,0.12793520092964172,4.4617438316345215,,
2026-02-26,2026-02-26T10:00:00Z,10,STATION,0.17725947499275208,0.24458077549934387,5.3749847412109375,,
2026-02-26,2026-02-26T11:00:00Z,11,STATION,0.24739502370357513,0.28986304998397827,5.975405216217041,,
2026-02-26,2026-02-26T12:00:00Z,12,STATION,0.42356953024864197,0.684036910533905,8.118513107299805,,
2026-02-26,2026-02-26T13:00:00Z,13,STATION,0.5654504299163818,0.6822860240936279,8.030966758728027,,
2026-02-26,2026-02-26T14:00:00Z,14,STATION,0.5270107984542847,0.5310813188552856,7.242432594299316,,
2026-02-26,2026-02-26T15:00:00Z,15,STATION,0.5507773756980896,0.6213000416755676,7.718603610992432,,
2026-02-26,2026-02-26T16:00:00Z,16,STATION,0.5749382972717285,0.6913323998451233,8.419587135314941,,
2026-02-26,2026-02-26T17:00:00Z,17,STATION,0.60602205991745,0.722144603729248,8.830423355102539,,
2026-02-26,2026-02-26T18:00:00Z,18,STATION,0.658833920955658,0.7002455592155457,8.49185562133789,,
2026-02-26,2026-02-26T19:00:00Z,19,STATION,0.5959154963493347,0.8188773989677429,9.207534790039062,,
2026-02-26,2026-02-26T20:00:00Z,20,STATION,0.5647662281990051,0.6810005903244019,7.966697692871094,,
2026-02-26,2026-02-26T21:00:00Z,21,STATION,0.5632445812225342,0.6843825578689575,8.157379150390625,,
2026-02-26,2026-02-26T22:00:00Z,22,STATION,0.5759907364845276,0.6792311668395996,7.878225326538086,,
2026-02-26,2026-02-26T23:00:00Z,23,STATION,0.4279862642288208,0.4924987256526947,7.071661472320557,,
2026-02-26,2026-02-27T00:00:00Z,24,STATION,0.3121327757835388,0.24657699465751648,5.507910251617432,,
2026-02-26,2026-02-27T01:00:00Z,25,STATION,0.31125181913375854,0.44987666606903076,6.901173114776611,,
2026-02-26,2026-02-27T02:00:00Z,26,STATION,0.27149498462677,0.4679299592971802,6.973386764526367,,
2026-02-26,2026-02-27T03:00:00Z,27,STATION,0.36111387610435486,0.42763155698776245,6.670194149017334,,
2026-02-26,2026-02-27T04:00:00Z,28,STATION,0.2823975682258606,0.2495693564414978,5.634044170379639,,
2026-02-26,2026-02-27T05:00:00Z,29,STATION,0.1656924933195114,0.19198548793792725,5.001299858093262,,
2026-02-26,2026-02-27T06:00:00Z,30,STATION,0.14920030534267426,0.11174218356609344,4.215884685516357,,
2026-02-26,2026-02-27T07:00:00Z,31,STATION,0.1734730452299118,0.22016409039497375,5.229935169219971,,
2026-02-26,2026-02-27T08:00:00Z,32,STATION,0.24495188891887665,0.26806408166885376,5.769371509552002,,
2026-02-26,2026-02-27T09:00:00Z,33,STATION,0.29567012190818787,0.2990624010562897,6.100851058959961,,
2026-02-26,2026-02-27T10:00:00Z,34,STATION,0.2979109287261963,0.4931402802467346,7.074227809906006,,
2026-02-26,2026-02-27T11:00:00Z,35,STATION,0.3305701017379761,0.6819590330123901,8.014617919921875,,
2026-02-26,2026-02-27T12:00:00Z,36,STATION,0.5019993185997009,0.6816222071647644,7.997776985168457,,
2026-02-26,2026-02-27T13:00:00Z,37,STATION,0.40398210287094116,0.6847010850906372,8.205163955688477,,
2026-02-26,2026-02-27T14:00:00Z,38,STATION,0.466478168964386,0.679938018321991,7.913568496704102,,
2026-02-26,2026-02-27T15:00:00Z,39,STATION,0.46263253688812256,0.5336850881576538,7.254542827606201,,
2026-02-26,2026-02-27T16:00:00Z,40,STATION,0.6021327376365662,0.5305280089378357,7.239859104156494,,
2026-02-26,2026-02-27T17:00:00Z,41,STATION,0.5668930411338806,0.5044586062431335,7.119501113891602,,
2026-02-26,2026-02-27T18:00:00Z,42,STATION,0.484853595495224,0.3159877061843872,6.165592193603516,,
2026-02-26,2026-02-27T19:00:00Z,43,STATION,0.4123866558074951,0.3467152714729309,6.247898101806641,,
2026-02-26,2026-02-27T20:00:00Z,44,STATION,0.49864068627357483,0.23974616825580597,5.346264362335205,,
2026-02-26,2026-02-27T21:00:00Z,45,STATION,0.5123549699783325,0.27109047770500183,5.791515827178955,,
2026-02-26,2026-02-27T22:00:00Z,46,STATION,0.5069028735160828,0.32671692967414856,6.194331169128418,,
2026-02-26,2026-02-27T23:00:00Z,47,STATION,0.4881642162799835,0.4585109055042267,6.935710430145264,,
2026-02-26,2026-02-28T00:00:00Z,48,STATION,0.580487072467804,0.5381397008895874,7.275262355804443,,
2026-02-26,2026-02-26T01:00:00Z,1,T1,0.5410557389259338,0.29689937829971313,5.951415061950684,,
2026-02-26,2026-02-26T02:00:00Z,2,T1,0.538718044757843,0.2541666626930237,5.489680290222168,,
2026-02-26,2026-02-26T03:00:00Z,3,T1,0.381232351064682,0.2029002457857132,5.066788196563721,,
2026-02-26,2026-02-26T04:00:00Z,4,T1,0.19155625998973846,0.10449820011854172,3.896841287612915,,
2026-02-26,2026-02-26T05:00:00Z,5,T1,0.24266768991947174,0.027459122240543365,2.1776955127716064,,
2026-02-26,2026-02-26T06:00:00Z,6,T1,0.5340973138809204,0.8552259206771851,9.357736587524414,,
2026-02-26,2026-02-26T07:00:00Z,7,T1,0.45043399930000305,0.5416870713233948,7.265458106994629,,
2026-02-26,2026-02-26T08:00:00Z,8,T1,0.2198687642812729,0.09003519266843796,3.625659942626953,,
2026-02-26,2026-02-26T09:00:00Z,9,T1,0.17722974717617035,0.1322123408317566,4.4617438316345215,,
2026-02-26,2026-02-26T10:00:00Z,10,T1,0.1972517967224121,0.25416386127471924,5.3749847412109375,,
2026-02-26,2026-02-26T11:00:00Z,11,T1,0.24077387154102325,0.2980189025402069,5.975405216217041,,
2026-02-26,2026-02-26T12:00:00Z,12,T1,0.4303942322731018,0.6832900643348694,8.118513107299805,,
2026-02-26,2026-02-26T13:00:00Z,13,T1,0.5733059048652649,0.6827064156532288,8.030966758728027,,
2026-02-26,2026-02-26T14:00:00Z,14,T1,0.5631683468818665,0.5373122096061707,7.242432594299316,,
2026-02-26,2026-02-26T15:00:00Z,15,T1,0.591533899307251,0.6321411728858948,7.718603610992432,,
2026-02-26,2026-02-26T16:00:00Z,16,T1,0.5787897706031799,0.691926896572113,8.419587135314941,,
2026-02-26,2026-02-26T17:00:00Z,17,T1,0.610901415348053,0.7200000286102295,8.830423355102539,,
2026-02-26,2026-02-26T18:00:00Z,18,T1,0.6928271651268005,0.7018036246299744,8.49185562133789,,
2026-02-26,2026-02-26T19:00:00Z,19,T1,0.5817909836769104,0.8281896114349365,9.207534790039062,,
2026-02-26,2026-02-26T20:00:00Z,20,T1,0.5652864575386047,0.6822779774665833,7.966697692871094,,
2026-02-26,2026-02-26T21:00:00Z,21,T1,0.5369029641151428,0.6836571097373962,8.157379150390625,,
2026-02-26,2026-02-26T22:00:00Z,22,T1,0.570789635181427,0.6816881895065308,7.878225326538086,,
2026-02-26,2026-02-26T23:00:00Z,23,T1,0.43473079800605774,0.5014876127243042,7.071661472320557,,
2026-02-26,2026-02-27T00:00:00Z,24,T1,0.3483745753765106,0.2541666626930237,5.507910251617432,,
2026-02-26,2026-02-27T01:00:00Z,25,T1,0.3103805482387543,0.4582972526550293,6.901173114776611,,
2026-02-26,2026-02-27T02:00:00Z,26,T1,0.280116468667984,0.4765912592411041,6.973386764526367,,
2026-02-26,2026-02-27T03:00:00Z,27,T1,0.3587160110473633,0.43664756417274475,6.670194149017334,,
2026-02-26,2026-02-27T04:00:00Z,28,T1,0.30492350459098816,0.2555835545063019,5.634044170379639,,
2026-02-26,2026-02-27T05:00:00Z,29,T1,0.17137296497821808,0.1967879831790924,5.001299858093262,,
2026-02-26,2026-02-27T06:00:00Z,30,T1,0.14592012763023376,0.11727256327867508,4.215884685516357,,
2026-02-26,2026-02-27T07:00:00Z,31,T1,0.17663408815860748,0.22757145762443542,5.229935169219971,,
2026-02-26,2026-02-27T08:00:00Z,32,T1,0.25230148434638977,0.27678483724594116,5.769371509552002,,
2026-02-26,2026-02-27T09:00:00Z,33,T1,0.28854793310165405,0.3038730323314667,6.100851058959961,,
2026-02-26,2026-02-27T10:00:00Z,34,T1,0.3121201992034912,0.5021377205848694,7.074227809906006,,
2026-02-26,2026-02-27T11:00:00Z,35,T1,0.29949620366096497,0.6825974583625793,8.014617919921875,,
2026-02-26,2026-02-27T12:00:00Z,36,T1,0.4685497581958771,0.6824851632118225,7.997776985168457,,
2026-02-26,2026-02-27T13:00:00Z,37,T1,0.45661941170692444,0.6841349601745605,8.205163955688477,,
2026-02-26,2026-02-27T14:00:00Z,38,T1,0.5067436695098877,0.6819238066673279,7.913568496704102,,
2026-02-26,2026-02-27T15:00:00Z,39,T1,0.48811450600624084,0.5396131873130798,7.254542827606201,,
2026-02-26,2026-02-27T16:00:00Z,40,T1,0.6035027503967285,0.5368232131004333,7.239859104156494,,
2026-02-26,2026-02-27T17:00:00Z,41,T1,0.5688870549201965,0.5136069655418396,7.119501113891602,,
2026-02-26,2026-02-27T18:00:00Z,42,T1,0.44005244970321655,0.3201543986797333,6.165592193603516,,
2026-02-26,2026-02-27T19:00:00Z,43,T1,0.38099750876426697,0.3508819341659546,6.247898101806641,,
2026-02-26,2026-02-27T20:00:00Z,44,T1,0.4866316318511963,0.2488984763622284,5.346264362335205,,
2026-02-26,2026-02-27T21:00:00Z,45,T1,0.5452984571456909,0.2802541255950928,5.791515827178955,,
2026-02-26,2026-02-27T22:00:00Z,46,T1,0.4923191964626312,0.33088359236717224,6.194331169128418,,
2026-02-26,2026-02-27T23:00:00Z,47,T1,0.4714335799217224,0.4670466184616089,6.935710430145264,,
2026-02-26,2026-02-28T00:00:00Z,48,T1,0.570760190486908,0.5435497760772705,7.275262355804443,,
2026-02-26,2026-02-26T01:00:00Z,1,T2,0.5571256875991821,0.2793081998825073,5.951415061950684,,
2026-02-26,2026-02-26T02:00:00Z,2,T2,0.5305894613265991,0.2384404093027115,5.489680290222168,,
2026-02-26,2026-02-26T03:00:00Z,3,T2,0.3849828839302063,0.19220377504825592,5.066788196563721,,
2026-02-26,2026-02-26T04:00:00Z,4,T2,0.16569089889526367,0.09587365388870239,3.896841287612915,,
2026-02-26,2026-02-26T05:00:00Z,5,T2,0.18664579093456268,0.025441152974963188,2.1776955127716064,,
2026-02-26,2026-02-26T06:00:00Z,6,T2,0.45090451836586,0.8391048312187195,9.357736587524414,,
2026-02-26,2026-02-26T07:00:00Z,7,T2,0.4833020269870758,0.5303766131401062,7.265458106994629,,
2026-02-26,2026-02-26T08:00:00Z,8,T2,0.25897926092147827,0.07671505957841873,3.625659942626953,,
2026-02-26,2026-02-26T09:00:00Z,9,T2,0.19713424146175385,0.12365806102752686,4.4617438316345215,,
2026-02-26,2026-02-26T10:00:00Z,10,T2,0.15726715326309204,0.23499765992164612,5.3749847412109375,,
2026-02-26,2026-02-26T11:00:00Z,11,T2,0.2540161609649658,0.28170719742774963,5.975405216217041,,
2026-02-26,2026-02-26T12:00:00Z,12,T2,0.41674482822418213,0.6847837567329407,8.118513107299805,,
2026-02-26,2026-02-26T13:00:00Z,13,T2,0.5575950145721436,0.6818655729293823,8.030966758728027,,
2026-02-26,2026-02-26T14:00:00Z,14,T2,0.4908531606197357,0.5248504877090454,7.242432594299316,,
2026-02-26,2026-02-26T15:00:00Z,15,T2,0.5100208520889282,0.6104588508605957,7.718603610992432,,
2026-02-26,2026-02-26T16:00:00Z,16,T2,0.5710868239402771,0.6907379031181335,8.419587135314941,,
2026-02-26,2026-02-26T17:00:00Z,17,T2,0.6011427044868469,0.7242892384529114,8.830423355102539,,
2026-02-26,2026-02-26T18:00:00Z,18,T2,0.6248406171798706,0.6986874341964722,8.49185562133789,,
2026-02-26,2026-02-26T19:00:00Z,19,T2,0.6100399494171143,0.8095651865005493,9.207534790039062,,
2026-02-26,2026-02-26T20:00:00Z,20,T2,0.5642459392547607,0.6797232627868652,7.966697692871094,,
2026-02-26,2026-02-26T21:00:00Z,21,T2,0.5895861387252808,0.685107946395874,8.157379150390625,,
2026-02-26,2026-02-26T22:00:00Z,22,T2,0.5811918377876282,0.6767742037773132,7.878225326538086,,
2026-02-26,2026-02-26T23:00:00Z,23,T2,0.42124173045158386,0.4835098385810852,7.071661472320557,,
2026-02-26,2026-02-27T00:00:00Z,24,T2,0.27589094638824463,0.23898731172084808,5.507910251617432,,
2026-02-26,2026-02-27T01:00:00Z,25,T2,0.3121230900287628,0.4414560794830322,6.901173114776611,,
2026-02-26,2026-02-27T02:00:00Z,26,T2,0.26287347078323364,0.4592686891555786,6.973386764526367,,
2026-02-26,2026-02-27T03:00:00Z,27,T2,0.36351174116134644,0.41861554980278015,6.670194149017334,,
2026-02-26,2026-02-27T04:00:00Z,28,T2,0.2598716616630554,0.24355512857437134,5.634044170379639,,
2026-02-26,2026-02-27T05:00:00Z,29,T2,0.16001203656196594,0.18718299269676208,5.001299858093262,,
2026-02-26,2026-02-27T06:00:00Z,30,T2,0.15248048305511475,0.10621179640293121,4.215884685516357,,
2026-02-26,2026-02-27T07:00:00Z,31,T2,0.17031201720237732,0.21275672316551208,5.229935169219971,,
2026-02-26,2026-02-27T08:00:00Z,32,T2,0.23760229349136353,0.25934332609176636,5.769371509552002,,
2026-02-26,2026-02-27T09:00:00Z,33,T2,0.30279234051704407,0.29425176978111267,6.100851058959961,,
2026-02-26,2026-02-27T10:00:00Z,34,T2,0.28370165824890137,0.48414283990859985,7.074227809906006,,
2026-02-26,2026-02-27T11:00:00Z,35,T2,0.3616439998149872,0.6813206076622009,8.014617919921875,,
2026-02-26,2026-02-27T12:00:00Z,36,T2,0.5354489684104919,0.6807592511177063,7.997776985168457,,
2026-02-26,2026-02-27T13:00:00Z,37,T2,0.3513447940349579,0.6852672100067139,8.205163955688477,,
2026-02-26,2026-02-27T14:00:00Z,38,T2,0.42621269822120667,0.6779522895812988,7.913568496704102,,
2026-02-26,2026-02-27T15:00:00Z,39,T2,0.43715059757232666,0.5277569890022278,7.254542827606201,,
2026-02-26,2026-02-27T16:00:00Z,40,T2,0.6007627844810486,0.524232804775238,7.239859104156494,,
2026-02-26,2026-02-27T17:00:00Z,41,T2,0.5648990273475647,0.4953102767467499,7.119501113891602,,
2026-02-26,2026-02-27T18:00:00Z,42,T2,0.5296547412872314,0.3118210434913635,6.165592193603516,,
2026-02-26,2026-02-27T19:00:00Z,43,T2,0.44377583265304565,0.3425486087799072,6.247898101806641,,
2026-02-26,2026-02-27T20:00:00Z,44,T2,0.5106497406959534,0.23059387505054474,5.346264362335205,,
2026-02-26,2026-02-27T21:00:00Z,45,T2,0.47941142320632935,0.2619268298149109,5.791515827178955,,
2026-02-26,2026-02-27T22:00:00Z,46,T2,0.5214865803718567,0.3225502669811249,6.194331169128418,,
2026-02-26,2026-02-27T23:00:00Z,47,T2,0.5048949122428894,0.4499751925468445,6.935710430145264,,
2026-02-26,2026-02-28T00:00:00Z,48,T2,0.5902138948440552,0.5327295660972595,7.275262355804443,,
2026-02-27,2026-02-27T01:00:00Z,1,STATION,0.24699433147907257,0.24567754566669464,5.447947978973389,,
2026-02-27,2026-02-27T02:00:00Z,2,STATION,0.21277567744255066,0.24582435190677643,5.45773458480835,,
2026-02-27,2026-02-27T03:00:00Z,3,STATION,0.23836784064769745,0.2124166637659073,5.183910846710205,,
2026-02-27,2026-02-27T04:00:00Z,4,STATION,0.17518284916877747,0.14118239283561707,4.540440082550049,,
2026-02-27,2026-02-27T05:00:00Z,5,STATION,0.154133602976799,0.1493213027715683,4.588789939880371,,
2026-02-27,2026-02-27T06:00:00Z,6,STATION,0.1717628836631775,0.16076412796974182,4.6767497062683105,,
2026-02-27,2026-02-27T07:00:00Z,7,STATION,0.1881212443113327,0.11187160760164261,4.228827476501465,,
2026-02-27,2026-02-27T08:00:00Z,8,STATION,0.22032374143600464,0.1728958934545517,4.794153690338135,,
2026-02-27,2026-02-27T09:00:00Z,9,STATION,0.2976674735546112,0.2845396399497986,5.90281343460083,,
2026-02-27,2026-02-27T10:00:00Z,10,STATION,0.40247049927711487,0.3880421817302704,6.358595371246338,,
2026-02-27,2026-02-27T11:00:00Z,11,STATION,0.3507247269153595,0.4327339231967926,6.736746788024902,,
2026-02-27,2026-02-27T12:00:00Z,12,STATION,0.24271458387374878,0.29246678948402405,6.010910987854004,,
2026-02-27,2026-02-27T13:00:00Z,13,STATION,0.2703773081302643,0.43464168906211853,6.761630535125732,,
2026-02-27,2026-02-27T14:00:00Z,14,STATION,0.367925763130188,0.3636454641819,6.293246746063232,,
2026-02-27,2026-02-27T15:00:00Z,15,STATION,0.39911073446273804,0.5506493449211121,7.333446502685547,,
2026-02-27,2026-02-27T16:00:00Z,16,STATION,0.6370996832847595,0.5388182997703552,7.27841854095459,,
2026-02-27,2026-02-27T17:00:00Z,17,STATION,0.5100111365318298,0.44026634097099304,6.834995746612549,,
2026-02-27,2026-02-27T18:00:00Z,18,STATION,0.4406721889972687,0.40566691756248474,6.470835208892822,,
2026-02-27,2026-02-27T19:00:00Z,19,STATION,0.4300445020198822,0.3376268744468689,6.2235541343688965,,
2026-02-27,2026-02-27T20:00:00Z,20,STATION,0.5572517514228821,0.4280659556388855,6.675860404968262,,
2026-02-27,2026-02-27T21:00:00Z,21,STATION,0.47433727979660034,0.33807820081710815,6.224762916564941,,
2026-02-27,2026-02-27T22:00:00Z,22,STATION,0.5466606616973877,0.47299519181251526,6.993647575378418,,
2026-02-27,2026-02-27T23:00:00Z,23,STATION,0.5582071542739868,0.4991254508495331,7.09816837310791,,
2026-02-27,2026-02-28T00:00:00Z,24,STATION,0.5745843648910522,0.5738563537597656,7.506750583648682,,
2026-02-27,2026-02-28T01:00:00Z,25,STATION,0.5401697754859924,0.5168280601501465,7.176138401031494,,
2026-02-27,2026-02-28T02:00:00Z,26,STATION,0.46984541416168213,0.5680521726608276,7.453174114227295,,
2026-02-27,2026-02-28T03:00:00Z,27,STATION,0.5089930891990662,0.529325008392334,7.2342634201049805,,
2026-02-27,2026-02-28T04:00:00Z,28,STATION,0.5444467067718506,0.5305389761924744,7.239910125732422,,
2026-02-27,2026-02-28T05:00:00Z,29,STATION,0.4519954323768616,0.5189107656478882,7.185825347900391,,
2026-02-27,2026-02-28T06:00:00Z,30,STATION,0.5107603073120117,0.682190477848053,8.026189804077148,,
2026-02-27,2026-02-28T07:00:00Z,31,STATION,0.4089435338973999,0.664060652256012,7.834173202514648,,
2026-02-27,2026-02-28T08:00:00Z,32,STATION,0.3901304602622986,0.6345757246017456,7.754484176635742,,
2026-02-27,2026-02-28T09:00:00Z,33,STATION,0.4558619558811188,0.6289478540420532,7.739273548126221,,
2026-02-27,2026-02-28T10:00:00Z,34,STATION,0.4522072970867157,0.5510918498039246,7.33550500869751,,
2026-02-27,2026-02-28T11:00:00Z,35,STATION,0.5974639058113098,0.5098411440849304,7.143640995025635,,
2026-02-27,2026-02-28T12:00:00Z,36,STATION,0.6323454976081848,0.35033318400382996,6.257588863372803,,
2026-02-27,2026-02-28T13:00:00Z,37,STATION,0.49220752716064453,0.29092538356781006,5.989891529083252,,
2026-02-27,2026-02-28T14:00:00Z,38,STATION,0.48585715889930725,0.25578171014785767,5.679500102996826,,
2026-02-27,2026-02-28T15:00:00Z,39,STATION,0.28352370858192444,0.15779753029346466,4.648040771484375,,
2026-02-27,2026-02-28T16:00:00Z,40,STATION,0.2286190539598465,0.11315769702196121,4.357436180114746,,
2026-02-27,2026-02-28T17:00:00Z,41,STATION,0.18429423868656158,0.10331230610609055,3.9638350009918213,,
2026-02-27,2026-02-28T18:00:00Z,42,STATION,0.15996398031711578,0.09960485249757767,3.884389638900757,,
2026-02-27,2026-02-28T19:00:00Z,43,STATION,0.21706564724445343,0.08584915101528168,3.6647233963012695,,
2026-02-27,2026-02-28T20:00:00Z,44,STATION,0.1804695725440979,0.06141674518585205,3.3425023555755615,,
2026-02-27,2026-02-28T21:00:00Z,45,STATION,0.16206130385398865,0.035696741193532944,2.434720754623413,,
2026-02-27,2026-02-28T22:00:00Z,46,STATION,0.15449325740337372,0.036429256200790405,2.4975078105926514,,
2026-02-27,2026-02-28T23:00:00Z,47,STATION,0.06718789786100388,0.031119832769036293,2.2854576110839844,,
2026-02-27,2026-03-01T00:00:00Z,48,STATION,0.11327581107616425,0.03509343042969704,2.3830084800720215,,
2026-02-27,2026-02-27T01:00:00Z,1,T1,0.29169994592666626,0.2541666626930237,5.447947978973389,,
2026-02-27,2026-02-27T02:00:00Z,2,T1,0.2660023272037506,0.2541666626930237,5.45773458480835,,
2026-02-27,2026-02-27T03:00:00Z,3,T1,0.2552783787250519,0.219133660197258,5.183910846710205,,
2026-02-27,2026-02-27T04:00:00Z,4,T1,0.176430344581604,0.1448037326335907,4.540440082550049,,
2026-02-27,2026-02-27T05:00:00Z,5,T1,0.15501052141189575,0.1525397151708603,4.588789939880371,,
2026-02-27,2026-02-27T06:00:00Z,6,T1,0.1755639612674713,0.16385330259799957,4.6767497062683105,,
2026-02-27,2026-02-27T07:00:00Z,7,T1,0.20247074961662292,0.11735884845256805,4.228827476501465,,
2026-02-27,2026-02-27T08:00:00Z,8,T1,0.20874467492103577,0.17637640237808228,4.794153690338135,,
2026-02-27,2026-02-27T09:00:00Z,9,T1,0.3046301305294037,0.29463130235671997,5.90281343460083,,
2026-02-27,2026-02-27T10:00:00Z,10,T1,0.39477360248565674,0.39220884442329407,6.358595371246338,,
2026-02-27,2026-02-27T11:00:00Z,11,T1,0.33462685346603394,0.4415280818939209,6.736746788024902,,
2026-02-27,2026-02-27T12:00:00Z,12,T1,0.19566012918949127,0.2996758222579956,6.010910987854004,,
2026-02-27,2026-02-27T13:00:00Z,13,T1,0.2496303766965866,0.44335293769836426,6.761630535125732,,
2026-02-27,2026-02-27T14:00:00Z,14,T1,0.34367823600769043,0.3678121268749237,6.293246746063232,,
2026-02-27,2026-02-27T15:00:00Z,15,T1,0.3751475512981415,0.5546048283576965,7.333446502685547,,
2026-02-27,2026-02-27T16:00:00Z,16,T1,0.6167538166046143,0.5441495180130005,7.27841854095459,,
2026-02-27,2026-02-27T17:00:00Z,17,T1,0.457979679107666,0.44873300194740295,6.834995746612549,,
2026-02-27,2026-02-27T18:00:00Z,18,T1,0.4146954119205475,0.41175028681755066,6.470835208892822,,
2026-02-27,2026-02-27T19:00:00Z,19,T1,0.38516438007354736,0.3417935371398926,6.2235541343688965,,
2026-02-27,2026-02-27T20:00:00Z,20,T1,0.5305157899856567,0.4370630979537964,6.675860404968262,,
2026-02-27,2026-02-27T21:00:00Z,21,T1,0.4072876572608948,0.34224486351013184,6.224762916564941,,
2026-02-27,2026-02-27T22:00:00Z,22,T1,0.5252916216850281,0.4817240238189697,6.993647575378418,,
2026-02-27,2026-02-27T23:00:00Z,23,T1,0.5606371164321899,0.5082026720046997,7.09816837310791,,
2026-02-27,2026-02-28T00:00:00Z,24,T1,0.5875305533409119,0.5835801362991333,7.506750583648682,,
2026-02-27,2026-02-28T01:00:00Z,25,T1,0.5395990610122681,0.5247162580490112,7.176138401031494,,
2026-02-27,2026-02-28T02:00:00Z,26,T1,0.470761239528656,0.5750078558921814,7.453174114227295,,
2026-02-27,2026-02-28T03:00:00Z,27,T1,0.5516675114631653,0.5357601046562195,7.2342634201049805,,
2026-02-27,2026-02-28T04:00:00Z,28,T1,0.6429185271263123,0.5368329286575317,7.239910125732422,,
2026-02-27,2026-02-28T05:00:00Z,29,T1,0.5020002126693726,0.5265567898750305,7.185825347900391,,
2026-02-27,2026-02-28T06:00:00Z,30,T1,0.5247125029563904,0.6826745867729187,8.026189804077148,,
2026-02-27,2026-02-28T07:00:00Z,31,T1,0.434614896774292,0.6687381267547607,7.834173202514648,,
2026-02-27,2026-02-28T08:00:00Z,32,T1,0.42059561610221863,0.6435032486915588,7.754484176635742,,
2026-02-27,2026-02-28T09:00:00Z,33,T1,0.5048215985298157,0.6386865973472595,7.739273548126221,,
2026-02-27,2026-02-28T10:00:00Z,34,T1,0.4717198610305786,0.5549958944320679,7.33550500869751,,
2026-02-27,2026-02-28T11:00:00Z,35,T1,0.6586384773254395,0.5185417532920837,7.143640995025635,,
2026-02-27,2026-02-28T12:00:00Z,36,T1,0.6713059544563293,0.35449984669685364,6.257588863372803,,
2026-02-27,2026-02-28T13:00:00Z,37,T1,0.5240951180458069,0.2986949384212494,5.989891529083252,,
2026-02-27,2026-02-28T14:00:00Z,38,T1,0.5015433430671692,0.2627050578594208,5.679500102996826,,
2026-02-27,2026-02-28T15:00:00Z,39,T1,0.3084719181060791,0.16079100966453552,4.648040771484375,,
2026-02-27,2026-02-28T16:00:00Z,40,T1,0.2237796187400818,0.11821623891592026,4.357436180114746,,
2026-02-27,2026-02-28T17:00:00Z,41,T1,0.19349811971187592,0.1080712080001831,3.9638350009918213,,
2026-02-27,2026-02-28T18:00:00Z,42,T1,0.1594020277261734,0.1038341149687767,3.884389638900757,,
2026-02-27,2026-02-28T19:00:00Z,43,T1,0.20202048122882843,0.09211858361959457,3.6647233963012695,,
2026-02-27,2026-02-28T20:00:00Z,44,T1,0.17179499566555023,0.06536675989627838,3.3425023555755615,,
2026-02-27,2026-02-28T21:00:00Z,45,T1,0.16394394636154175,0.03746294602751732,2.434720754623413,,
2026-02-27,2026-02-28T22:00:00Z,46,T1,0.14838728308677673,0.038300104439258575,2.4975078105926514,,
2026-02-27,2026-02-28T23:00:00Z,47,T1,0.05539828911423683,0.03248802572488785,2.2854576110839844,,
2026-02-27,2026-03-01T00:00:00Z,48,T1,0.12315796315670013,0.0367734469473362,2.3830084800720215,,
2026-02-27,2026-02-27T01:00:00Z,1,T2,0.20228871703147888,0.2371884286403656,5.447947978973389,,
2026-02-27,2026-02-27T02:00:00Z,2,T2,0.15954901278018951,0.23748204112052917,5.45773458480835,,
2026-02-27,2026-02-27T03:00:00Z,3,T2,0.22145730257034302,0.20569966733455658,5.183910846710205,,
2026-02-27,2026-02-27T04:00:00Z,4,T2,0.17393535375595093,0.13756106793880463,4.540440082550049,,
2026-02-27,2026-02-27T05:00:00Z,5,T2,0.15325669944286346,0.1461028754711151,4.588789939880371,,
2026-02-27,2026-02-27T06:00:00Z,6,T2,0.16796182096004486,0.15767496824264526,4.6767497062683105,,
2026-02-27,2026-02-27T07:00:00Z,7,T2,0.17377175390720367,0.10638436675071716,4.228827476501465,,
2026-02-27,2026-02-27T08:00:00Z,8,T2,0.2319028228521347,0.16941538453102112,4.794153690338135,,
2026-02-27,2026-02-27T09:00:00Z,9,T2,0.2907048165798187,0.2744480073451996,5.90281343460083,,
2026-02-27,2026-02-27T10:00:00Z,10,T2,0.410167396068573,0.3838755190372467,6.358595371246338,,
2026-02-27,2026-02-27T11:00:00Z,11,T2,0.36682260036468506,0.4239397346973419,6.736746788024902,,
2026-02-27,2026-02-27T12:00:00Z,12,T2,0.2897690236568451,0.2852577567100525,6.010910987854004,,
2026-02-27,2026-02-27T13:00:00Z,13,T2,0.29112422466278076,0.4259304702281952,6.761630535125732,,
2026-02-27,2026-02-27T14:00:00Z,14,T2,0.39217329025268555,0.35947877168655396,6.293246746063232,,
2026-02-27,2026-02-27T15:00:00Z,15,T2,0.423073947429657,0.5466938018798828,7.333446502685547,,
2026-02-27,2026-02-27T16:00:00Z,16,T2,0.65744549036026,0.5334871411323547,7.27841854095459,,
2026-02-27,2026-02-27T17:00:00Z,17,T2,0.5620426535606384,0.43179965019226074,6.834995746612549,,
2026-02-27,2026-02-27T18:00:00Z,18,T2,0.46664896607398987,0.39958351850509644,6.470835208892822,,
2026-02-27,2026-02-27T19:00:00Z,19,T2,0.47492459416389465,0.3334602117538452,6.2235541343688965,,
2026-02-27,2026-02-27T20:00:00Z,20,T2,0.5839876532554626,0.4190688133239746,6.675860404968262,,
2026-02-27,2026-02-27T21:00:00Z,21,T2,0.5413869023323059,0.3339115381240845,6.224762916564941,,
2026-02-27,2026-02-27T22:00:00Z,22,T2,0.5680296421051025,0.4642663598060608,6.993647575378418,,
2026-02-27,2026-02-27T23:00:00Z,23,T2,0.5557771921157837,0.49004822969436646,7.09816837310791,,
2026-02-27,2026-02-28T00:00:00Z,24,T2,0.5616381764411926,0.564132571220398,7.506750583648682,,
2026-02-27,2026-02-28T01:00:00Z,25,T2,0.540740430355072,0.5089398622512817,7.176138401031494,,
2026-02-27,2026-02-28T02:00:00Z,26,T2,0.46892958879470825,0.5610965490341187,7.453174114227295,,
2026-02-27,2026-02-28T03:00:00Z,27,T2,0.4663185775279999,0.5228899121284485,7.2342634201049805,,
2026-02-27,2026-02-28T04:00:00Z,28,T2,0.4459748864173889,0.5242450833320618,7.239910125732422,,
2026-02-27,2026-02-28T05:00:00Z,29,T2,0.4019906520843506,0.5112647414207458,7.185825347900391,,
2026-02-27,2026-02-28T06:00:00Z,30,T2,0.49680808186531067,0.6817063093185425,8.026189804077148,,
2026-02-27,2026-02-28T07:00:00Z,31,T2,0.3832721412181854,0.659383237361908,7.834173202514648,,
2026-02-27,2026-02-28T08:00:00Z,32,T2,0.35966527462005615,0.6256482005119324,7.754484176635742,,
2026-02-27,2026-02-28T09:00:00Z,33,T2,0.4069022834300995,0.6192091107368469,7.739273548126221,,
2026-02-27,2026-02-28T10:00:00Z,34,T2,0.43269476294517517,0.5471878051757812,7.33550500869751,,
2026-02-27,2026-02-28T11:00:00Z,35,T2,0.5362893342971802,0.5011404752731323,7.143640995025635,,
2026-02-27,2026-02-28T12:00:00Z,36,T2,0.5933851003646851,0.3461665213108063,6.257588863372803,,
2026-02-27,2026-02-28T13:00:00Z,37,T2,0.46031996607780457,0.2831558287143707,5.989891529083252,,
2026-02-27,2026-02-28T14:00:00Z,38,T2,0.4701709747314453,0.24885836243629456,5.679500102996826,,
2026-02-27,2026-02-28T15:00:00Z,39,T2,0.25857552886009216,0.154804065823555,4.648040771484375,,
2026-02-27,2026-02-28T16:00:00Z,40,T2,0.2334585040807724,0.10809914767742157,4.357436180114746,,
2026-02-27,2026-02-28T17:00:00Z,41,T2,0.17509037256240845,0.09855340421199799,3.9638350009918213,,
2026-02-27,2026-02-28T18:00:00Z,42,T2,0.16052591800689697,0.09537558257579803,3.884389638900757,,
2026-02-27,2026-02-28T19:00:00Z,43,T2,0.23211081326007843,0.07957971841096878,3.6647233963012695,,
2026-02-27,2026-02-28T20:00:00Z,44,T2,0.18914414942264557,0.05746673047542572,3.3425023555755615,,
2026-02-27,2026-02-28T21:00:00Z,45,T2,0.16017867624759674,0.03393054008483887,2.434720754623413,,
2026-02-27,2026-02-28T22:00:00Z,46,T2,0.1605992168188095,0.034558411687612534,2.4975078105926514,,
2026-02-27,2026-02-28T23:00:00Z,47,T2,0.07897750288248062,0.029751641675829887,2.2854576110839844,,
2026-02-27,2026-03-01T00:00:00Z,48,T2,0.10339365899562836,0.033413417637348175,2.3830084800720215,,
